X1,X2,X3,X4,X5,X6,X7,X8,U,time
0.04967141530112327,-0.013826430117118467,0.06476885381006925,0.15230298564080255,-0.023415337472333597,-0.023413695694918055,0.15792128155073915,0.07674347291529088,-0.04694743859349521,0
0.05425600435859647,-0.046341769281246226,-0.04657297535702569,0.02419622715660341,-0.1913280244657798,-0.1724917832513033,-0.05622875292409727,-0.10128311203344238,0.03142473325952739,1
-0.0908024075521211,-0.14123037013352915,0.14656487689215542,-0.02257763004865357,0.006752820468792384,-0.14247481862134567,-0.05443827245251827,0.01109225897098661,-0.11509935774223029,2
0.0375698018345672,-0.0600638689918805,-0.02916937497932768,-0.060170661222939695,0.18522781845089378,-0.0013497224737933921,-0.10577109289559004,0.08225449121031891,-0.12208436499710223,3
-0.13492686997060618,-0.20471782488177587,-0.17520622636284752,0.03210397741219317,0.07384665799954104,-0.008773055395906577,-0.012037231104651741,-0.08185863922178883,-0.14785219903674274,4
-0.08085090439936067,-0.09862574500483301,0.11259047777668511,0.047925830046495255,-0.1763040155362734,-0.022461358498208815,-0.041578797430198954,-0.04628352992116551,0.06116762888408679,5
0.09854526564714386,0.1269051552446254,-0.14789221915642392,-0.05362183947315173,0.033126343140356396,0.06820796816515516,-0.05577889925890209,-0.057287621756592695,-0.11063349740060283,6
-0.027964867487771564,0.036884916492492634,0.14158853827991913,0.0021914383006084153,0.10035328978920242,0.14284404556854327,-0.04063918660270813,0.08997084037715031,0.15380365664659693,7
0.0650101725232798,0.1989409270653764,-0.2713293295143616,0.04845853294487084,0.008704706823817123,-0.03477049248936952,0.05917149360254038,-0.20644540753440221,-0.021967188783751194,8
0.0879308710547797,0.06639060561984314,-0.046419698021244606,-0.10106208638915894,-0.05017570435845366,0.08949184213343753,0.02070543859468912,-0.03501166021773642,0.05132674331133561,9
0.0431388636256933,0.08293858964691554,-0.06552038677675968,-0.00812989824799086,-0.03921081531321577,-0.16379182343846052,0.06093417245316074,0.026284498200475067,0.000511345664246089,10
-0.07920709879115048,-0.16119319023806936,-0.011480946462122402,-0.041262668524619836,-0.0802277269221619,-0.04524793576830022,-0.016922052522007333,0.1947288135701674,0.017457781283183895,11
0.019663900380912896,-0.010888875515253442,-0.17487994904202844,0.013601155585898262,0.006023020994102644,0.2476460999076651,-0.03507287399701733,0.028939822293677732,-0.0034711769705243313,12
0.017382296224103116,0.061818296738893525,0.19287475933615975,0.10108591246799963,-0.09093874547947389,0.18697522066024583,-0.053508971311545306,0.13535165628337628,0.21904556258099786,13
-0.1445317822885307,0.0012326548405707308,-0.06370322589268265,-0.0395628495051966,-0.15506634310661327,-0.09970052628672538,-0.040789044141524455,0.015179394865335046,-0.09194242342338033,14
0.12525061462779777,-0.09743629700142852,-0.00730242950393635,0.061549947039179355,-0.12308643164339553,-0.025257546437822874,0.09581909122788894,-0.15428613840749214,0.018463385853230423,15
0.022383666676537867,0.07599155832655013,-0.17622754356200399,-0.1271296862131994,0.05219415656168977,0.025984848912939364,0.016209143781349654,0.010843955694450392,-0.06800247215784909,16
0.05315519360772973,-0.023561015738733065,0.019246986087426435,0.19092302517050144,0.04738329209117875,-0.06632448412953634,0.07475005798291175,-0.06992020589174633,0.07870846037424521,17
0.040866182015887,-0.07629413600894312,0.05196572212791179,0.00514514712151716,0.082206015999449,0.19109142828012587,-0.047752381045624764,-0.10650662147264228,-0.08895144296255234,18
0.05757924811172235,0.007879545696963116,0.15156219090114595,0.058981733589951346,0.08271832490360238,0.14733020205799655,0.21223540761377574,0.06874023750684105,0.2720169166589619,19
0.004128209524566592,-0.04024709837128447,-0.11836015912820144,0.053843158193453,-0.02234627853258509,0.027472475346809702,0.09888933317765328,-0.03692067139808145,-0.0846793718068405,20
-0.1758622843493751,-0.08015954294516255,0.08713716589415794,0.03469817281495283,-0.12457387787119881,-0.03259114821910014,0.048147104344267076,-0.08300536491201983,0.015372510594552791,21
-0.0036897168008929926,-0.08815588001481493,0.07600895253975906,0.06629499814079519,0.1083051243175277,0.17471892183472415,-0.14917383867239417,-0.07575626963920919,0.05150352672086598,22
0.11905003787289725,0.07430745439253252,0.42501215809004983,0.07148386309724729,0.1135565640180599,0.1768593989771779,0.12629074777273325,-0.004963001746770206,0.07589692204932674,23
-0.05935040004202324,0.10382178675301407,-0.075499406133705,0.009219466319773904,0.23146585666735087,-0.10144415839044428,0.1305268086794636,-0.17778920242159535,-0.04719318657894335,24
0.06982631434421967,-0.01622181993056522,-0.18537724392873733,-0.1154959420133406,0.06795977489346759,-0.06851877837388594,-0.013859596478458008,-0.01824882817582222,-0.06516003476058171,25
0.24275526450282742,0.007778729053179924,-0.16630009862098868,0.017723002276719517,-0.0661786464768388,0.07566243372426323,-0.10323364627413015,0.0062009106176260965,0.050498727898045714,26
0.06450074865300126,-0.16991967029187424,0.008643884601396298,-0.017732021647871306,-0.0653329232573712,0.1838600864444837,0.06698002289958768,-0.09396322728658738,0.09178619470547761,27
0.20820497269657262,0.10583969143553358,-0.20513062728285272,-0.06326100729713095,0.12669111491866228,-0.050833163711603374,0.10873297307019214,0.04502083883770078,-0.0926930471578083,28
-0.15368187561858068,-0.3856659221917631,-0.09969088379785165,-0.007800236553261116,-0.12477831819648495,0.11232051029618897,-0.16080574509512446,-0.039428528464685184,0.013074057728609135,29
0.07822004105319273,-0.17349348025729944,0.10602574648650463,0.06171212222766556,-0.0981508651047951,0.004834541528770039,0.059218148161013145,-0.05757861474122881,0.006980208499001892,30
0.008148284026483286,0.0431594584710762,0.16618492600597362,0.17472686877778554,-0.12378154988268492,0.18113432827780152,-0.19351669041718067,0.005412592723401843,0.05883172064845765,31
0.06811339087305888,-0.012414474180267296,-0.06999451081319166,0.0027511497082598688,-0.058936475694421155,0.09442279065694298,0.09909856349373526,-0.037804963885901655,0.08995998754332507,32
0.060711464709075444,0.06028785863993851,-0.010677979858733547,-0.1213199699968524,-0.05601810401969696,0.05421430903581384,0.09408500327327653,0.0020162990193925566,0.0117327383308782,33
0.16809621680007772,-0.06236053284120306,0.10227350478281698,-0.000664254980091223,-0.02176812032272203,0.15230118333966727,0.10151664306133784,0.1270427218504654,0.1305478807154329,34
0.14627068737328552,0.09887734856434148,0.0413208449645775,0.03445370625546504,-0.013014305436768459,0.08753865008014443,0.11282111671257491,-0.00858851367435616,0.20923872756854603,35
-0.14042055335604386,-0.10902260778939997,0.16381091181390167,0.09619461711455832,0.062411981705215516,0.09395212502152403,0.029413850243359085,-0.08707227761180274,0.007580455819372634,36
0.0031302881777626884,0.1466552468859456,-0.043447377099390914,-0.0673718535019823,-0.03213858416529935,0.03657827101285422,-0.02348921152286406,-0.07369298715442621,0.02436872114919123,37
0.014550623124000406,-0.06372853066693025,0.004829032896500225,0.06522904793578306,-0.1448084341497324,-0.19347387018111492,-0.05904202727074462,-0.010462950375254566,0.03109075655980046,38
0.14105994339299988,0.08721467218915202,-0.050482184992224025,0.034666051053052496,-0.10025293646378089,-0.08005437275003333,-0.09658171845540404,0.0033187730094776484,-0.0827230943552323,39
0.11207015067259504,0.13812923580259057,0.023158429342777426,0.005066033870883183,0.06901439917111125,-0.005158523619630297,-0.005609782281469983,0.004677903527388596,0.009767609854883173,40
-0.06437445960713807,0.0093985462287275,0.09361830965169017,0.14589693282394486,0.09592708260852069,0.26581911315452406,-0.07854023955567556,0.09364903387291013,0.018334200573835176,41
0.21497035785462199,-0.052744335640008105,-0.07598213357412317,-0.056301608763402115,-0.2123895724309807,-0.13448057073093103,0.017123423448713607,0.027000837799821344,0.034175597577715947,42
0.1930573988149006,0.07224774374636808,-0.06324155641916838,-0.054576481286585835,0.04919191715065058,-0.12865398406845965,0.13607767682960953,0.10152286424846405,-0.04691756521047048,43
-0.14725081828673361,0.11641477049079078,0.030053469679029627,0.15179916886549494,-0.15944276587943673,-0.14968936580029357,-0.044504524452142556,-0.01105423212529932,-0.04500654714792437,44
0.08707043351585511,-0.09774600203455056,0.012121070921116176,-0.004064051730594631,0.051443883405874906,0.14541830821747304,-0.16485548721388968,-0.10869272830711442,0.1277676821898509,45
-0.007701739177722718,-0.07121233237932051,0.1849543403596832,0.06531005289294137,0.11792971840638265,0.04986165548472015,0.25697120036431426,0.1668203390475529,-0.02489641484790735,46
0.0432050450339984,0.12002389706641972,0.08208934579459015,-0.0482279963542853,0.06860514599984394,0.055145477274484524,-0.15842236922265937,-0.18969897748818104,-0.20392321777601008,47
0.0308150007296989,0.09638102931797328,0.13191733898547486,-0.029403226529705884,0.1628615545571292,-0.04935982831320872,-0.15103732688944588,0.007887520823213876,0.03840654489393073,48
-0.12309775422719499,-0.16716900830834522,-0.09296864566884402,-0.10867934167152155,0.06696725488300385,0.024426548431478498,-0.11126391854235858,-0.08845916499978267,-0.10592135218889516,49
-0.0069009196548880415,0.06762363834947062,-0.07420957851561208,0.04847921675735377,-0.053025761837244084,-0.12529484826688153,-0.0021537440444383098,-0.12290195792908878,-0.05536493053471821,50
-0.012228547861737452,0.17420963973695533,0.02481784102292104,-0.05917128954075895,0.021397991073422204,0.028696599415849216,-0.06595015684673083,0.0879294398559982,0.07575077100473052,51
-0.04427685531130111,-0.05013647175759169,-0.12151319068705727,-0.22248836629113378,-0.15151910621985523,0.09156610746774826,0.1745405811456756,-0.004724110248686006,0.05765569630557665,52
0.06858597943023255,0.2714341236394066,0.0675664383287152,-0.0435661977048754,-0.09555404406004259,-0.2605341002366834,0.05239450120043421,-0.12541395436434893,-0.14222537095976742,53
-0.02365503210589976,-0.08788486886282494,0.2795033747961653,0.08643874578122304,-0.0007972641316617373,0.2085606081205411,-0.08345010431807734,-0.03281907742838836,0.15231240772696575,54
0.07409002500547598,-0.01987360299379605,-0.04388872186553056,-0.09061896230391009,-0.1382799730964336,0.05291053632739185,0.26393787688920245,-0.12015283409774416,0.056296923669057086,55
-0.10176332122995468,-0.06187915493612878,-0.0462349108805303,-0.09746829079580688,0.004852162794482699,-0.09046946025824296,0.04556437029257103,-0.013386992585238037,-0.023894804686640975,56
-0.09220739911355999,-0.07154760632099237,0.09779632934840735,0.06723821361999621,-0.09775552447985511,-0.012322347777814812,0.04347440124679387,-0.14792292137883947,0.054336019237993506,57
0.00022675330981927755,0.08639876566383814,-0.12638355132221407,-0.18640196809292686,-0.16275424378831627,-0.042887216687509166,0.021659428449913004,-0.06808092645323278,0.06385924587773739,58
-0.21280581780761176,-0.044523045261395874,-0.16711559363426232,-0.046661104528846926,0.004739867131641402,-0.10698407110008257,-0.05346608026361075,0.08043806548813386,-0.057689186952314876,59
0.03688435945266341,-0.16310536355604052,0.09135588384387455,0.11871603175830137,-0.24716445001272894,-0.17606769311792336,0.02026278783302511,-0.007314433036303462,0.03711458733713088,60
-0.06760013050238216,0.036065743900452356,0.021539508694627812,0.09372635638759075,0.025442084330121312,0.027906876643289974,-0.10281138920351991,-0.0639001589809361,-0.043255818781962094,61
-0.0767156507105182,-0.035636595473637955,0.03158800944922605,0.2075967681919987,0.08711247034316924,-0.07492672296947211,0.129888799041546,-0.11214189603338003,-0.2038124535177854,62
-0.2824065122492618,-0.17760278926781778,-0.15208234617210725,-0.05135961653294777,0.1676437312275283,0.019687004068488577,-0.04813440592020166,0.005550822303072939,-0.22111353090078853,63
0.045239494778607156,0.031461815537064515,-0.09193071518178826,0.12359649418385876,0.03384964074944141,-0.01902180285049169,0.0701686380345995,0.23343460470748695,0.018186625505849516,64
0.012099042090956667,-0.07351530450856089,-0.05895515072250817,0.06613354902882902,-0.08560838259088673,-0.018020664232481852,-0.05442337567418376,0.05957615625968238,0.03336621052869483,65
0.11975901639018206,-0.06868818510222716,-0.07738922326928196,-0.11705528425586029,-0.04442932600761116,0.05252108940528662,0.06939162918316655,-0.061780325214064444,0.08696059201056602,66
0.14003524167160653,0.018126723341585497,0.1405112124454704,-0.14798054797267274,-0.1244654703311417,-0.23610487337585984,0.16798681244076863,0.06349110215353984,-0.005558467091045507,67
-0.03968507653876217,-0.07039554099619653,0.2146391005588722,0.02423199189217454,0.01093947946048929,0.045880449929276895,-0.03453578250787961,-0.005278203512672778,-0.07904744554453119,68
0.202894083563213,0.252594179815165,0.2104503112645184,0.16234342318667888,-0.051121567643118516,-0.07819752672642348,0.003479465465282095,0.04386919437535265,0.10941915184709486,69
-0.14730845782836788,0.2160901253254169,-0.05533619569583223,-0.012748352897196492,-0.10121043752601676,-0.26262880006292666,0.05494792404194325,-0.03781683477209649,-0.1289960899741054,70
-0.15229435198735722,-0.05017932863776249,0.15436158468270503,0.009049675281541152,-0.15031429531181062,-0.09438753395962171,-0.11919243699679138,-0.2715889846222806,-0.005429486651781221,71
0.023974656329240857,0.11592911188615335,0.27178965605198574,0.1027352338200852,-0.02688886905548306,-0.12219541027261657,0.22430034343911848,0.006409368618401943,0.0013929291912946203,72
0.043447151830547,0.10134537289238121,0.029649952774418904,-0.0066426797972203785,-0.054685894124039215,-0.023626770269741613,-0.09711087070879229,-0.06755952029850004,0.010643022769189684,73
-0.03215559260173878,0.15929428469059453,-0.29204494765108435,0.07232357073515422,0.1246085192497629,-0.2075656573671345,-0.04253812900244444,-0.08640699591470288,-0.14075116947178212,74
-0.1327813682344549,-0.19867106884190816,0.2325170915176979,0.05549425131790681,0.12715550949941587,0.14896216812817736,-0.18555315720022,-0.03532391698500024,0.04893745612279181,75
-0.11984395908017015,0.14105497047254817,-0.04721631090076152,-0.03148841667264954,0.07109599682034916,0.033176996613765206,0.016040142262954082,0.07809576387042841,-0.10810633275998974,76
0.13210211499691482,0.04514523252660992,0.04759077134547354,0.04347509018184855,-0.1251113576385303,0.07806296001682705,-0.006878264829481083,-0.01555697914761283,0.10490092258368894,77
-0.11051105498723057,-0.12656889823271392,-0.17066987316024823,0.05256209698412927,-0.12804293524962831,0.1263007960242085,-0.18087090478248274,0.17703124818109547,0.02110174672026184,78
-0.0547957406246804,-0.10569287062896945,0.053480652512700205,-0.03695881230109856,0.11033018820165215,0.05879352460810473,0.05923545475466073,-0.03835431805162295,-0.005694562372106746,79
-0.05819686453100317,-0.15497264351185253,-0.12645438924325003,0.04436541963222897,0.017086543812794185,-0.03229977613188499,0.02242112691937597,0.015866581725339456,-0.053975968030936156,80
-0.03603663984823832,-0.01835179126320685,-0.06782254637744402,0.0738508043206759,-0.17025836042378406,0.0656069408996821,0.035954826595144554,0.05999715786948055,0.09826909839455139,81
0.20832187970554356,0.08109024258857984,-0.25407790547177833,-0.1555854604203778,-0.06248185776956788,-0.018037060396139035,0.07472833136180104,-0.06603754455864883,0.018676676447707832,82
0.0011307492302459476,-0.1373751519407283,-0.1297969673606122,-0.10602225976726054,-0.13516846056163337,-0.05311784995697267,0.0990512085221353,-0.002806516613885632,0.2632382064837391,83
0.0986132652668942,-0.02045547783869626,-0.035609316349340545,0.055481771808148346,-0.0575637826237774,0.03226821233526335,0.23741720634193905,0.030618576447533664,0.11492733262856758,84
-0.027362577613051588,-0.014181643954498332,0.19737769256077614,-0.07170586574083632,0.18124485579969288,0.19123755664047853,-0.04495280327208459,0.09728017964248764,0.097255444962673,85
0.04206722308369268,-0.09780916422081282,-0.07921780021052123,0.027328606371235412,-0.007443342910004629,0.07392561948580424,0.08470324491749287,-0.12022751108580142,0.03801978510059632,86
0.08432844077851692,0.03221370472994761,0.13950382356947444,0.0836749027624519,0.04591800792284367,0.0219540399059394,-0.14022212653156765,0.05023089096396748,0.020768768716311115,87
0.039742589813861785,-0.08582371051118862,-0.03730445807494111,0.12996860165001392,-0.0039555153856655045,0.10390144005275287,0.010515751580124907,0.03581554715873444,0.09382838059759978,88
-0.0969665418240662,-0.0015792597283839933,-0.11022917428252499,-0.050290267146494455,-0.03091721234686394,-0.02748366048149765,-0.01150935814788423,0.09426435697966945,-0.08946073022195039,89
-0.04538970819723469,-0.07704185811217498,0.16416934825735374,0.030172283422080635,0.10318445394686349,-0.09883167345659166,0.01708574541840171,0.09184301918698357,0.00822839892754242,90
0.07941381993573927,-0.0024780405328310925,0.1959243739965162,0.25097192255655426,-0.03628385604396591,-0.08179238844599257,0.11074736200196302,0.13965711362270686,-0.05228600271532683,91
0.04774588345627978,0.03059885131290413,-0.11692122978291625,-0.08192954719495438,-0.1004140766752068,-0.059946071301692834,-0.03209582469477552,0.07768899050214477,0.1550500492814077,92
-0.04987049250835825,0.0633558709127835,-0.032249520372182365,-0.029188006421259842,0.06748194921666038,-0.06220727444840672,0.01725984966281257,0.03388101506159083,0.04924512640081491,93
0.19428413994204846,0.23585515787943473,-0.04421097198432382,-0.06444712254949043,-0.06231405264247644,-0.026768865685545668,-0.08551125878759414,0.1686193017904001,0.1420504247989855,94
-0.005880285282459555,-0.09649884890572001,0.09475855878863007,-0.03536884944416231,0.06329318177555109,0.12060934080794883,-0.16094351448966418,0.21760623869134943,0.17958776730955217,95
-0.13438186579196876,-0.010342588357009401,0.01576188886658174,0.04538214986277245,0.06585442726728305,0.17548217702633126,0.024518546533377147,-0.12810589743435383,-0.13793192280145272,96
-0.09907009489117002,0.0014158693725948115,0.18822069117930876,-0.0642287530307067,0.022378795163889853,-0.012806582700337604,0.18025808930402434,0.23411283553515097,-0.05308687729203207,97
0.056433082832325926,0.16088229506069984,0.1551384632630985,0.23324176755911546,0.0583928185325964,0.023166846508856982,0.05458317912411277,0.13958723440019852,0.08204821811973641,98
0.07116422273650595,0.15320900793784495,0.13821401096764657,0.13674582778313785,0.06487098875896427,-0.02019728992964096,0.022779764921432227,0.09205814816628242,-0.08169356709872361,99
0.06999366876736704,0.0021303220575579,0.055509583536691165,0.09424971981273769,0.019109906801990335,0.03906248012215355,-0.14305466557336627,0.0972173029426597,0.06454841811410754,100
0.22000594911464683,-0.014124948434292735,0.059749561100123666,0.00017084464828302087,0.15774532797634744,0.06892020927691546,0.04157402061978767,0.06732097028212645,0.01866091231563581,101
-0.057655906770685106,0.03733386761986786,0.09024718042383995,-0.08854325923302456,0.0132969674146876,-0.08638532004817144,0.14362673613940466,-0.17188095513288307,-0.05589218472715884,102
0.08606909910905594,0.18362655705058603,-0.03441570237118321,-0.037728896985193355,0.18811570694405902,-0.08023149089090229,-0.2501154576788682,0.02642954715299185,-0.05020542243526112,103
0.014412941696744105,0.060510934018580376,0.06333588551305043,-0.03890944588183108,-0.12803043986708945,0.10349751472973084,0.036939095984050305,0.05471470848373001,0.18466369960476658,104
-0.08824094700437579,-0.13355175143855877,-0.0007560853668639178,0.050442885643111925,0.024333944932269185,0.04457725359681853,0.07142966980683547,-0.07462218127648032,0.14437646040732596,105
0.046212043665318066,0.11150275754875359,0.08783495196687921,0.03126134522270712,0.056976728023220395,0.07827123040023949,0.07987431474564087,0.13979349395279458,0.019652116970147016,106
0.04379855934964363,0.01737691616134109,0.1195396742243849,-0.04612195542866299,0.18009404329108158,0.049784458117557134,-0.115682579571721,-0.011026366520541899,-0.06810516574748808,107
0.11159416456624457,-0.029400495662923624,-0.11262748203429324,-0.18535083767036709,-0.04523063192490767,-0.23130971068307085,-0.14096572200742732,0.10354447116720887,0.07858001586508323,108
-0.008304295441060691,-0.13048585892320927,0.010488819334335882,-0.02242049066015079,-0.11583646891925428,0.09928885272283186,0.006777830318492356,-0.021155413018157817,0.002688583899453078,109
-0.08813140511123592,-0.2010268410421283,-0.058203619572483004,-0.056645413883450346,-0.10016200098949156,-0.09603008932517856,0.21451975113794342,0.0440930214843031,-0.05711789897827968,110
0.13800665133445647,0.12247445778685533,0.11155786009945115,0.01691267682942832,-0.06469367777055739,0.06611704843188695,0.005738007278362468,0.11175033506164217,0.06351718016819695,111
0.06436190610072251,-0.020056163126221452,0.10278017023413766,0.04765850161080111,0.20752608726252655,-0.0015887626853977738,0.19673734726768538,-0.0030085517802409083,-0.06514180036144483,112
-0.027052671821406842,-0.001200679749190723,0.03287355275213662,0.050207474943284786,-0.0573700003938579,-0.010799012616373053,0.21367096892129717,0.1880256454486623,0.04363236696740321,113
-0.011612895899161826,0.021865198497467115,0.02784185723225418,-0.12431210779764953,-0.025737653742334513,-0.19776781006378444,0.03614265784479736,0.047808067789796016,-0.0483186462299374,114
0.10978364920174477,-0.11422400913055787,-0.13167257908988356,0.05694684468961132,0.10470983026121546,0.21397185398330554,-0.11510715980921855,0.10652028691060482,-0.003850846950070721,115
0.026984467328735853,0.048864220021702175,0.030270998769350466,-0.14154873917324434,0.14765403497258958,0.22421465860372003,0.012333878743203991,0.05687140986363677,0.049403018628273884,116
-0.13473944075060781,-0.04594921575373687,-0.15150707698228771,-0.009318575054496238,0.11727290192593648,-0.006808883499088383,0.041413697302691406,-0.02252912065721817,-0.28485426206300757,117
0.02476114070425263,-0.2194235009724963,-0.100701088035892,-0.11487021343740485,-0.12946814757209058,0.05594518917524382,-0.049153229355870076,0.033008167912300136,-0.0046920578879184075,118
0.08120391490608997,-0.02252813730474206,-0.04854431816530917,0.12707259424515022,-0.04937565831613125,-0.14386836642369447,-0.02323069988525592,0.17983374003740335,0.08502217421134929,119
-0.06761294708439533,-0.04948906588143563,0.025922707668787084,0.21442091518826806,0.03819354522315534,0.04982957423669874,0.05267441715489117,0.014812440798926744,-0.025904214582070314,120
-0.11929834459141132,0.0006166863592297293,-0.09387561141983053,0.03907809417604604,0.005194588580729943,-0.004326454798397897,0.009368692971986324,-0.0620735049270147,-0.19982006845321076,121
0.12486592838891668,0.00648616416385011,0.014476262251736885,-0.28343525264330577,0.20883747047807277,0.10452885510211816,0.1093040224943124,-0.08254350603536316,0.06127739050625697,122
-0.11030711315167813,-0.05803401739405945,0.192885610811944,0.0012327386501878312,0.021743287317972287,0.11138969246061198,0.08615328808300182,0.02781552560067553,0.036496100246622545,123
0.34285465655497216,0.05210380354022466,0.1000929589027574,0.08816220282966236,0.11055259329579839,0.23378895883119116,0.10285941456413265,-0.05713038764251,0.16334315323010962,124
-0.0678412505482776,0.06029143419473054,-0.07320777040624962,-0.03623842080715209,0.032876241030348044,0.06507140206924313,0.12401821101444538,0.177244827458854,0.045353430151397985,125
-0.0021398885979068694,0.07444638570696084,0.07079807300691184,-0.09154429941647008,0.059740006984985806,0.09099805389303238,-0.006981359611764101,0.1323187357850235,-0.015005558703252674,126
-0.09353896454355688,0.003932239473686587,-0.10064453838402365,-0.13720428697743972,-0.14400508825942945,0.00851261206160539,-0.05284681596927146,-0.17450788892176072,-0.21533901136037148,127
-0.25386739685501164,-0.16250234085595694,0.16662101198192808,0.18669537307300646,-0.06881503451777238,0.09430058640649039,0.10115596292072132,-0.1199623383714373,-0.24994057148735732,128
0.23617665796537707,-0.08897094308178119,-0.09419427509352468,0.08529673056389463,0.24397524063392728,0.2823527624875314,0.0893961172475076,0.08934497872383937,0.08534155587803077,129
0.02640764756868272,-0.00013914013111982274,-0.020829174653402734,-0.006794284939428959,-0.07539645888666763,-0.10153955847171453,-0.07047221454890257,-0.044434651429757104,-0.09885911071509175,130
-0.11689432413369752,0.011740662719327027,0.12391718777587754,0.06844691946434209,-0.15705006036231772,-0.17862066681995772,0.05853827333372151,-0.10611089960372683,-0.02246331499970246,131
0.030159604294681022,-0.059659289153600276,-0.07675006151651137,-0.19686939870557335,-0.06013676439512137,0.004131137479381833,-0.22181660674015213,0.04336015083360606,-0.001963779892668122,132
0.05702513798251399,-0.0006336050484872652,0.16265228087192418,0.07156661475613499,-0.0429405541125253,-0.005469831399252712,0.05577570102142243,0.0063067162247063165,0.004059169120388238,133
-0.09194441569268397,-0.017494407493517564,-0.08321502981106219,0.18155958621086463,-0.12438632353912851,-0.13706235250387966,-0.07375516754665819,0.07916919895422317,-0.02949496782920278,134
0.10853873359286609,-0.09231357136770552,-0.011083868910584948,-0.1127582863594001,0.21451491277733883,-0.005676167255088876,-0.016989752353655126,0.07786065650401229,0.04137990974514982,135
-0.02946576056394081,-0.016307230646518102,-0.0009001399435366502,-0.007160299089178607,0.09638791167949097,0.26089557848085587,-0.05773583704006447,-0.1400701696502017,-0.008828204835125482,136
0.21553691624830013,-0.08063749878003408,0.21801461630877778,0.18202636590327256,-0.05535882417079946,0.02384362263757331,0.2541531147811534,-0.04503808670233138,-0.02035803601023618,137
-0.05605259505480287,-0.036071288176653366,-0.12434710752349692,-0.14538013059939664,0.0034083468259226072,-0.06222835774562073,0.03172385910222543,-0.14400875649285674,0.03308802322144571,138
-0.014106636327670688,-0.23667769651419462,0.08493669245166344,0.14990158264554576,-0.12096410186912054,0.11059262973635786,0.02012197572563727,-0.0724531032938606,-0.005576907765770601,139
0.03228881287337999,0.033081546876740184,-0.01911962859618553,-0.09943379944892183,0.0169360824036078,-0.16317141031246518,0.027584814272855217,-0.1161343121371208,-0.07355299425897666,140
0.18463325888299084,0.10339512348057125,0.04612762304540418,-0.05534704740518287,-0.03164084496948019,0.12280410333742714,-0.04293830224537233,0.24569907837697244,0.03933178393943719,141
-0.07943470080881324,-0.017073359506628888,-0.09930865635832388,-0.02926013240175511,0.07081086766885905,0.05408690720631311,-0.03561750988269546,-0.1973904834143932,-0.18362053731032968,142
-0.010197052978256578,-0.14012925752488453,-0.199273519035722,0.03533120137117875,0.24929995174327907,0.10762230100284054,0.10277949496737378,0.004721797993066509,-0.009888965319114268,143
0.08320933642546435,-0.08880951012958173,0.07759824575369788,0.04024198383794636,-0.06680904536430488,0.09060055828253123,0.02017182968145332,-0.05679667142432036,0.053650984357040354,144
-0.051517247076301745,0.026097589463022187,0.06656949258117666,0.15474787130390552,0.04746982328799528,0.04117113685915798,0.11348682531891463,0.15854411562404652,0.055781030635186225,145
-0.046974787102881686,-0.11121277546066295,-0.15428558212747145,-0.05038114563767007,-0.06095122021592832,-0.04894513051807599,0.02007489039041601,0.050501818203604894,-0.007049877805909122,146
0.09365296370459426,-0.03983823315722941,-0.21251468402963783,-0.09648280262643957,-0.014408755572161548,-0.07870294022369079,0.04286207731829386,0.19573174804377583,0.12187618516973167,147
0.020811695349913978,0.08531820847610387,0.020386290992408285,-0.012906263005437846,-0.06134026635409398,-0.05142712926616054,-0.06636371093241465,0.022661711574294034,0.01605739810498646,148
0.008990213629650261,0.04980970427235747,0.11880574595099097,0.08207610177505695,-0.14848979684499036,-0.3312031381461485,0.0754324958807712,-0.14455465890778602,-0.022476540189268354,149
-0.24877940903372428,-0.14455631997270468,0.024271415864899552,0.06417181925454428,-0.057651040072671945,-0.34420365999815855,-0.17054554317640025,-0.012581504366839857,-0.1478911568774129,150
-0.026027230038876116,0.00575043984217031,0.05937470010178109,0.035371277767563894,-0.09730689408815556,0.03853832946385129,-0.13632423830205248,-0.03539483251855505,-0.09332679590731961,151
-0.10604900660100917,-0.07066786137215578,0.034325972850431194,0.17637377185171285,-0.13719011429313563,-0.24985460076598182,0.16060544806170882,-0.04434991356828369,-0.06690727386599166,152
0.09884959291250943,-0.05026376211855706,0.18718253396181628,0.07004014054133947,-0.04879114081457027,0.20574651117625342,-0.14802060256842747,0.0846847775151579,0.029929258040649193,153
0.19683040331876644,0.21230587986123015,-0.05474696741691983,-0.13753663929304943,0.04599721429391165,-0.06168565259543472,0.273350003664351,0.0008672788123499399,-0.03653215513121087,154
-0.006038991551474065,-0.1511367191780456,-0.049989272655891086,0.1135345832847235,-0.06568942789713958,-0.1054932083953041,0.03207529684432647,0.14373378133957704,0.07189533106650668,155
0.08612864092317668,-0.0906762906537134,-0.09528979619459382,0.12362111354529638,-0.03226798388421358,-0.021368383510136542,0.09589679124654937,0.07157907296292226,0.04558877720816076,156
0.23295009659704155,-0.09293876189639244,0.17806520765090633,0.030413710717835808,0.026859227886325693,0.20783378868249183,0.04330464140041459,0.09136736471080638,0.10725073373098022,157
-0.033325499839285,-0.030501404438628747,-0.17708588264120745,-0.14742805810790857,0.20562071299403223,-0.0054952478124897786,0.05061646368029493,-0.016922095565573544,0.030740669780910074,158
0.13148624417386548,0.032921584043612305,-0.06077434014942039,-0.018221919266509668,0.028257995048829965,0.01724209659561148,0.15881122086762786,0.07481821767556875,0.07348777860498175,159
0.16784831391990562,0.09911508370370638,-0.0011899664635753905,-0.10815103456479049,0.039968795175264166,0.0023815913070314026,-0.04682693436651167,0.10197630937568658,0.12382830714336357,160
0.03339560144607456,0.030526311320823764,0.2043654598566224,0.08231284209811722,0.2601683114180395,0.1888730400965833,-0.1752427189581208,0.08867470558135047,0.03811583848827778,161
0.2639216098594379,0.12862777308398257,-0.002930565965177963,-0.13076119858875782,-0.02090232572860253,-0.02766191182474491,0.008053219053331874,0.11730449809436018,0.16699045043514063,162
0.023694184277262324,-0.12046747599307184,0.13711884497588214,0.15253470970803149,-0.060978290431938226,-0.01491073000790961,-0.008212849665741007,-0.05580001612368895,0.0648280433843859,163
0.032374980580203105,0.08308889788346742,-0.07652772678681631,-0.0017837515523646402,0.07223813578277714,0.004211234923148455,0.16747762962057214,-0.03209965316014423,0.022468472575188594,164
0.036568691815421606,-0.16479489132934808,-0.19529464336879176,-0.14421673109549085,0.1262584103427182,0.009012522192859987,0.25729386078992716,-0.049965464253842566,0.018455130319703698,165
0.17010940940778213,0.14202089580527477,0.222896854895817,0.18681702552417373,0.10240625258114625,0.07260755324474183,0.08099049038416477,-0.0837555325526341,-0.08181988834223072,166
0.00991981898141979,0.04985059421625225,-0.00806800734918009,0.07556229081498712,0.09553052085705108,0.044083044643669,0.17316565174118584,-0.12094699248814064,-0.019365945927971813,167
-0.08626017284883689,-0.18907406391206005,-0.00602438797702611,-0.004081005693277578,0.15134497432421312,0.1800277547223878,-0.08698961680763635,0.2281454359768062,0.1221033695525353,168
-0.007553391828825397,-0.024455726278091026,-0.11095574413860082,-0.028078504653249903,0.10887486197041861,0.19266762114858882,0.21733406698005464,-0.08807155234374281,-0.11196174332890113,169
-0.12845948101354016,-0.2101306597978654,0.01690786799314749,0.027767093722078664,-0.046603650186824226,-0.22723862273916198,0.11879367805897774,-0.09421717321605122,-0.1169916835710288,170
-0.2712082783800394,0.002320869892880622,0.20747616054919604,0.16860587620014195,-0.045709625658627184,-0.06871886158978166,-0.03265609235120431,-0.08927582742514785,0.0301791899819466,171
0.19626172737140735,0.18493617055318956,-0.0021753604970830356,-0.04193241822990581,-0.0877982586756561,-0.08565386675870126,-0.046699490746576255,0.06871201259978155,0.09135846262332495,172
-0.03493777342521426,0.14861624874682727,-0.07898709586459385,-0.004025077392049966,-0.07472116791478234,-0.2873016538736748,0.05842568627055954,0.06383792521010587,-0.02813275571182134,173
0.04117968804857623,0.02789779301103179,-0.17155456053287743,-0.08502013798801453,0.07942646796218272,-0.07102983243660166,-0.07119978563912324,-0.11933313107716709,0.046642998243352635,174
-0.08567197563751544,-0.21297954975041417,0.10587013550560904,-0.14126122727481477,-0.0810252437014381,-0.013937245948633999,0.09000329359006094,-0.0994233871531607,0.006167984984797165,175
0.10513828079213955,0.10107160137799712,0.06479112617889987,0.012362647934519605,-0.08275902206487197,-0.0111647794582482,-0.1120919372805826,-0.2768554552039424,0.043655980415766786,176
0.07239494278582322,-0.21685590570051388,-0.03553387533386618,0.05318098274421622,0.20574954697116987,0.14966172367049463,-0.07670796693330031,0.029831030559702456,0.1374876419148185,177
-0.11541872666430483,-0.09057936326518522,-0.1293878788205569,-0.08503793881372718,0.012267031599479554,0.1563155593101001,0.08468953059627603,-0.035448744624672804,-0.029181126891554412,178
-0.07909894978240845,0.04949461406854884,0.03307087700626737,-0.03946598526844143,0.3193107567844861,0.21950295975745757,-0.020468659250983408,-0.002440159798667914,0.11484457091967548,179
-0.03884279731179598,-0.13390653472985647,0.0364019342086871,-0.04052983835586452,0.18732977762175457,0.19501742692235055,0.03209384634923502,0.13047657904197044,0.00678555105274033,180
0.13021486558871645,0.05939386199205361,-0.1062332528216722,-0.046256247535290396,0.10299608175811613,0.02981466620423661,0.027891253098623017,-0.08068629063916416,0.04235990655934611,181
0.14144597176531548,-0.13862326727192895,0.04603512138726246,0.11236737387546672,-0.007964139124571515,0.03416754641873426,-0.09580421964320517,0.036280660445605656,-0.018714426500454878,182
0.13682258569009637,0.13254914157265385,0.23667901790823365,0.038188579875755455,0.032579631658216646,0.022283207998369914,-0.023357988034511848,0.023509334991303088,-0.029540141013902944,183
0.16280120852832333,0.20276345893326608,-0.013368642857985669,0.10427715678495555,0.13171150673398654,0.09934310719363044,-0.20438636710143002,-0.015387389579804428,0.12969945465611094,184
-0.08998364188956805,-0.10394081608688678,-0.06505894944549057,0.11661571904763443,0.054673356820137936,-0.036186606727847466,-0.001912353663698109,-0.07146017136182978,-0.09224101844985026,185
0.09565258320852531,-0.05174973175478116,0.18673720892192747,0.187493098133574,0.09983108981479605,-0.03438611528435175,0.02770769667891434,-0.0340491257646461,-0.09037018607301282,186
-0.01606238123472673,-0.06188281643940202,0.14078389177657355,-0.012256083307315216,0.02011596558728393,0.018384825403991008,-0.03792563771993085,0.042047752165739125,-0.04749036566225245,187
0.06771611451272126,-0.09236280049170278,0.08447631842873884,0.23459320203790932,-0.10003313246055748,-0.09876420268879366,0.057825473857288354,0.030230231668534367,0.03506300992735592,188
0.035718264735153736,0.08881504238479865,0.07785424303170757,0.018485955220459243,-0.024125765461854246,0.017419603475613055,0.1554207225484438,-0.04737190030172981,-0.09745293046706416,189
0.15070792039131023,0.011318156514152447,-0.17033060364410213,0.1086553135171735,-0.05353281859539227,-0.004765023912781021,0.03929489427336603,0.04388078157777302,0.07094518171390395,190
-0.00306118765317602,0.0002113987243776358,0.004267414564726089,0.06986545278006862,0.061536748401305345,-0.03353002149262632,0.10693045324802987,-0.025314321571564727,0.08080577982811452,191
0.0580840472023884,0.1850985920489301,-0.042494990178889906,-0.018002650983639432,-0.001941960588773261,-0.07333915731422967,0.0682586826717858,-0.1985099455137812,-0.10536824191463541,192
-0.061948938163703816,0.08228226214369061,0.17994566355858102,-0.0015153556699587165,-0.016882172319001063,0.008942998077159064,0.09051912520083867,-0.08439239902333993,0.023836898273478513,193
0.16471713937911556,0.10409311606155883,0.08256007566458887,0.13778158935454168,-0.27032322929992375,-0.03340981725087569,-0.06227751898573671,-0.16517119870227137,0.051120259952498075,194
0.061676832416080324,0.011023171236607471,0.14041008388311454,0.16046252888557055,0.13149144535840473,0.15908897087253468,0.06251931306938273,-0.04852543952624161,-0.16019658118971686,195
-0.07261937064639139,-0.042201634366684816,0.21379759402156315,-0.003067569442636562,0.012320480678448568,0.03578677943997053,0.06004138444263251,0.1477123763823695,-0.062264936173445196,196
0.01126235474695518,-0.010107780363335886,-0.14050924535962875,-0.0766641436314545,-0.0037036797048412024,-0.04792110122405233,-0.05671672518339592,-0.1435404414091877,-0.008310557262869478,197
-0.2306895317809588,0.033852822761071634,-0.08240811733420046,-0.10457586510171415,-0.030920907704986345,-0.16413694781213198,0.01514506561349973,0.0684140081647134,-0.18751724696457447,198
-0.0037260955544308454,-0.04073571475692418,0.07219163505659403,0.036738870927789,-0.07519693317388192,-0.06489154754803099,-0.1370505174145951,0.10834662156337782,0.002131164867194222,199
0.11729609712790053,0.01559140913551613,-0.17963215249768566,-0.16952628192288055,-0.1803139676255945,-0.3028025078133519,0.004000623459337497,-0.004469172248131287,-0.15811907020321336,200
0.012667865078430679,-0.10219575091764965,0.05728844420279509,0.16403765151228122,0.08968393158655319,-0.015261428346331103,-0.1951001002762019,-0.2403519063064152,-0.07191533192424202,201
-0.10824554553662372,-0.08153141945427989,-0.0714803301111777,-0.04998719464936288,-0.022485598180807857,-0.11873474036142337,0.01152396727545688,0.006030097246441296,-0.10903990774428461,202
0.14664724933022028,-0.03130291226177949,0.04030982133073785,0.06988991843704802,0.023321613126350168,0.12026853030642616,-0.012844742606315754,-0.04859111408183024,0.03615035252061016,203
-0.0972002343414467,0.02294891697687367,-0.015987138993901594,0.00851233855472116,-0.012853751143893075,-0.1875748368846198,-0.012778505166846997,0.014879463834020484,0.015985639199740036,204
-0.008099948456775904,0.12177464238829959,-0.04030970329120756,0.10011268632228135,0.04271943618716849,-0.008632817755754418,0.11187989635133429,-0.08719328709929795,0.09191541736100016,205
0.10807069507389777,-0.07915493189502676,0.13856749592522546,-0.052066037844051206,0.028869362927985705,0.07076294601680416,-0.016452360361568826,0.10885293253530566,0.0793488720552213,206
-0.1167975396121017,0.1720042730653829,-0.1191362948485025,0.1399164327667208,0.11267051368275834,-0.066991753075828,-0.016314397689577025,-0.11809270290869932,-0.021492103028873534,207
0.034329219145252055,0.04222516477238324,0.22467526495531637,0.11526832249363393,-0.05621680265783022,-0.007625683246578072,-0.19179093279863485,-0.046817199491207856,0.09648516330974577,208
0.1384227457303503,-0.056032307701397305,-0.07714392740417349,-0.00466556281008668,0.02801611588196068,-0.06893119068041348,0.039737115310106645,-0.047889764187831384,-0.0014452270878279104,209
0.07367401670136858,-0.022500951240158263,0.013209691680218856,0.016056693375891357,-0.008836295920533532,-0.018540658234803307,-0.05000552300485495,0.17949689772841507,0.056091944794123876,210
-0.05642306606635061,0.07365834795513922,-0.02790036248894496,0.08811307885563871,0.03696421921980939,-0.03916701450790088,0.03828246219884661,-0.19652447661869313,-0.11267674689098053,211
-0.15641200794344262,0.00592420072968719,0.21951083764293425,0.23171231940557624,0.06380511014407572,0.047285396982950215,-0.1938142284930392,-0.08183981129019054,-0.0787783751908239,212
-0.08843844163067226,0.04903886943440132,-0.136454288877084,-0.1633242946049912,0.07479102561175338,-0.11039372471214857,0.04047457535514753,0.17522980626947254,-0.09193845915864235,213
-0.14862626846423577,-0.06953670885113628,0.27914657086048655,0.21425324959740155,-0.1229549594452417,0.10011392445397481,-0.08516884932725734,0.08195718171518264,0.26443433470170347,214
-0.12380947165134454,0.10911793740760331,0.0707238921496299,0.09447286597734707,0.009798315347089545,0.021486604836704108,-0.004124983183287932,0.014900964482101368,-0.03431922754974105,215
0.010573027558684368,-0.015743865959474426,0.005635595077194876,-0.04202928335435849,0.11260502507721681,0.009303596891394188,-0.1697829351278417,0.0944915195412075,-0.09057323008626189,216
-0.07424911047447544,-0.057875450881190754,0.04961612866064603,-0.23567703180553762,0.3137748533659994,0.2582265279156112,0.025580150324903933,0.004504992558389354,0.028555407485765696,217
0.11355263782925673,0.07940639719319952,0.08532126110360444,-0.02819849899053406,-0.019733842030732612,-0.00026528838794637015,0.07088845673519581,0.1341514949665366,0.05935567222808619,218
-0.2372116667165783,0.09118645598405743,0.017048279648619595,-0.03282324355742588,-0.038851845308888584,0.1112100330945829,0.09465979527650456,-0.06304093673300219,0.040705228712453516,219
-0.18237868624899908,-0.13284733258430717,-0.0623823490471418,0.08888260412794698,0.09531250453760867,0.06853990524273511,0.11143309026790374,0.02916597287869251,-0.06414815952229523,220
0.023629021029458453,0.061326247808625695,0.09996934371826172,0.10032905952884544,0.07083038472010637,0.03174350782909744,0.13100399066660004,-0.03351773871787613,-0.08818746512277179,221
-0.03404620717233174,-0.0444994613651664,-0.04436666970474311,0.013936292385762399,-0.07924199209999613,-0.06640683039441332,-0.17825123895519446,0.021371562374971707,0.00012054753622242369,222
-0.07035434367273222,0.052614565931817577,-0.015647853008004392,-0.220058903116042,-0.07627247785662143,-0.11898989556512163,-0.11723270074893113,0.07616356933612672,-0.019382613877280352,223
-0.25945932885933304,-0.20508059234307668,-0.07411049095863594,-0.16952051104759702,0.005993263026632826,-0.09034582407502909,0.09441939613607253,-0.2365649653656401,-0.30195121558208254,224
0.10678565077909867,0.15781797086349458,0.13956446667059877,0.02687319678482719,-0.04916361856320474,0.07880743767695399,-0.12897565839670705,0.06532723250645386,0.05054701591666269,225
0.20695070841007332,0.3178353438922874,0.01324908793886096,-0.05940791436383282,-0.002557431219199444,-0.19902197045493528,-0.041888709921971926,-0.05927133773902114,-0.052408839793459255,226
-0.05942793032479754,-0.07826726685656178,0.03892428399327763,-0.017567879426363345,-0.0009300321138614418,-0.06789319473096544,-0.05413862127332943,0.052160268916881955,-0.08671302157109004,227
-0.030744877871000324,-0.018695317679683177,-0.12887327567502746,-0.14679061818698302,-0.04762208735446591,0.10004489724848199,0.002493514744354594,0.049140419812633465,0.08508979621679723,228
0.03272739218829225,0.0003845022903807213,0.09966278222461376,0.053232647634737514,-0.05827586576115821,-0.23305723933050043,0.021587797818338278,0.17469235268844976,0.09262154022415925,229
0.15097219741426945,0.15351190684800592,0.014043154199478665,0.0714692478430779,-0.06176518954343502,-0.06497947192449072,-0.019992918788560993,0.11550782406804663,-0.013944627568099955,230
-0.05070164556781341,0.0042657421455033285,-0.0037866606756430457,-0.15924246419455357,-0.22961809531372382,-0.16429304059303293,-0.14481405776498762,-0.0559863309233426,-0.014778031881747153,231
0.04584349205751193,0.14411075524438163,0.060692221208210995,0.022361216493332753,0.0622207144043402,-0.059064765606475333,0.046408614534465355,0.01589039294989645,0.06704806172412126,232
-0.07991935973687464,-0.13716821023914316,0.17780951599967162,0.04582280065682473,-0.09020515543575104,-0.061851709943318865,0.09187081047921057,-0.06144763592277407,0.16426729532559636,233
-0.006148037249484664,0.11718204736073978,0.024537658578436566,0.09806179246180168,-0.05441140021141926,-0.011131446885563053,-0.01755618094058949,-0.07428989348844287,0.07408243454201259,234
-0.07066537569176026,-0.015498693960470891,-0.17261758333324245,-0.2689087772714844,-0.019102776260016902,0.22214965967595326,0.07456442237985532,-0.011127216995728833,-0.026289082920826767,235
0.03706030568656494,0.0029266365175482645,-0.0823165216312657,0.1228930424812652,0.0715381315441244,0.13092518120432223,0.12159995476755636,0.02551180902823769,0.067286123596682,236
0.037686187433545876,-0.06009902758348209,-0.0358251104046686,-0.00979421040801999,0.15490201514951873,-0.05216929267386594,-0.10092871315373124,0.018257153688612308,0.005088770185601807,237
0.014000560883217043,0.013647786669449448,0.020911670703206143,0.14744933454783707,-0.16009039784765156,-0.16192455768675065,-0.028584728450757817,-0.17047378527053922,-0.017585440443207118,238
0.1973764296252813,0.008362150040558021,-0.009902837456937593,-0.1436828204401981,-0.06163614080394775,-0.0429482589651652,-0.08844510486598614,0.14768356662575624,0.05576910607251245,239
-0.11417493800660458,0.02167962660611921,0.07392976665559142,0.12327998027376788,0.15805406865683735,-0.039745882651489324,-0.09611764175884166,-0.13394848096020598,-0.02340198591069814,240
0.10423781905165472,0.12091238165558761,-0.007220449576974927,-0.022563205467097926,0.015175799224874038,-0.06929555735598002,0.1950428132414561,-0.15430018245045554,0.018474057889572446,241
0.1305683041336196,-0.0014861504170927014,-0.07133572878662565,-0.03224440206023846,-0.018039168176240784,0.07220893569033886,-0.2454396362075437,0.10350486979387749,-0.14239571524501451,242
-0.08549440607961348,-0.06432516066585388,0.0046678722406784945,-0.11046832778205444,0.046217266608194287,0.19674944519050833,-0.11104427296766246,-0.004198759461841749,-0.06619821777966091,243
-0.003907042456085363,0.0033151394137787542,-0.06157408298294402,0.020243493985456253,0.1804348109786743,0.023847830694953213,0.1408381000314961,-0.1628025689757467,-0.09564363768180088,244
0.07661186232986905,0.1299393779587133,0.019865172908864432,-0.005246348289401757,-7.085945766459172e-05,-0.14315627346624404,0.0687982733787703,0.07241014458318311,-0.04520903328330804,245
0.0032243337341923556,0.03254737483786418,-0.0251011614924443,0.026028814570822657,0.20997217891665154,0.099552589297891,-0.08593871091530764,-0.03870746156101813,0.07441919714999368,246
-0.007578198275622224,-0.0724676522798759,0.19871754371095116,0.12058669893146037,-0.06004235657387052,-0.1820480316277926,0.13559477523795407,-0.040791086605303506,0.07906255991627686,247
-0.13216566033813537,0.14887499694321626,-0.06671760579045755,0.07209965129263111,0.0014273067836434107,-0.09051587576241558,-0.10442044236240546,0.07233815155470329,0.010589445311523425,248
0.17557531432923593,0.1776287767144113,-0.05895920476803315,0.18087422307932965,0.010435593752321294,-0.04831638316678987,-0.16471191909074445,0.01334571483965273,0.09216501119244594,249
-0.08959451223138021,0.1334277315943248,-0.23787849913281517,-0.0004028113510573673,-0.1252393444413119,-0.12416307100117896,0.07177800490135358,-0.13322366435005503,-0.26042138566271344,250
0.024801528149000884,-0.02768969456649359,0.12238331402704078,0.12168366961330986,-0.10710536796490489,0.032610267997596844,0.07579367639738485,-0.1666709444934875,0.03196518259189773,251
-0.005024228193762921,0.02856272689794764,0.062057107161849825,-0.08176427149588908,-0.06757080791616119,0.0001833095047900665,-0.09731100008712137,-0.08480444798504094,0.06793732829565034,252
-0.057677005957480335,0.08524838223947614,0.041766106897954236,-0.1286868442967507,-0.06775646523356552,0.10740296667970864,-0.09805239478729164,-0.03026829496712239,0.04620608932518965,253
0.03176720798640596,-0.012624056535063303,-0.04825886523995783,0.11983835811200573,0.1738899663797579,0.142918513686808,0.04612285259440043,-0.10989212639357243,-0.08304444065565653,254
0.07570628584591288,0.027362162516881026,0.17831429781358576,0.07124539129086414,-0.15030803017598182,0.047564156443167825,-0.0497845829410585,-0.029640119976425856,0.025020020625169448,255
0.35686474491581127,0.36448614494461185,0.07777260351508775,-0.019575718920479518,0.05345056484805503,0.12202112713666446,-0.015419307800610432,0.1875736121629313,0.02300707591914021,256
0.12469081658873413,0.08992420625997247,0.08731812435495323,0.06947479855759114,-0.06172531865469232,-0.052449108648730036,-0.06730802879933694,0.07121290068494664,0.07789365035121142,257
0.10853681148847535,0.1936446806412397,0.022279410835094552,0.07481596755585276,-0.10917008761393143,-0.09959518758027655,0.05119658772952225,0.07462136790606802,-0.029396694766418225,258
-0.09821740272650009,-0.1451035514175526,0.05517238545876791,0.10796488781345684,0.05752050161065663,0.04953795228397857,-0.029880946935000784,-0.022404924018753,-0.0660321139473447,259
0.1280163916465809,0.058649010076569356,0.10080553909546242,0.03661270196219478,-0.21533429198712445,0.04055399625772331,-0.030545462301447918,-0.062005814487322286,0.06934789119139938,260
0.02246227942851997,0.13623530013330093,0.13956655786971617,0.09952963646723129,-0.13659557112005344,0.06546193022830604,0.040318951813588765,-0.03190911756764153,0.014338846734225108,261
-0.1713194970388541,0.08273524850898194,-0.18587839399256872,-0.10813282571223459,-0.15223591862178912,0.02133061559709551,-0.040014663789371754,0.1346197197848195,-0.05358014630522978,262
-0.16527721914170299,-0.16741596219263655,0.16471548194644342,-0.04014416847529177,-0.0548287296490601,0.049268863438918786,0.05764398907573793,0.1624373546364985,0.14484992298929264,263
-0.06761306441803758,-0.08319012402427081,0.007195705776157017,0.05803214856993384,-0.0963758926210611,-0.13777236335251833,0.05162289035861012,-0.0037173403176395878,0.0032796995411586514,264
-0.1167032740654437,-0.02088135968772963,-0.06225458891787797,0.09463541096960867,0.10352493347237526,-0.16403352353751646,-0.14117141319262244,-0.17240376321324935,-0.06500239344068982,265
-0.10113416066648594,-0.16364089864521641,-0.19219854030242878,-0.1432256114678634,0.020726732939894396,-0.005605739856913094,-0.1295854885718561,-0.0014517157466144882,-0.05466800845872654,266
0.09360534366367236,0.1096856469391251,0.10359893795919227,-0.17127742847818553,0.08297324178791746,0.1799948909902242,-0.11678833782518143,0.1357053815199254,0.15379319184125528,267
-0.08415683557883645,-0.06067060071366869,0.13259559868776716,0.010246264978055405,0.05514762752395233,0.10076806229068616,0.10206780393939288,-0.09599109309935762,0.10473177066214484,268
0.10699097977359129,0.016839605199527367,-0.11089849071000435,-0.18228656877193314,0.05142547560178349,0.06698411895301937,0.029049720101809052,0.10074263290275236,-0.03340772309799405,269
-0.019472011705435978,-0.13523598108221285,-0.008472650901662087,-0.04271896595690507,0.02253079220409416,-0.044284405881022185,0.010297182066389996,0.06731796884081302,-0.043676423723821745,270
-0.10341146202966667,0.17241659515004343,0.08194032695869995,-0.10582493359464379,0.06897078052451944,-0.028636937831753445,0.010849179474748194,0.0212181398902781,-0.0234407800316322,271
-0.1251680314847482,-0.04447200714401596,-0.14213036815053384,-0.1042214297177536,-0.006717829004935526,-0.09780115161809788,0.05818227833014828,0.12842275208564122,-0.0580053241370043,272
0.0712367521509281,0.007329400585133233,0.058791901100739424,0.034343271735006564,0.07426824183597223,0.11713723758492292,-0.15799664529906404,0.11797078574326329,0.08872908372667421,273
-0.05256513908762156,0.02143135387498203,0.1029009914697586,-0.025799384884295153,0.10729780477660118,0.29682400543560167,-0.03760057010877522,-0.12747080946920683,0.030381859560487574,274
0.036936885146027235,0.007783660056450682,0.05753226135189027,-0.15971344547974156,0.06929186230316112,-0.06007100755080075,0.27582619252319024,0.17241855474439466,-0.0766656587783348,275
-0.038324467869427704,0.10321846710354728,-0.06458246491646179,-0.03583312966441087,0.0025388420542410183,-0.2105497495913481,-0.022408627252203984,-0.0862320761904094,-0.049312282239977204,276
0.1347622618123788,-0.14502542890286418,0.11112184251737288,-0.010087104995448827,-0.02797601684958344,0.10517536844417305,-0.03968728290008278,0.09094776284060324,0.09681846605328612,277
-0.020192383510632968,-0.02788712069556317,-0.12599115701236527,-0.09568233776980091,0.29490944253087253,0.276451849681311,-0.09829605766534157,-0.11538048351420982,0.04818660617184915,278
0.018992572595991762,0.017091036428026868,-0.031553000612293866,-0.0033112047137832147,0.03278795241593574,-0.010712378153908422,-0.12517188988629468,-0.05277918825663036,-0.08514064342603136,279
0.23597232016298944,0.2890600000766529,0.055112457757135,-0.04093408558459671,0.09218015019772523,0.1720115989030793,0.03826011669131618,0.13266408409060104,0.20565435648295416,280
-0.0416073433321565,0.06389694500828595,-0.03942726328843223,0.08924183008731953,-0.09186865114860944,-0.046339396619686134,0.030695068192287116,0.1297275774724554,0.09184544439424139,281
-0.19598651983696824,-0.006334767886544794,-0.1546828086427561,-0.13089858694519171,-0.02170170504243704,-0.09571874614484814,0.2264528598176621,-0.00492062999032869,-0.13776175007542374,282
-0.0074525513309272595,0.055733486950113015,0.22884758405981687,-0.15385018807479792,-0.18799243851390451,0.12388508365081863,0.005459856586393537,-0.06811725517335142,0.05346290861224354,283
-0.2807453596687745,0.06899182587766114,0.07169814951316061,0.15142009399453035,-0.10138959522925378,-0.07287045460734927,-0.049182683328172216,-0.005798745715274136,-0.08953463223630242,284
-0.07454915261813919,-0.07807209462507474,0.08874567863522399,0.07544327583262742,-0.02346205699574138,-0.008742310833750579,-0.17036380057592665,-0.03172482639713978,-0.005020461704174479,285
0.2255940768573806,-0.08457299898684917,0.17371203826030854,0.05068924738733874,0.02806364044901364,0.18636586050086767,0.034150738468873586,0.03705669671117879,-0.005312065301754535,286
0.1641960194311956,0.16176053485918093,-0.1093141632791057,-0.13378785729260856,-0.02029806373956571,-0.10743005132604083,0.05887559371376817,0.10773825554037628,-0.045730165508679005,287
-0.10890676363440806,-0.026991975502892188,-0.09027425754622165,-0.29487527331565416,-0.06067002947652968,-0.08123525227816605,0.08240737767857184,-0.1148695894620861,-0.1876552706041874,288
0.08946749020197796,-0.09061851614642943,-0.12601015396209433,-0.0810718271258572,-0.018452535765584956,-0.017783105897185618,-0.24898894400726504,0.1343272461334685,0.12748750412787221,289
0.027387574072268647,-0.15157161323110996,0.04543260140753139,0.05574638769139934,0.05987943895619102,0.1120710125867037,-0.07964146694186454,0.02420436980288948,0.045728040461524115,290
0.21410956960352073,0.08408043440473173,0.11174545549090152,0.04943166765073499,0.1410459145203504,0.13236307203166853,-0.046883936612010756,0.16476361155138505,0.06979032725390276,291
-0.04054288658665857,-0.014425660092653884,0.023935045039095784,0.01909178861815646,0.019729226563120646,0.047634442948293755,0.21632281266872205,0.11382656091776443,0.019063559126502434,292
0.016464211933953074,-0.09607187684102522,0.057089652737959726,0.20329750752380552,-0.021804589539237387,-0.12596593447967344,-0.048536833827403265,-0.13642997051870848,-0.07847619081277035,293
-0.11931445999020028,-0.12342980609647629,0.03261899747419869,0.09707461089673189,-0.09077561801469204,0.08476598210347998,0.006991131784873775,0.08003384917758094,-0.06578345538521371,294
-0.001727953823457154,-0.0994076907972717,0.08243814217147574,0.07071132638023331,0.05532512199847837,-0.13059707583213795,-0.05983889049144248,0.026530641677491452,-0.09483480042242008,295
0.014549807178757368,-0.11198233799458185,0.026730495205238,-0.13338805312351557,0.055229993767952325,0.09783428109352087,-0.11538615838420578,0.06731813592514715,0.026044226333355597,296
-0.10612098853218681,-0.09283631984604941,-0.21633152517153895,0.03908105771345764,-0.15648027713620552,-0.07296352474675623,0.007897176774507388,0.05734268506167431,-0.03020454994898642,297
-0.08046388991258685,0.008287612877367886,-0.016250785856082785,0.0017869807207277592,0.04692675898085263,-0.1731074959223868,0.05014163433733353,0.02566296990118283,-0.10166831285764973,298
0.03851623280151518,-0.008805964519587954,0.015555756417318857,0.03295400820098918,0.14313667818311834,0.22574551073110252,-0.191809542915976,0.1087196652143442,0.13289333195354097,299
0.06661604806075058,0.11376476944379235,0.2092202957713403,0.10600840640538749,0.02493085956417289,0.10167116478380385,0.093499712065575,-0.00990919392148509,-0.03514142357137325,300
0.19297219888754116,-0.01907677786279806,0.18966089736730157,0.02345616524099044,-0.13993061748019417,0.009205410752614433,-0.17441774309083108,0.09353390358771826,0.08852314829889911,301
0.01903877172751195,0.0692530388057487,0.19925671651684262,-0.07069064290434038,-0.10589075870566006,0.1409740202450471,0.19948061281649454,0.0357707734240772,0.10114630354083563,302
0.10181048334297564,-0.01447140829878562,0.0047440217481609995,0.1327165095158523,0.16850142787085096,0.11087489264683983,-0.03864052826443895,0.18012212974652536,-0.053097089781196455,303
-0.14572898601249618,0.03565698997341045,0.1114319475527322,0.10205160967041002,0.04148655003619105,-0.036184602579675554,0.04315767929074055,-0.032720651267449975,-0.25295600776943034,304
-0.014177920382315502,0.057561777757497753,-0.07536954842173738,0.08687538150304129,-0.020447122098612155,0.16031285642450574,0.1446373616185992,-0.05185987681665062,-0.015083771156669533,305
0.010262290120297328,-0.06777681214248349,0.018594899781025184,-0.07106851395688103,-0.11306153349375264,0.047207649548342154,0.11906245817075808,-0.049094135889308256,0.08953554307625997,306
-0.08812869274830282,0.030894993738105673,0.07450042638760095,0.02209136436537261,0.04547409121411344,-0.06104275720401569,-0.0031239810008899666,-0.0467161852169424,-0.0746578346540239,307
-0.026956243392989847,-0.1325117019700944,-0.03408943548276713,-0.06491979584009112,-0.025617975249538013,-0.0006971504840690874,-0.027541385007418383,0.07855224940324468,0.08745170741325226,308
-0.10812395815262599,-0.1305469161837446,-0.13060967532466292,-0.052264772215071593,-0.03519213178165091,-0.0855790011169298,-0.12985566909441362,-0.039262151043429824,0.018142662011397137,309
0.0035513797976409536,-0.094925207908231,-0.077446164064426,-0.09010425835465674,-0.003143917037477642,-0.1006428129840449,0.027360130933194587,-0.1911736877292473,-0.035962967245246245,310
-0.013482227965694676,-0.004850397587077362,0.2223410845384083,0.01294782926971505,-0.10040545968420103,-0.08805112384682813,-0.2128496178910609,-0.03721693692470265,-0.08330560570007588,311
0.12034168308357307,0.01174829790196899,-0.04792716874225273,-0.07029484498868781,0.17388513518533313,0.06540670331502418,0.15243781100153034,0.09828751166856517,0.04820667273353862,312
0.13207922222410629,0.02500157919894934,-0.17985089916217373,-0.05491932895323215,0.08451579711843216,0.10130661100610357,-0.11762663852009904,0.05440324801119524,0.17041055162554913,313
0.08845770431061893,-0.06015567068525529,0.07435632882655442,-0.03576285708739495,-0.1703871586826719,-0.17885617939515852,0.19174619070295604,-0.035917747461056054,-0.02433839793750181,314
-0.0032845741487779884,0.21272055760526704,0.2063897778022485,0.21850746635338975,-0.01590452104000513,-0.02430576764401021,-0.2142639177303846,0.10682115831744973,-0.11677795512679351,315
-0.05269091104590705,-0.047813319422609864,-0.10580653844288221,-0.05364082233407677,-0.06078752606758179,-0.12546116876781047,-0.06333389816791128,0.04466319342084252,-0.11048627930625202,316
0.08226955673986515,0.09005395369769117,-0.06240470028430623,-0.03877208351873361,-0.023052462518025084,0.1269539787504813,-0.02450064597339789,-0.03618574666917846,0.04838766511880398,317
-0.1223287859514809,0.04941454095900294,0.061252362517684546,-0.00866642103623368,-0.08385857984472311,-0.15189676303962293,0.09791562619725948,0.10059227910289838,-0.06373077470287948,318
-0.039658577807130925,-0.19032699310490153,-0.07501877039093281,-0.003927036824284693,-0.09096834169818337,-0.1420795519793971,-0.11994182271075665,0.022662757188414203,-0.01873290184063747,319
-0.33690447247045496,-0.23457564638078648,-0.042817805602207756,0.03259593084387845,-0.27475048427252347,-0.18901160800631317,-0.10235262884453109,0.12535801441089456,-0.03850218117128637,320
0.12504587989338187,0.0012803723280839976,-0.11734700149923723,0.09738811084814002,0.021539650545628796,0.12950757270343627,0.3264697078414231,-0.14804691120822006,0.17246966497611085,321
-0.05214295618808635,-0.006471210009470235,-0.08065449573734824,-0.07300582982767458,-0.056983292823875875,-0.009339384408853395,-0.10638971922096524,0.06049111258119267,-0.041619440488525394,322
-0.048255546047529546,-0.06919763452078585,0.11205120380530056,-0.06344815315340505,0.03584536182096203,0.016979138579742037,0.07252340044926327,0.1332520830443948,0.18486088332964115,323
0.027223566319449426,0.10048084161738083,0.028691773977003142,0.0453610600686877,-0.07188323876087303,0.04582317322327016,-0.013527031108758455,-0.003207480755156725,0.009175248444837287,324
0.07178291870691744,-0.003015372119094875,0.11501173956763855,0.18907327572956392,0.09854496856152184,0.1694727174318846,-0.029515841974242518,-0.05548856328451108,0.09553005582377529,325
0.19233690479117654,0.18177058944538976,-0.06761990724912512,-0.03599060458305629,-0.16394841625254342,-0.08740470611169887,0.15897250215910433,-0.024232745090790965,0.06404797952008238,326
0.024667949297411847,0.012119730647418534,-0.07259077961712752,-0.00354294154849228,-0.29911359709007235,-0.1221944403961506,-0.19363897151060863,0.1478087090014395,0.07774073527645113,327
0.057570745652544345,0.13032338883079977,-0.05669037737213656,0.18154221137141818,0.09321915642603848,-0.014687474791284228,0.07079396057964171,-0.139487346894632,-0.08245141615276735,328
-0.07531805801161594,-0.06990488401804248,-0.012111012900013013,0.14025403638626188,-0.025885440036983166,0.034404343154702414,-0.06217575281831753,-0.17260832251115196,0.02700573583914221,329
-0.16825021199989337,-0.010496708478550765,-0.03171903725138833,0.24681182612087493,0.09113627221747217,0.07332587677181424,0.13841218786961274,-0.06560981949312034,0.054347937867009304,330
0.031404180868884114,0.016886296957950506,0.1838968681659529,0.07941619760233319,0.028872366282502327,-0.14876128382463752,-0.07034057265781139,-0.009002860259889622,0.009337237427665124,331
0.018401945742796355,0.296336728007628,0.17150258638436586,0.07460451845238443,0.007203686128374476,-0.007669136626636628,-0.1472582953408467,0.016769390756882527,0.025775254014275068,332
-0.15700276894723722,0.08486841763979949,-0.13105328825290685,-0.2096102702906431,-0.08603850107795019,-0.13349714159123768,0.18608456791469621,0.008913457534879626,-0.13354815690998914,333
-0.058194891523419987,-0.1940463853697086,0.06292712862630087,-0.08917501818176121,-0.009363618873917085,0.10502206320711613,-0.17544035641535818,-0.1601377949334093,-0.058359932634600487,334
0.10831033423080141,-0.133056468959794,-0.20237388640014647,-0.03726484062367885,0.05517407999109204,0.19101054034010423,-0.00955841408604926,-0.0007561350126490951,0.11539007342557472,335
-0.20412443171715666,-0.09956424343834487,0.06695415939457058,0.04952235856420252,-0.05098066931908826,-0.0013568515208268843,-0.1819790462222625,-0.04995203629397847,0.04535087125544674,336
-0.07998688738611388,0.025984669977330913,-0.015139802477523931,-0.0735056123225858,0.01704637709965709,-0.08232346839487817,-0.021136026001894074,0.06651567059281745,0.01569729609684342,337
-0.120084931943588,0.017879699685822124,-0.07314052340372193,-0.2195428507386028,0.11590740649558978,-0.03633408883431044,0.013735779385815675,0.07171611296145648,-0.1371673697230466,338
-0.11104694647404267,-0.05079702660868706,-0.03995868775331632,0.2005712411413812,-0.08567720938267928,-0.10993665064114289,0.007721972068289026,-0.13406377751907814,-0.039568071175626385,339
0.024899073281696583,-0.04527364676424602,-0.03377134008804635,-0.10396431917412625,-0.1514470309180767,-0.02698127808930869,0.13701547944032416,0.009724407182008047,0.022526411724754954,340
0.04209849913187034,-0.13706445168108383,0.19050126355420888,0.0002361577957517326,0.1631856899089109,0.02225186434070532,0.17236274492452444,0.09687195240831087,0.05530400858523585,341
0.033492027893847094,0.03229751725881773,0.10260126975827066,-0.015985246001092305,-0.19670697035871523,-0.20250032238811794,-0.010796422700027867,0.029019301205059155,-0.005658848889989584,342
0.12013840337170137,-0.1643298054763813,-0.029657868457629806,-0.20955965915722616,0.07597122954841684,0.07591977911889736,-0.02891411563342946,-0.041607023450955335,0.1279464931657751,343
0.08747517082107459,0.049457069763899825,-0.03977901521930506,0.06421049684993736,-0.07068925679873489,0.024561301550344125,0.19152001212400618,0.0815249695546593,-0.07296024698074095,344
-0.08083125862029249,-0.14124785894165628,0.04686896463099448,0.05558496606922147,-0.18698163395321643,-0.248699197086936,-0.01971743413175627,-0.07241766745374081,-0.12094769354188054,345
0.07914147631915801,0.03920805028334955,-0.061078794395599385,-0.06720614304237453,0.10487071264165636,0.23238083861405473,-0.1354008673650813,-0.044024423426062206,0.04912076654119963,346
-0.050586813577673986,-0.03226335838500323,0.02641425700813129,-0.16090100790780396,0.13183023248526693,0.065088831252125,0.04018397905870112,-0.010238387996426736,-0.003757064497948127,347
-0.06781435164456266,0.157418099847763,0.02444526670772756,0.06616900575000617,0.09515497705740428,-0.025425675071538353,0.0701282808417666,0.0028728680426979222,0.08467707752164938,348
-0.2585851934056334,-0.0025758500118086324,-0.07128325419826265,0.023018480408342427,0.047004418736820215,-0.08547629014324185,-0.08011637269264278,-0.04244901481176523,-0.08966422273152082,349
0.12730813243593492,-0.05830569630422341,-0.26348616156555477,-0.01769683658239111,-0.10385438208439723,-0.15671642035414407,-0.1536593653723919,0.057443276171985094,0.13286408282482312,350
-0.016657353033991566,-0.1396961872912404,0.06132113713851564,-0.05855573441631767,-0.06946003691631446,-0.14037114383883467,-0.23003362779912234,-0.033460498508739916,0.015805348992013187,351
-0.0922817671935453,-0.023200351653181173,-0.12373847085043549,0.04387103125735618,-0.1317131919946585,-0.040339552637875864,-0.14935160223626462,-0.1265810054068522,-0.1466785190615677,352
0.040552412350455244,0.06040970459266724,0.09143748620271049,0.03319591285139516,0.052214254593393586,-0.03364757212444819,-0.04719776585601229,-0.03144979127037987,0.13305749040390402,353
-0.14971047109935948,0.11680101479972424,0.0904811107748654,0.21478905328059245,-0.040968659262949736,-0.008605290611605573,0.2163885334103274,-0.11549057635700227,-0.153504024753236,354
-0.08469149827766963,0.09841553611859274,-0.16907780198039438,-0.04139624355229018,0.04373131870389607,0.08935127963228037,0.03953263470435528,0.06698928904605417,0.12788658133133932,355
-0.05923957427231143,-0.11842285443997144,0.005814778523741293,0.05994873938787469,0.09003985883950637,0.15232943287167416,0.1496223145602909,-0.05945124283334828,0.16672241115511371,356
0.22032127295077894,0.07530663328169707,0.16983147212911817,-0.15552421768016358,-0.052444813626265185,-0.06683070622651516,0.12546323388082029,-0.07850174373340257,0.07574951493374855,357
0.16434602977023097,0.12046973164713538,-0.012154309935828219,-0.13621495186491478,-0.08468509661253647,0.07013721522338963,0.054544153211252944,-0.018528786039560582,-0.04179095457658906,358
-0.19997762437528188,-0.11073153484919235,0.1433683528669153,-0.1492184316696641,0.018947982122108065,0.1467876107748947,-0.1009442414720429,0.05129809129098126,0.09379155375106552,359
0.1446400763843926,0.32985081142675143,-0.1130566716605914,0.09106295942031004,-0.017280173739646437,0.07857579299920023,0.09550637894113773,-0.06530074597492275,0.022899639245934026,360
-0.2108380838986965,0.026407748558961962,0.07417438730470985,0.11894633510200497,0.10581183250871502,0.055888478103930814,0.0423104695295477,-0.11303456039384602,-0.0712220763649051,361
0.1411116508635505,0.1658858567620108,-0.05631666915767625,0.04568678216788515,-0.09046143749937662,0.04143511456483544,0.08610264970555366,0.16338043594508406,-0.0878323077179739,362
0.03247118675555482,0.006249591505254358,0.14623599064408793,-0.07156116984858371,-0.08729610904537005,0.10307521586616043,0.08661582635225057,-0.044186912017680144,0.1355442801105496,363
0.06186538856476966,0.05730044691800566,-0.0015554320511686499,0.09156579620768887,-0.08617030702562582,-0.0982332191427978,-0.1791620289077619,0.032993301764828474,-0.15614932224418596,364
0.15385170129318707,-0.033478639011995624,-0.018267841461757917,-0.11548291158312468,-0.02880388739220764,0.14241232443237856,-0.28316249235348717,0.13952736044737857,0.03380234811017082,365
-0.15507555271287107,-0.11301159174345117,0.15464249893657483,-0.05927277527838551,-0.11533505105959595,0.07049568027583952,0.08369960117992392,-0.08621068351447822,0.0216624975404619,366
-0.0175116169131192,0.15647488952323296,0.15254284905576276,0.06131841657108302,0.03616610612470166,0.2103725167561454,0.02464212083536636,-0.10245582559294938,0.04494739128323069,367
0.1961260400641642,-0.055713094601856396,-0.016969227868112294,0.05711095095133768,-0.005390484900573916,-0.09281081788203344,0.185816166487698,0.2388686732675627,0.019613145902390734,368
-0.11266399100366839,-0.1599868208657812,0.0803355504423972,0.14885065965492253,0.047516774649538164,0.05453221755340208,-0.09141095143764233,-0.0800000668504381,0.08347513263248822,369
0.0643274580687766,-0.13047231353635416,0.21188579039848465,0.018638233911182363,0.13995946451457936,-0.05111963874114303,-0.11749613939785318,0.002700523964602103,0.05027844268951942,370
0.3128346373240123,0.13417362850105857,-0.02514847317124325,-0.10701482499486902,0.12300005727191501,0.022502766102004287,0.14495498191783213,0.027231907580973828,0.15905820726178505,371
0.0633243441336378,-0.0212440908956188,-0.07635043766569284,0.014940722281433068,0.04283166923752375,0.030132981967423356,-0.05150517267116901,-0.013812944991592982,0.00785770297191498,372
-0.10604578049348799,0.022911680179162022,-0.11569354437817653,-0.14349923807149162,-0.16873443471107105,-0.17718937990570827,-0.12499820662263075,-0.0025380259496191604,0.19532591375265684,373
-0.1434941233703146,-0.01693305268664982,0.02661903762573667,0.02918838313877902,-0.007744346072599365,-0.19032067985750162,0.0830764718609233,0.12182661006949452,-0.1682658694122686,374
-0.05905167510264319,-0.019995322949979612,-0.02481118463374457,0.1288052146765896,-0.07282722024066131,0.22481280820515195,0.05244262148423405,0.05720192227941212,0.10269862633197323,375
0.08135615757763291,-0.0638381041959477,-0.07098268701056445,0.023645392330374194,0.08616361244979441,0.04972075092397413,-0.07901516534729655,-0.08287149462088747,-0.007397286359437804,376
0.09130522205767393,0.1759594115758115,-0.11647597639019497,0.024047479060215465,0.14891131083282896,0.31694547870499856,-0.023037479495005186,0.06908455777397263,0.0569760357198647,377
-0.032129453000594166,-0.044827313040989095,-0.08183389498129942,-0.2890981393645472,0.06820694900626313,0.016313556667393037,0.08868342786892294,0.18106352891428645,-0.06749340187905523,378
0.0029260376275708835,0.1746051617260836,-0.13635986469225103,-0.06977444706931468,-0.014702542343084999,0.056170561633479096,0.026489995568918904,-0.14788843442467792,-0.053216856312718955,379
-0.0579775525286795,-0.04863006392997987,0.11285806324098727,0.062159614983205436,-0.17760117540484022,0.044241502915534386,0.04491658117138003,0.15400014621456415,0.04441983272906719,380
0.07852185499358297,0.08051195011730888,0.11363595970659564,0.07505136911619634,-0.009791524644290407,0.17178510929322408,0.10438823824842625,0.012703787521599556,-0.1276304416538336,381
-0.10906126865303534,0.06336233612616403,0.021822270394909433,-0.06944461975098017,0.014098269961206,0.16074656120118455,0.1296650357076583,-0.11800365992527687,-0.011150882714294371,382
0.009262628930873748,-0.032223310522383294,-0.005959985712638088,-0.0470330488535078,-0.1255135371973395,0.012872321089444748,0.00020053273568358676,-0.2210908481426686,0.2052972024501663,383
0.10187407708584698,-0.03941806820629104,-0.022838039636834777,-0.13165982286392605,0.16957228778108654,0.27304787013615706,0.020174685205958123,0.10848810168122182,0.017528677893392387,384
-0.2059162967223896,-0.04803374878741616,-0.014991395933551555,-0.02582430812594868,-0.0218653277435036,-0.061403555891352116,0.08747890476110884,-0.03189532827413271,-0.1060605066396601,385
-0.1429494811511831,-0.13295584535006238,-0.0027429279664272777,-0.2378300113472913,0.11535903433169255,0.1760940826968544,-0.05170930326023538,-0.272959578451585,-0.03613105619672905,386
-0.057844335249531656,-0.10188270038281953,-0.01144184441092689,0.15533517711905356,0.0664927162301741,-0.0710729603082492,-0.09812698801564419,-0.04017271903824245,-0.021345677935043827,387
0.08586627452692128,-0.05696422458004397,0.1536068082993869,0.21898392327748467,0.08155010224442627,0.07911433177500037,-0.043190583213216685,0.00565511851783794,0.11806409124521447,388
-0.0691696345611629,0.050604313389814325,-0.07305951078669165,-0.1016574934617506,-0.13724655478841008,-0.0508075115505844,0.02158961893571177,0.03134803621828615,-0.053360030643916694,389
0.14221997082643595,-0.10959523135719197,0.11553769097331246,-0.21050102127062195,0.04347700645568912,0.1182884679481288,-0.09733833583679279,0.08722254722770681,0.12795186697601588,390
-0.08431225181079877,0.08493578804107521,-0.2375423842617563,-0.11102756416470372,0.16291663649009452,0.09785053660787923,-0.07598703265905218,0.052582948937256124,0.2067906338163552,391
-0.2197783579094755,-0.17639370644246133,0.25276532167371873,0.2072368029855036,-0.010343122429028392,-0.1014017958352377,0.24383203799367364,0.18320738374659784,0.0678946987762233,392
-0.03721296292575946,0.07092666241831194,-0.023033637538083344,0.01579272182126705,0.1451001438131336,0.16576205443017666,-0.14322823624080902,0.14860926990241421,0.03131321400131553,393
0.032600290227178114,0.1397439946664353,-0.13818284748572573,0.031972434835962696,-0.053145455135921504,-0.2543045071279404,0.09268771681105381,0.186752934100741,-0.18400777445057528,394
0.06554132562544336,0.022599439261759634,0.0015300416210419655,-0.03239086820427373,-0.12992163634458243,0.012597626759503502,-0.16468297519637176,-0.17718144277987477,0.11945922205137308,395
0.11412791234940667,0.0056251101714205705,0.06508689721017871,0.05248721179418727,0.02243396567780826,0.11332846906845251,-0.02533905072155879,0.1424258742650386,0.03207857259326839,396
0.042980131576747724,-0.1074800397081496,0.06420999985480028,-0.092498732480885,-0.06382827265284942,-0.05700672304585822,-0.06695852901596414,0.2590740074712903,0.13313390619884033,397
0.20424511609948043,-0.10302650199911631,0.001276401366996402,-0.12120068996361505,-0.0695694877197064,-0.08038379446776471,0.10400604757810578,-0.0022296911308854195,0.10683793336940164,398
0.14133699420941254,0.23074679562057782,-0.10383565869352626,0.14230865538504073,0.11464408704007277,-0.05484709503280704,0.07257900558359832,0.025652827204253614,-0.02274762599534078,399
-0.19109701637596715,-0.10306164275297647,0.1530080062845017,0.02860025998309993,0.07821300015314592,-0.09787713655990093,-0.09718177788364635,0.06096331352069061,-0.13495762115515322,400
-0.03600707448993753,0.049305142992573714,-0.020500196616281975,-0.007164295607428695,0.03958197810959231,0.07573126181394581,0.039206756749967674,-0.10852580929429056,-0.02841550979287972,401
0.11108599782211573,0.08331465977250264,-0.08599303321770671,0.08620926906009027,-0.19782252493748104,-0.11769956783549279,0.21628264330947874,-0.12399057831910401,-0.08343230454915822,402
0.017712673377545396,-0.1800780614862766,-0.04264085284155222,0.0949783623105284,-0.06342858476894031,-0.04146712601530422,0.03322372228908098,0.051493252223995194,0.02668183962954019,403
-0.06477672883867416,0.024213855674429872,-0.027540057905820925,-0.001993693101413313,-0.049693202511797825,-0.07305887311341693,-0.11350927336055787,-0.03188579122763316,-0.08110008636288449,404
-0.14564569019078943,0.017604097413792534,0.0374172607615328,0.06928560487237288,-0.04311255695750991,-0.011621513259289576,0.029509151637670403,0.015579501885084505,-0.08256536828021421,405
0.05265945934625919,0.04763920783392597,-0.08740400204867203,-0.18087626638157955,0.01604896239734801,0.24340907940698675,-0.040071456516449624,-0.05974051019563319,0.03733485597113982,406
0.11207451641889564,0.09305231592703984,-0.06762641529448933,0.07756619360188559,0.05904220612514635,0.04724695426339927,0.11906190958461435,0.1334767864608315,0.08723153800284504,407
-0.14558807999165063,0.061727894087201654,-0.03965179521482935,-0.008906772408117002,0.00731969910016945,-0.0565122794200765,0.13570718370289625,-0.0475559104783321,-0.11195461283831687,408
-0.044549134029194845,0.005973933116598754,0.13626220307068848,0.023898045947186003,-0.0850535278747044,0.20417632678118303,0.0066982333007711906,0.12222906862469846,-0.015171443357722914,409
0.1499225326368172,0.12482551137304701,0.2100393699121012,0.11890169537438731,0.08721970000729778,0.04506531477751593,0.01428711017780792,0.0659202335643572,0.09331280723410694,410
0.11314966688372412,0.169529007545069,0.1759086217511563,-0.06361346280261806,-0.083692070379628,0.002389169593319543,0.046534126991050216,-0.005129607616355045,0.13522026788671446,411
0.22724825117135014,0.056717291349420836,-0.10389588724992319,-0.16797860164066336,0.02810092502818063,-0.07089042756901298,0.10209995032206902,0.09769286949858363,0.32430929695947336,412
0.24020303498041284,-0.04931367309972863,0.06276083327921032,0.08842086789290426,0.17031726099180378,-0.06385063497033541,-0.2034491961846232,-0.04180766514435289,0.05827375831738644,413
0.13966830165455285,0.1258053954821481,-0.1302154942791459,-0.19413375313768338,0.08580141953021454,-0.01248196097917982,-0.2241965086784812,0.04226752368359187,0.07931756882186775,414
-0.037742517674583795,-0.08484948690199269,-0.0026207715974034193,-0.008770859519147255,-0.1348047111940167,-0.1254077954976779,0.04775930415866851,0.03804994734648872,0.016805980596682025,415
-0.04444733554107887,-0.018936547692787742,-0.1638530550179249,0.0746597291813765,0.14288577078135675,-0.033000910975500675,-0.1024854957559628,0.07676017007597488,0.12528426344274837,416
-0.09272944160023189,-0.11838094943196711,-0.14742589517706692,0.07039457167591384,0.20420760401437443,0.119185587844992,-0.013778216759796567,0.03182001093849748,-0.001109200394860206,417
-0.015970105336055945,0.03810022301465047,0.048498440753686395,0.03667840060700395,-0.097536602727825,0.12653231611323218,0.10818523027905819,-0.0202282138578624,0.10018248536819373,418
-0.07952089528806448,-0.06365081702499778,-0.1476295817249223,-0.18654248472745508,0.047154238041820576,-0.1653378684266515,-0.078558072486945,-0.2105712401555346,-0.008606969279089306,419
-0.03676230722307833,-0.07695849583611308,-0.1674194003004454,-0.1283352092289337,0.04643698635465742,-0.02691603960040964,-0.026232421795713542,-0.08218767261543437,0.018106274277108234,420
0.14428877536497303,0.008390759949144719,-0.026370398804055523,0.002537536635534767,-0.024066517453021304,-0.0015581802614197627,-0.041981719074993734,-0.009010253230942986,0.021209335307417525,421
-0.14139978345665277,-0.1094990023402145,-0.20794987920007854,-0.16401963678438497,-0.12172826922204794,-0.037442920519406175,-0.08982411464068532,0.05257642762944929,0.0034713748752561863,422
-0.28526070610567605,0.003112594662145418,-0.029848300141014444,-0.11926649130550146,0.042019154289499164,-0.13846546241202834,-0.0033379845069586196,-0.18920856653420676,-0.1793106452534577,423
-0.0803184328519237,-0.02132738466978795,-0.10285104480506738,-0.12759363262802553,-0.03998990621311371,-0.01787059055599709,-0.05295221485646361,-0.005203928955976808,-0.0670115200454233,424
-0.013366013630266987,-0.14847264709699828,0.03815843758081256,0.1542613031372394,0.04809080927488954,-0.055530555543249635,-0.0590844113608969,0.053804642720467054,-0.1422974925261673,425
-0.059391246220096755,-0.028308245274928374,0.15467396764930652,0.0026268177399264153,-0.09680457585102453,-0.03543724732918023,-0.08086800884976682,-0.03671776467386625,0.09788895585567792,426
-0.02957946019690129,0.2072802758682293,0.106586984200682,0.03777099053395079,-0.04629395120252583,-0.016080156043321525,-0.1557182180176843,-0.03518832103917002,0.04936548476431509,427
0.0755130030145295,-0.07873958642004059,-0.09212693985796418,-0.035209530236233154,-0.13957892021924853,-0.021753564799296916,-0.07802708778942345,-0.03535726313461812,-0.04519493719118777,428
-0.04046497202858888,-0.028342580505444723,-0.011523612536855701,-0.0405272916354333,-0.07284616216803429,0.03901642269912528,0.15774797916947458,0.048852860805802256,0.0996118214911129,429
-0.21072959644251474,0.01231906016832024,-0.17115090002803374,-0.16254030430821434,-0.07393714074590363,0.02461019771010342,0.10865733081165842,-0.029344047390707614,-0.1532700559889931,430
-0.03620437156008123,-0.021175269118236563,-0.07017899177959905,-0.1917742233972999,-0.08903178480198719,-0.05295703859496024,0.062242660150255195,-0.2252871212517897,-0.016212397547985844,431
0.10954060389121345,0.0639075013177416,0.1324182620704672,0.0771353826345129,-0.07999405067019343,-0.17105935541294057,-0.057840239214376185,0.14893409098421112,0.13934545275244314,432
0.08801732686570106,0.0826595609013136,0.007762091048369994,-0.06572811768322528,-0.013006029355362004,0.14817311319303786,-0.15412657497371685,0.1502068936637631,-0.03220281544920584,433
0.0022512634324906577,-0.13835287363524282,-0.03484090696782125,-0.1263594127053909,-0.14152671919241874,-0.10179425781382992,0.15280776847716013,-0.13695970247539369,-0.14990159604584014,434
-0.0974411663758627,-0.019195804968064483,0.04933436973216334,0.08590836424642852,-0.00594151812724941,0.11841395395805096,-0.013204515781311293,-0.09104750816928893,-0.1611567359102828,435
0.010573892890500348,-0.018838383621464623,0.1649592405136526,0.07363351337948877,-0.11793691216326173,-0.0003460131358016469,0.10859800105822318,0.18386577479827537,0.08875039674140595,436
0.159794322859932,0.05549637161561214,0.09950147871028442,0.14695482178704114,-0.13327773974796497,-0.045710028582248326,-0.07737797947315465,0.08097308802038998,0.12302221756507876,437
-0.11760470984442743,-0.2091799931338585,0.0025661603236262695,0.09191018905986333,0.05376299029498797,0.08762374327878089,-0.043997840191234885,-0.10986777236512228,0.051529432162446744,438
0.013564436057793242,0.2191795214351335,0.03002673655620379,-0.08242512184936078,-0.061138524738862825,-0.029350110004085245,0.006718117945398328,0.11820794349403704,0.018641616974404633,439
0.106821417425155,0.1980520894824394,0.10432296507579407,0.07952744081951478,-0.06082265074447593,0.08955237435786378,0.020838460612889687,-0.11843030034349289,0.20152751104606403,440
0.19806067422510085,-0.008422642091860541,-0.0824971419572347,0.0747047420953382,0.00866976994143966,0.09736051930564305,0.050501070644661285,0.10127979840930584,0.14473056993918065,441
0.03258190134055925,-0.12971469247816453,0.2438177618603508,0.1346602788877219,0.31520567345120853,0.05161911598425241,0.05836438307200256,-0.1888496498456264,0.05531491563792092,442
0.052798812458720916,0.2654899080406006,-0.0949318698436728,-0.16552719478227787,-0.04712637407025197,-0.2176173422060008,0.09317663604521936,-0.20551228928422152,0.0028457581183158882,443
-0.3003278367123674,-0.06050934140676603,0.14361708648861038,0.06277014349986824,-0.0863493604964934,-0.0966518956485635,-0.07436438256765562,-0.0005770081304883601,-0.13668583632808265,444
-0.02175088702337436,-0.22735403721369443,-0.08273026893669948,0.0006877843111207441,0.06333268260712385,0.03870999282278892,-0.17438446886262587,-0.09154551224754229,0.01986800095474069,445
-0.13359146742302236,-0.08273149164458449,-0.02332388302244353,0.07776227505106872,-0.05176925728692147,-0.10617899944500835,0.23054215629603042,-0.20718275929350538,-0.18518427315746588,446
-0.02239697472422897,-0.07486147103614339,-0.10913300987384553,-0.0649159346984312,-0.025980014076751254,0.09151372264339026,0.04305019605605901,0.03665440423595512,-0.14162270557926457,447
-0.23153653709947628,-0.3166477689106964,-0.11306019726779487,0.020588359460473993,0.051694651574837096,0.009301622209535666,0.029799774553381286,-0.06172199337347812,0.020475888240178416,448
0.018050485279773362,-0.19550673792138576,0.055949699823845726,0.08780576533962314,-0.04151002889633696,0.06712283020891968,0.28472101222059276,0.0033314674514971342,0.039330705000532366,449
-0.0117423384296036,0.03491002620735876,0.055044712473097314,-0.013913632828741782,-0.10196953197088568,0.013229375308520155,0.16971258444488557,0.07853312806896717,0.09619871890718411,450
0.027762391741463527,0.09150343768430025,-0.06172705258650612,-0.10069031664978045,0.03185210047988745,-0.07294645019287674,-0.058657746130497145,0.029336380297541757,0.029724427338012407,451
-0.10232689502855692,0.08688046134233579,-0.03771916183148196,-0.12835697783595745,-0.15375847964491754,-0.09820644019457868,-0.07012562895362287,-0.001395037435142547,-0.036311666115556654,452
-0.2320218115702304,-0.05015044237956043,-0.006551921662630467,0.06787872379734922,-0.06981996746110497,0.1274757231446352,-0.22553630913327827,0.12326558579952877,-0.02243189708781048,453
0.15010191169942905,0.00601457190708417,0.15471367518881213,-0.041671781062682024,-0.10986204251778123,0.1420025861558966,0.0332684385124082,0.06537216435398889,0.12347519140447952,454
-0.016500687851975976,0.10596319232056937,-0.017224365890453022,-0.006276337629071304,0.007227896538428889,-0.11132198515900879,-0.02818279912747968,0.1661239808417818,0.08861911885847956,455
0.07933351592578258,0.019145036084153404,0.0458361516843296,0.11007661482565899,-0.02003525777941639,0.0765199105926232,0.07564031960855344,-0.02317952702719938,0.1558789184496894,456
-0.08922566581715018,0.17671505861657874,-0.06898033767372702,-0.08227532767508577,-0.1890010171182943,-0.1360223680725569,-0.07719868439527032,-0.06557051833995804,-0.013731096578887962,457
0.08365259503842504,6.62338379444731e-05,0.019459206501904625,-0.07202646095969897,-0.08807540896027302,0.13051611984777367,-0.12112793230171959,0.15711368324489924,-0.02430611988808665,458
0.04558999775348373,0.11287427797356436,0.12582289538370492,-0.015206427990902743,-0.03882430535215389,-0.022893787900924504,0.07947639476993261,0.08927841375177085,0.00042298589941515766,459
0.1167826327934605,0.20158284184220557,0.07588002530602517,0.05099866458192348,-0.1518910825090068,-0.3520153078085491,0.03082474715769326,-0.02749981675010319,-0.051478267491474196,460
0.00717193897784113,0.01672363467211672,0.09367558527525832,-0.013695329628389754,-0.07469232850701676,0.04630864782005935,-0.14491846522761243,0.0359442936504827,-0.04774107061928005,461
-0.06524369307144011,0.036519498601147116,0.039049985875489544,0.06889585229628956,-0.026864575330974257,-0.2076200804457024,-0.027069361621818097,0.06897368394087285,-0.029737607924310645,462
0.044078000652180614,0.11035264635324057,-0.06614457277511931,-0.14288282238591904,-0.016063111952549437,-0.035985569613649605,-0.16929166013132124,-0.0003351479362316452,0.04915056472467837,463
-0.02052489055843081,0.010854735436087986,0.16854045985522806,-0.0050922279573912856,0.02783486346446696,-0.05754599056177087,-0.09723092135347465,-0.07524731534503609,-0.047875857152168855,464
0.028815862878609814,0.28546971662664417,-0.15104654705939097,-0.039869545817085975,-0.006312301311124826,-0.0603163335404398,0.006213984498858693,0.04348585692607945,-0.24263920705352082,465
-0.3259306795831467,-0.09490178131883223,0.04172785575344422,-0.17287572642841967,-0.30076323396937577,-0.11764709869313542,0.0032550056311175177,-0.14351472670517554,-0.098553960072093,466
-0.11444800449860347,0.023571888473427276,-0.05545295106457826,0.060425892060597126,-0.2854626662904391,-0.23566529668308306,-0.15378188063370243,-0.04446573938440407,-0.05380477584901386,467
-0.12084125722022623,-0.20256956248537925,0.007630251717560314,0.050702419681562846,0.18566474365619548,-0.06030571063658051,-0.050036993403827355,-0.26410474640719234,-0.23919562043130238,468
0.0855984600795719,0.0017330461504610375,0.053579882028743475,-0.13013632317732246,0.05199021395287526,0.21061962356615319,0.020863562112923412,0.027957613387957124,0.0008556080824349832,469
-0.02377186863860084,0.15163125817965786,-0.02363514249466453,-0.031034344257484976,-0.15630343065712538,-0.13015149120478267,0.21722560817037717,0.016134412765704757,0.14532754760425445,470
0.025475963184114138,-0.1912803200441851,0.08391911022560611,-0.08760123290021166,0.06986888135170435,0.12181100904838714,-0.19986484471596097,0.09329728651240488,0.21962231421527992,471
0.015265121353298897,0.019423957767135517,0.07959887113812032,-0.009143467784745476,0.020953423026279436,-0.1331759629380855,0.06601865574589534,0.07428216631819362,-0.08360621521000247,472
0.17301121591217875,0.014709058926923497,-0.0012369054387226658,0.12116282271191743,-0.02867942357382693,0.08278815631376034,-0.07578745025418364,0.011291992798709835,0.04935602043342916,473
-0.15196992610981302,-0.19992424967679065,-0.18058508625533365,0.08699803131943135,-0.013213658890154726,-0.13919122237618972,-0.10688154681593132,-0.17873658452625302,-0.20217986399619475,474
-0.007080707393281604,-0.11401928393470478,-0.06373612381692063,-0.00044335172076677594,0.036397063085273816,0.2646225340499706,-0.19990526978798775,0.14999665896557973,0.0973101561015072,475
-0.15163100385847605,0.0012027583135269145,-0.07950841466303737,0.022385138380198618,0.15091310134045507,0.06910925226936268,0.1434787242408339,-0.09497291526781598,-0.14840566649243353,476
-0.05040437482855614,0.0968082910874803,-0.2554598042138961,-0.06225613283962483,0.012626773623406818,-0.1474081265217992,-0.055064106417244324,-0.09015646731947294,-0.13656174041901495,477
-0.09771230458003166,-0.006295149585437948,-0.22143296432649712,-0.19777969497693704,-0.06300249795338944,0.04661877807258361,-0.07128502508231867,-0.04490554989851559,0.004435879751560705,478
-0.19818210234805225,-0.016959323920445885,0.013542118616462213,-0.042701024257892524,0.10059245117964166,-0.08094511045959206,0.12910747165076117,0.003670025913789043,-0.03365525898781734,479
0.08031889921514213,-0.006663840996155511,0.14142154505042692,-0.14557566371172037,-0.07625192391465983,0.13729436276599943,-0.08788428217924316,0.149533567138464,0.16994359830087097,480
0.029208179012375324,0.11056269617265861,-0.07952541347371364,0.06287223609964189,0.019942398598676712,0.07640799017540624,-0.01650418023543971,-0.1484945192904846,0.05032520647495048,481
-0.2309459196817143,-0.055592673266367576,0.08747179488637821,-0.005238302557704307,0.19483426447898133,0.18829150617194151,-0.03864704227116547,0.0010733633960886089,-0.004737070254443595,482
-0.1495433803730735,-0.06779835318252186,-0.12454132811190069,-0.25316757587260674,0.004749346825164296,0.005864931393658242,-0.1013873629709779,0.06547683259191679,0.07158727446909595,483
-0.03503569142588451,-0.06976921595446722,0.09419349894937443,0.08810176085145464,0.030740356971968842,-0.09249322675055933,0.029712802538898454,0.09866604803113734,-0.059662905861173024,484
0.20683883382236723,-0.02430504371372612,-0.024798963079130095,-0.059946514847539795,0.02232708359202609,-0.15876144773142414,-0.08697680924436789,-0.10447527785862654,0.013533834789229092,485
0.08896667361839901,0.05716092978771613,-0.2194663983506147,0.14647048537235946,0.029527994062086838,-0.09103626539942351,-0.03985371480690436,-0.00572072284303549,-0.06668487169515637,486
0.010153070059083221,-0.12658714826721512,-0.06689710041491058,-0.10601375866877683,-0.1432671289739653,-0.01708955091133661,0.026667250761835584,0.08018574344987042,0.08199252526352344,487
0.027462610875271146,-0.07334167994616353,0.04314579791749088,-0.14451067684066463,-0.09006713825124801,-0.11745800987358629,0.10202426309496322,0.11133453471058238,0.048730523704499484,488
0.12100762933436075,-0.07498453886595155,0.08629406592542463,0.03919226561727539,0.08468821038849139,0.06163403810725069,-0.07960459229676331,0.08475677270779215,0.08761691671912329,489
-0.07646472993154799,0.019780652642389776,-0.2213345275905455,-0.2275644333446942,0.0200459631413729,0.05587724183602202,0.047778594246210296,-0.20723590182811333,-0.03508494300764746,490
-0.23582307686895976,0.07056975248825484,-0.10377599535526731,0.12807862846076043,0.09458696436841457,-0.08126786277514246,-0.09372146048416681,0.00548568033722634,-0.08443240371830711,491
0.037154354972534186,-0.07941555768727203,-0.23357288313855012,-0.21618114919362813,0.022668424849459717,0.000982707614492137,-0.08375273366271309,0.1106568635915141,0.11734422766324448,492
-0.10697492987964842,-0.10413173563255118,-0.005774801627130448,-0.10544164963636733,0.022315305474769703,0.034776273853504146,0.06836696850683516,-0.2203227046935594,-0.07613552698089407,493
-0.02114124774183511,0.008256254952782163,0.1459121542016875,0.13055485826171115,-0.04949654803680731,-0.021324635999965723,0.12713889773660117,0.07402549674460959,0.12676515111879738,494
0.05823952293340459,-0.07193801561082083,-0.189248237632282,-0.21410699412313286,0.06620518347584732,0.19516555797423155,0.1774725915386501,0.12500988344604852,0.11628385775349859,495
-0.06221877521014879,-0.17241605296407028,0.12090098604822953,0.05105666396707362,0.010744437434089255,0.09537156830131739,0.10062649353680163,0.1737061814539496,0.12949855848169559,496
0.11705243280207603,0.12085058307076169,0.03613035785119511,-0.072860705673374,0.07565646749131401,-0.09397196504304554,0.1387692041350494,-0.10944917893878786,0.028580328679473296,497
-0.038273144308093504,0.06617800566280121,-0.06358381386644112,-0.16476090775179203,0.042069963101847886,-0.023043754871917982,0.05522448431627098,0.013972303362022058,0.03954209853880382,498
-0.18666971247720307,-0.07800836730266852,-0.08109221117052884,0.10023012875760673,0.16773770878054894,-0.05280278226673219,0.09961950026059674,-0.25876437081080034,-0.11941894010922893,499
