X1,X2,X3,X4,X5,X6,time
0.04967141530112327,-0.013826430117118467,0.06476885381006925,0.15230298564080255,-0.023415337472333597,-0.023413695694918055,0.0
0.15792128155073915,0.07674347291529088,-0.04694743859349521,0.05425600435859647,-0.046341769281246226,-0.04657297535702569,0.20040080160320642
-0.05796867526092793,-0.20541225604382835,-0.19269148371041991,-0.05771342988319032,-0.0908024075521211,0.03142473325952739,0.40080160320641284
-0.10572739742191736,0.08875743177902945,-0.015930283541859276,0.01899241859084084,0.01109225897098661,-0.05443827245251827,0.6012024048096193
-0.10198307103342652,0.03279071677200942,-0.07418072212802279,-0.04033386610326368,-0.0013497224737933921,0.18522781845089378,0.8016032064128257
-0.0817709830668252,0.06000027457191208,-0.12416700730610188,-0.0059504065971418135,0.019686123586912352,-0.13281860488984307,1.0020040080160322
0.06580134837040764,-0.020113274072833507,-0.028959933323248182,-0.0497003002412118,-0.046063877095978756,-0.07198442083947086,1.2024048096192386
0.11598176220584025,0.025673848959871688,-0.17695274472088054,-0.0018535119560204247,0.06116762888408679,-0.06769220003059588,1.402805611222445
0.11911682764773739,0.0400421884953557,-0.08256396646181659,0.003879388172706489,-0.047917423784529,0.09755451271223592,1.6032064128256514
-0.07272697260204083,-0.1354026873391478,-0.08606518392863467,0.09587279565552118,0.10035328978920242,-0.007201012158033385,1.8036072144288577
3.0990249122279934e-05,-0.09033153063910283,0.1109306582241936,0.21368885049529202,-0.26197451040897446,0.15646436558140064,2.0040080160320644
0.09898381215395247,0.0419839042910752,-0.060560041563465054,-0.08759801861965232,0.035711257151174645,-0.021967188783751194,2.2044088176352705
0.11979139075558992,-0.06999503429640426,-0.09465846316710601,-0.03945457965082069,-0.05297602037670388,0.03287511096596845,2.404809619238477
0.04385082970520451,-0.01868978401532776,0.07539124219149852,-0.06135216246225829,-0.14635149481321186,-0.03921081531321577,2.6052104208416833
0.049101187656633,0.04872289987543849,-0.01258436426815718,-0.03741631409258077,-0.03427145165267695,-0.04206453227653591,2.80561122244489
-0.08818927910098112,-0.019903880447048067,0.10666003739949671,0.18929986205155108,-0.007444591576616722,0.02575503907227644,3.006012024048096
-0.18013847205993322,0.029346623674927325,0.0957511667354983,0.2563661306897019,-0.0034711769705243313,0.03015473423336125,3.2064128256513027
-0.0596647511730926,0.14300763147215154,0.09479838591194316,0.05601452183790212,-0.1401851062792281,0.14027943109360994,3.4068136272545093
0.15767974072185936,0.2474850783545808,-0.14935560551372895,-0.14371992285902893,-0.15506634310661327,-0.05034756541161992,3.6072144288577155
-0.05355852373008894,-0.15103705302672918,-0.006323236888504946,-0.15337851414863746,-0.03220615162056756,-0.07832532923362372,3.807615230460922
0.031358360652988165,-0.12498340270994701,0.07891132125330103,0.1604723651225374,0.025988279424842355,0.018463385853230423,4.008016032064129
0.038173617293003885,-0.10002167471181789,-0.11573530799861054,0.04660100945662024,0.03464482094969757,0.025049285034587657,4.208416833667335
-0.07260056123124221,-0.011495222683482804,0.010686510455799964,-0.05320210535448047,-0.11913034972026487,0.04738329209117875,4.408817635270541
0.02795047530898611,-0.09426221388599215,0.11009081043201438,0.08966385730791193,0.041278092693649834,0.09633761292443219,4.609218436873747
0.17128863255744864,0.22270654139499907,-0.05293792672769965,-0.08114032893546458,-0.007710170941410421,-0.08158102849654383,4.809619238476954
0.03883027824754119,0.011787701914692014,0.08480948976001731,0.0059747567326141025,0.2720169166589619,-0.02646568332379561,5.01002004008016
0.0384575712910514,-0.06027290871362306,-0.046653183674632,0.17267447466136926,0.047323762457354486,0.0714000494092092,5.210420841683367
-0.046753022029379324,-0.0986753269092301,-0.15874610138625012,-0.02074679690761047,-0.12457387787119881,0.021409374413020398,5.410821643286574
0.013681255607921659,-0.009092092442991355,-0.0927205846005287,-0.012385259944044002,0.03577873603482833,-0.11429702978306232,5.61122244488978
0.08827403221177108,0.08048894893736909,0.05682765518107839,-0.13872157149260544,0.051378595091220884,0.05150352672086598,5.811623246492986
0.21243334687852308,0.40232144561979566,0.103425710825909,0.13239045644740657,-0.031526924464034566,0.0651391251305798,6.012024048096192
0.05739499876693294,-0.046254808205984495,-0.03625593409821317,-0.03592592406917795,-0.18672651925917483,0.23146585666735087,6.212424849699399
-0.00023332790192030772,-0.17214836734842912,-0.010098282355428125,0.10598544063861494,-0.07153037092599683,-0.10777447779293062,6.412825651302605
0.03753331574213074,-0.07606614787834211,0.020752246799707937,-0.0025531775956844326,0.06339190223180112,0.2143944089325326,6.613226452905812
-0.19256581645901866,0.024871105516855146,-0.029707746216049873,0.10420257217368266,0.050498727898045714,-0.011473644146689901,6.813627254509019
0.034998733588855115,-0.1289419645703926,-0.04148667791799707,-0.022961583811149218,0.040498171096095555,0.1765454240281097,7.014028056112225
-0.09435231890147314,0.07934019133007848,0.2357547028454794,0.0672545232691887,0.12669111491866228,-0.04842340728662514,7.214428857715431
-0.024723605094571416,0.11510835366826666,0.06138579509318514,-0.045936029284995836,-0.10243876413342899,-0.3241267340069073,7.414829659318637
-0.0678018470067278,-0.10636257966852941,0.09417428402665246,-0.19733384676146026,0.14412732890661156,0.013074057728609135,7.615230460921844
-0.08575875094854726,0.1445686604234917,-0.020359442595300363,-0.06109356770645448,-0.06002168771587947,0.019905969557347004,7.81563126252505
-0.01087546848690456,-0.04463919246476613,0.022291369310105412,0.03125609938565888,0.21330333746562669,-0.12378154988268492,8.016032064128257
-0.19860521943646087,-0.00849109871052671,0.0835593957450767,0.07065050027605445,-0.049300093465883287,-0.020812225035727522,8.216432865731463
-0.014925264324170961,0.11002802842562548,0.005321599455859943,-0.08679985468755655,0.08128621188389601,0.030729952087660935,8.41683366733467
0.030441675690181517,-0.08130302125544925,-0.03870573229326404,0.049463919218379775,0.0117327383308782,-0.002090159396414813,8.617234468937877
0.09945894615021761,-0.0707688585715622,0.047558972178194756,-0.020430759825168687,0.08254163489880299,0.10987768519871902,8.817635270541082
0.1392771925476204,0.14481557236889134,0.037299256445864834,0.10056820652168266,-0.013014305436768459,0.032416635248844215,9.01803607214429
0.037981788290252144,0.07070547947745082,-0.0012523579570728055,0.23019917247506988,0.11581108735000678,-0.12141886127877322,9.218436873747494
0.10398077912353107,0.06203627431809367,0.08675283239645348,0.06833794705721567,-0.06771617115121117,0.007580455819372634,9.418837675350701
0.102040017969264,0.011320111568722178,-0.09758501563258604,-0.04295798843809966,-0.08222203955664315,-0.05637245528039747,9.619238476953909
0.022457182117629818,-0.004778847578903532,-0.06671565421389283,-0.045775247647942455,-0.14074637743765553,-0.1448084341497324,9.819639278557114
-0.08838818669938463,-0.04135941143535257,0.07687835609439156,0.13082171295597456,-0.001901620790268883,-0.015993852996342713,10.02004008016032
-0.0917680591721495,0.021212193229078476,-0.015805381027866324,0.03731566532613574,0.1532738913002578,0.05193465142411723,10.220440881763528
0.0032958083149279404,0.03542955790153425,0.06333147490543789,-0.01623692647335245,0.009767609854883173,0.0012592400781794861,10.420841683366733
-0.0687207944265364,0.02145045989752564,0.09358574925457108,0.12510262894293175,-0.07673475628880495,0.21531824575115566,10.62124248496994
0.10579603381215041,0.0464099253502065,0.18292108715156863,-0.10302630334342465,-0.2123895724309807,-0.05993926454440222,10.821643286573147
-0.06099027817203579,-0.021036940009899217,-0.0013131368177535605,-0.046721472758212354,-0.05769036556624031,0.09504238381860503,11.022044088176353
-0.07032227669270599,0.048797976105324506,-0.06472259932305391,0.1922877753686009,-0.17131345290908775,-0.04691756521047048,11.22244488977956
0.1230389316876701,-0.03087076432217796,0.044652101244035985,-0.226084371295172,0.004698059376474206,0.0005243699718183166,11.422845691382767
-0.0147342977047401,0.07568062360796067,-0.1174052278900867,-0.030409099862363585,0.07116148780888898,0.051443883405874906,11.623246492985972
-0.18791740336002222,-0.18863298544058824,0.1576365353517411,0.08533958046254339,0.011567463429285867,0.1551151975522523,11.823647294589179
0.13954684190499594,0.05404280874653322,0.26743705458462114,0.1753207488469212,0.06453759495851476,0.09715709509543555,12.024048096192384
0.13035866388018524,-0.016261229682624112,0.09598367771622161,0.07822437633250766,-0.20392321777601008,-0.11832585126657752,12.224448897795591
0.013279048113329313,0.10054932889446272,0.14362743332450106,-0.018880776814576516,-0.17033824393551547,-0.13801014582148916,12.424849699398798
0.02704314006685054,0.08149477489128104,-0.08210908083451791,-0.225256017214596,0.06696725488300385,-0.13044695005048532,12.625250501002004
-0.010788456543551532,-0.1186207028830909,-0.08026568652715094,-0.08251141369566167,-0.09857260463355438,0.09551423205012383,12.82565130260521
0.0195624644336287,-0.07710546779538936,-0.09101719455531773,-0.03351403236880947,-0.11978778925888485,-0.05536493053471821,13.026052104208418
0.18696099202386995,-0.023778803169422456,-0.07600496174330446,-0.017235459840131133,0.061416670004342526,-0.0220969599533223,13.226452905811623
0.04541012969111288,-0.07585160328404408,-0.05904816747637707,-0.0041895526054544704,0.13668742674445247,-0.15151910621985523,13.42685370741483
0.147449549670708,-0.042618054198550956,0.09926071832485654,0.11887149148365685,-0.012791759148076655,0.11195749114345768,13.627254509018037
-0.1479006106713627,-0.1308664165283003,-0.0034956608608039744,-0.06812006985007511,-0.1081548003614395,-0.06465728842425265,13.827655310621243
0.20356027448193803,0.08711527743670386,0.052546362287724975,0.15241036119824775,0.15231240772696575,-0.08612842013282637,14.02805611222445
0.018706721669934603,-0.08796070674632815,-0.04662900729924016,-0.07884325568822668,0.19094166404701307,0.09261775475316414,14.228456913827655
-0.12293346879020012,0.042308221479285035,-0.04425324660184111,0.05946002945811882,0.004852162794482699,-0.0863990769679816,14.428857715430862
-0.07758712820213115,0.013769708597431552,-0.011240677345698075,-0.017762475430812514,0.07553912258257561,-0.05767713305683328,14.629258517034069
0.009640627689012263,-0.10112772768356454,0.03340670921296313,0.06706708191440156,-0.06626237589458467,0.054336019237993506,14.829659318637274
0.030538305703170836,-0.06630390289036275,-0.25119861857898046,-0.20202973860722445,-0.09043166251044087,0.025972250172148187,15.030060120240481
-0.03274539084249867,-0.24151159180059012,-0.05764531649722536,-0.14582096180712487,-0.08604133652839524,0.004739867131641402,15.230460921843688
-0.005121280034071959,0.08333568597227645,-0.03480220161648896,0.06539138667378833,0.14415686206579004,0.05298041779152828,15.430861723446894
-0.2832165244255267,-0.09013018603199437,0.06287187302473858,0.014756172304813072,0.008658978747289992,-0.06039851867158206,15.6312625250501
0.03868818369015298,0.1356397680734023,0.03771925826823754,0.035077639823189226,-0.043255818781962094,-0.048760622407249356,15.831663326653308
0.02713214599720767,-0.030782670601555037,0.07229320678289206,0.1237592031235736,0.12012139221639449,-0.03260235321678411,16.032064128256515
-0.11365733389532226,-0.1821244914829178,-0.15028838607203557,-0.141370728515129,0.1676437312275283,0.00184183791895517,16.23246492985972
0.005894109895417426,-0.0669965687024971,0.025527476856719085,-0.16403737503322813,-0.14785862457798415,0.07708651938869669,16.432865731462925
0.13097855784327578,0.04150788380645714,-0.04485159837288919,-0.009493734236597315,0.02482205863003361,0.018186625505849516,16.633266533066134
-0.08531205653736279,-0.09843991645834593,0.056192698519616766,-0.07668823752802228,0.04789798257463919,-0.04776574467651167,16.83366733466934
0.08161093212136482,0.12061180398167495,-0.04395735063911896,0.020126540703873572,0.03773004930448522,-0.04442932600761116,17.034068136272545
0.0335373666207359,-0.10540373760949824,0.130904767298691,0.12555478653749996,-0.07737891991035731,0.1876795812558066,17.234468937875754
-0.17990570821146995,-0.13860059470082056,0.17152339909134223,0.06262562269263978,-0.11254890472983765,0.02799686263198203,17.43486973947896
0.27032685313165283,0.06437913792492542,0.02745819587962494,0.04719633262610187,-0.07904744554453119,0.022388402427913137,17.635270541082164
0.12572279907815592,0.19643990841139086,0.16626180529719728,0.09062800194771287,-0.012578692009964816,-0.0989604820258581,17.835671342685373
0.06929156860337109,0.15929769343625405,-0.09337936480238714,0.21676313762598515,-0.10121043752601676,-0.04268810699474201,18.03607214428858
-0.14376436760438682,0.05430324895547532,-0.03744318579298961,-0.12792852146237144,0.1669021525289393,-0.033578469929012825,18.236472945891784
-0.09057803555624347,-0.1615472510497075,-0.010531893081429307,0.04012118093475751,-0.023093453020867797,-0.005429486651781221,18.43687374749499
0.14231505310938414,0.18173604157010576,0.08824120405278171,-0.0697579968628401,0.005921843401448826,0.25733598032498606,18.637274549098198
0.011016870193228294,0.024059852504834185,0.007452077105428332,-0.03530399706102047,-0.003275327021599839,-0.054685894124039215,18.837675350701403
-0.08196205916781167,-0.06904895513608793,0.013827477969262878,0.009098443428780554,0.10915068519224619,-0.2650969808393012,19.03807615230461
0.04333220730974846,-0.20319077985003609,-0.03484439163079425,-0.0016446634935982155,-0.11105758454658288,-0.07778166875908754,19.238476953907817
0.2084728530725654,0.08311452182550784,0.1335813051863544,0.018359416248395738,0.04893745612279181,-0.05245202662797737,19.438877755511022
-0.07766308705993649,0.11137423457314513,-0.02822126704755329,-0.011967792090685096,-0.03609661658190799,0.044426331148603976,19.639278557114228
0.06930389518672252,-0.11657271287425572,0.09680333462606894,0.10059935409040734,-0.1251113576385303,0.0326133022242118,19.839679358717436
0.09662301661809883,0.010550786743521775,-0.035489191817402954,0.04795174352714573,-0.15566291735239038,-0.14084612963635598,20.04008016032064
0.005125118016624283,-0.1386896927948492,0.09233137342934344,-0.2375658421974087,-0.00967131118703924,0.02110174672026184,20.240480961923847
-0.02744669929529093,0.06761302346401012,0.04229112190753794,0.13158454900006508,-0.03636122122138559,0.01503017614618776,20.440881763527056
0.011692443012480177,0.0434675134614673,-0.2215728094411534,-0.1444456290728309,-0.018398333635267914,0.017086543812794185,20.64128256513026
-0.010842075611932248,-0.031713672296178906,-0.08555004464005819,-0.09021164745463438,0.04082527557144719,-0.09783727776150321,20.841683366733466
-0.1393581402875653,0.07725055034054691,0.061530531640883915,0.04077366685594176,0.10143700650181305,0.1665474444462577,21.042084168336675
-0.22788683800568654,-0.10949853718130498,-0.0518664669455424,0.03032968806864423,0.018676676447707832,-0.07257438131534656,21.24248496993988
-0.10622298138847527,-0.07671172038285755,-0.18321205954685654,-0.12155985674866941,0.10536417966078396,-0.09758732529773329,21.442885771543086
-0.01163005343532146,0.20827458861968212,0.046924194956294255,-0.006878843233699059,-0.0575637826237774,0.07003098794089914,21.643286573146295
0.12023526639004326,0.27008571231376777,0.015279868400545451,0.07110245249431554,0.177080063563551,-0.00349884904969617,21.8436873747495
0.011634820749165858,0.1858288163198565,0.06866463338783041,-0.006030171879191831,0.062180996221719645,0.097255444962673,22.044088176352705
-0.17786820301550074,-0.052114327566137736,-0.010307443161242751,0.041269772554022074,-0.13353443587101013,0.017770100093325383,22.244488977955914
0.06120632173260012,0.05796634158000949,0.0808033012366117,0.07092644698145062,-0.007016571145864703,0.04591800792284367,22.44488977955912
-0.1392149684379023,0.0672028122842421,0.013973820283977076,-0.019414138378097252,0.10531528533329036,-0.10810565404082624,22.645290581162325
0.02498137094331672,0.07234221582245556,0.020286960606995197,0.04987177998271166,0.009612077694098338,-0.05160447282173739,22.845691382765533
-0.06117294269495745,-0.037363534561133,-0.034314571920120114,-0.009706741637874789,-0.08946073022195039,0.12557561255735208,23.04609218436874
-0.040394155377517324,-0.05426747740345353,0.14436969889751383,-0.0009373986795984703,0.026705026586925886,-0.1485560373036972,23.246492985971944
0.10957880300106235,0.05153930859679656,0.08589433705884054,-0.05901057270769881,-0.03628385604396591,0.22988981236192504,23.44689378757515
0.023892447391691718,0.17110674882942226,0.13231282014255766,-0.07326969837289593,-0.13444505110342772,-0.02817846088605072,23.647294589178358
-0.11615328690139563,-0.060720230632439504,-0.08252231267221716,-0.016407303319440847,-0.0998354040738791,0.1550500492814077,23.847695390781563
0.07997000855797196,-0.046155578224216044,0.010280182979603559,0.043504439842419584,0.01664522082130561,0.03824097461840506,24.04809619238477
0.062045494114680064,0.03200091928466288,0.21479345012465834,-0.08781875390408882,-0.05554771191602547,-0.06231405264247644,24.248496993987978
0.009597162528609288,0.18333968814815266,0.12323917051539371,-0.05374644081026228,-0.05522230442809713,0.04714155563864041,24.448897795591183
0.08619880307145032,0.057264053239748085,-0.09778109068308674,0.15369520233324704,-0.03877015599359842,-0.06127886904843863,24.649298597194388
0.03023107979000109,0.004111351793776481,0.13298047146603076,0.19178869771070778,-0.13793192280145272,-0.07982972445384538,24.849699398797597
-0.05846042633322011,0.03658144415242952,0.15439893426011214,-0.07159100597619038,0.1188393273448084,-0.0016422896072752075,25.050100200400802
0.24998636378176284,-0.00676719701399843,0.0027250352984252713,0.14762565585784998,0.0583928185325964,0.18467073257360336,25.250501002004007
-0.01197601161520255,0.05988299365875851,0.1406031930419644,0.0849509570962103,0.11692955904456728,0.10666746895891539,25.450901803607216
0.18103667777237417,0.10705194667155359,0.022574581524064673,0.11224682730214318,0.03686733088729012,-0.08169356709872361,25.65130260521042
-0.03547513853245561,0.00964685675070115,0.13735682236826174,0.027176103164376735,0.07462535660272207,-0.13598561409799192,25.851703406813627
0.16756142573051735,0.25753251904102453,0.0005688097213063341,0.08956180919030406,-0.00952955323869521,0.15774532797634744,26.052104208416836
0.052286270132252254,0.06096029388804582,-0.0010689419052855413,-0.056371012059775294,-0.10265152994110603,0.10736317498597721,26.25250501002004
-0.014836138211513594,-0.07033276406550298,0.07007633533265628,-0.14122379302807994,0.15655240292343406,0.03772118750645209,26.452905811623246
-0.020373846935107964,-0.03449705206952296,0.15844827137302314,-0.08476410163153111,-0.05020542243526112,0.04400144500533324,26.653306613226455
-0.05477523125633442,0.11837012614184228,-0.0019324121478754668,-0.07517852435712957,0.0650201177958661,0.08724573282801447,26.85370741482966
0.06371600400622329,0.18408397596040393,-0.15535745685323712,-0.13813994348749106,0.024333944932269185,-0.004558601635549781,27.054108216432866
-0.02868428474744957,-0.011401697404541451,-0.07685994979352131,0.1379828360729231,0.03427253463777041,0.11172958315881276,27.254509018036075
0.059242819149444,0.033918743085164,0.07643991908460597,0.09048303737964133,0.07090037575885123,0.019652116970147016,27.45490981963928
0.05780390947940897,0.1669436972703291,0.00032834948522911245,0.19419308483187456,0.012810441491078928,-0.14307751021180481,27.655310621242485
-0.034440021849711615,0.08416285974444115,-0.07434997506061675,-0.025964506086793297,-0.24238793266289568,-0.04523063192490767,27.855711422845694
-0.13689569311007443,0.05373647309624473,0.07307813967740123,-0.015719646250519984,-0.0003602539090568405,-0.004771135614197986,28.0561122244489
-0.0469311600872801,0.17226327207993544,0.07695115440122817,-0.03081449901811135,-0.20417348684242909,0.02083828079475525,28.256513026052104
-0.04276296964382426,-0.045113078479411414,-0.14341710050608653,-0.12358599861884281,-0.05711789897827968,0.06408428612670099,28.45691382765531
0.09602244353832556,0.09691041350677426,0.0844465753381266,-0.022905122723286514,0.03934853854217496,0.069822331361359,28.65731462925852
0.1250597831106272,0.08885115276963493,0.08661187583040739,-0.052409702004360376,0.20752608726252655,0.019759960469239966,28.857715430861724
0.010913195417302082,0.19957994306564716,0.027183651191927866,0.021121636701894528,0.042416594640191645,-0.03203473081943202,29.05811623246493
0.03259758678903814,-0.049214905036279545,0.08794047678471695,0.25821696003090067,0.003800347816820029,0.04363236696740321,29.258517034068138
0.04709670879520883,0.08773394030845674,-0.10993349420987761,-0.021869250542962983,0.0647195939702741,0.03992231226052793,29.458917835671343
0.001448804996478606,0.12441862806604001,-0.16418184089665822,-0.11887221313264026,0.16839276914578688,0.10470983026121546,29.65931863727455
-0.02244301385724116,0.05861353107413211,0.011909400331888986,0.045029277948456306,-0.15763921569842496,0.06523228784134197,29.859719438877757
0.20428681717831432,0.14158195551431185,-0.06512849369178636,-0.007349210116666921,-0.05503051538454201,0.026067376582390712,30.060120240480963
-0.07599991887647733,-0.022093955206680435,0.1285569395088561,0.032240107379770344,-0.28485426206300757,0.07716987106483447,30.260521042084168
0.0607148516271491,-0.13540429602515314,-0.08746714146574155,-0.1463515637869381,-0.04677012013118914,0.11608267873785194,30.460921843687377
0.022277508042015233,-0.030932200327640873,0.03883199339395446,-0.025348826652450543,-0.04937565831613125,0.09962668194471401,30.661322645290582
-0.1681229570973371,-0.031161918078404918,0.1799618454315851,0.0853881896232972,-0.03216350512173826,-0.03492577043184288,30.861723446893787
0.24454763789713646,0.09218209885263087,0.07763619952611525,0.09894867087716656,-0.019634984908497827,-0.025904214582070314,31.062124248496996
0.0006673285413337712,0.019568636206850416,0.05780862820554421,-0.04272664616615368,0.00786351903160906,-0.008071658010858232,31.2625250501002
-0.1562299260804462,0.1089753559319114,0.09180278924920549,0.16329697616973204,-0.013958962815517376,0.20883747047807277,31.462925851703407
0.08023837929863507,-0.07644975593779145,0.023000545946916383,-0.1093624130266874,-0.01906824007633466,0.19140313538667864,31.663326653306616
0.059306062059152426,0.09390693685295035,0.03916056673723146,-0.029736063028654308,-0.005761879703358539,0.24034155852382752,31.86372745490982
0.06683534852026901,0.11681360962193063,0.1585145148101896,0.13703406146968922,0.16334315323010962,-0.11430049127304837,32.06412825651303
-0.08350737891508472,0.0778179009669602,-0.0553321156133532,0.05741562682452173,0.04219207542352848,0.03213572154502731,32.26452905811623
0.17287264509282152,0.028753795467392023,0.019605648276021657,0.12577517658596152,0.059740006984985806,-0.12276078151369925,32.46492985971944
0.06056741188981275,-0.0238746558531927,0.13128454086337712,-0.017960401336528112,0.0015579047581467534,-0.017307182428386962,32.66533066132265
-0.1514753990896867,-0.10461972600041632,0.14509679557658306,-0.041010602131183384,-0.06389617476895022,-0.21533901136037148,32.86573146292585
-0.0492167574661051,0.20773055468661183,0.07548699704266193,-0.07284203397600425,-0.032483138350862244,0.09817654869915943,33.06613226452906
-0.14924442893860823,0.25174035637187275,-0.21321102976703893,-0.21215366597336954,0.13842728185105183,0.24397524063392728,33.26653306613227
0.054595762099802735,-0.0044878747635830815,0.1221324548366438,0.1051168541674658,-0.006259312789952242,0.010420110395187608,33.46693386773547
-0.07196756738094133,0.00857222876431573,-0.186453683732428,-0.04902286375111272,0.017989415115347848,-0.1103589317215771,33.66733466933868
0.1535584508266611,0.03589555548050291,-0.18502102737143528,-0.07991704859747872,-0.02246331499970246,-0.09824873935383097,33.86773547094189
-0.00593109157666246,-0.15234075369779412,-0.04480915192834229,-0.15813343583696654,-0.15929937335316693,0.031978193414253696,34.06813627254509
0.03788486360757158,-0.01540652547117081,0.05979592037922825,0.012991214107181341,-0.0429405541125253,0.012522450264790728,34.2685370741483
0.041137181910191285,0.07226857901740727,0.001278987529933195,-0.010305770007534968,-0.14026052717996937,-0.06629009175509482,34.46893787575151
0.1253566234066345,-0.12400262728014855,-0.1058472038627469,-0.10444766880901765,0.12477420726737339,-0.02949496782920278,34.66933867735471
-0.0688909603989644,-0.0038547449364438706,0.008246309326308793,0.26223147043509865,0.06337768809320986,0.030982071022702753,34.86973947895792
0.03495796050919855,-0.01605487308987819,0.006174693343793773,0.054733609477532544,0.22105230015913513,0.09638791167949097,35.07014028056113
-0.10980033448269122,-0.13512788995476965,0.09864415446457547,0.3070638837134313,0.16777008140764407,0.16391168054440675,35.27054108216433
-0.020762202467639386,0.08649155425790019,0.17024487147064926,0.021157740450844148,-0.10147567306928669,-0.058168091394864375,35.47094188376754
-0.09345598060061307,-0.07132056523503089,-0.04380319120064043,-0.13489010864732298,0.03308802322144571,-0.15558956462036275,35.671342685370746
-0.0016529124860426014,-0.2125145216173377,0.08203162144365579,0.1275027555968531,0.04190190093660452,0.16725723868377035,35.87174348697395
-0.06288815410891042,0.019032578667326133,0.05471518124739648,-0.0031928857279307603,0.0169360824036078,-0.09206735930793664,36.07214428857716
-0.13925467039475847,0.00529194823934891,-0.11450065332727072,-0.06888539765940496,0.0609138120907177,0.10913101205942691,36.27254509018036
-0.13562769285432247,-0.0659910409676614,0.1271630987603107,0.01672379646397818,0.019204911649003162,0.03933178393943719,36.47294589178357
-0.010310438377721564,0.05150302010632144,-0.0006314478903497577,0.04175867356487038,-0.1331232953557778,-0.07859894605079495,36.673346693386776
-0.16337665798066991,0.050609698324149445,-0.21153320050783414,-0.28913297111556224,-0.0006070911539893324,0.24929995174327907,36.87374749498998
0.0617382677261267,-0.055277024297593735,0.021312803656238118,0.08914791135814967,0.032169780619601365,0.026739231407190298,37.07414829659319
-0.02456981494409538,0.10559807605052372,-0.0548646868600409,-0.10676774625857155,0.002818115736912825,-0.08984679817910374,37.274549098196395
0.03594016054563787,0.09213015052514555,0.05229188031032718,0.013777305778091132,0.055781030635186225,0.13902075490173135,37.4749498997996
-0.045163161672429064,-0.1154960591419178,-0.11348708155086443,-0.019930614980934746,0.005664992489710717,-0.0186971302985446,37.675350701402806
0.0365308745272057,-0.04109600227116845,0.05464635716013734,0.017131979364334707,-0.014408755572161548,-0.09393353938187543,37.875751503006015
-0.0904147622250461,0.07638678014766165,0.19026705206236133,0.10626276807997594,0.014866745720211155,0.14907261368499522,38.07615230460922
-0.03541265740595817,-0.004260150735385583,-0.039075697476003174,-0.025224939506258107,0.000304602015341447,0.01605739810498646,38.276553106212425
0.08663058426896826,0.10734191823583318,0.035104676165305077,-0.17100210679664946,-0.1366878698415421,0.09343199112392737,38.476953907815634
-0.06506850009180613,-0.10647989975634443,-0.17869768212721765,0.0042867475165266344,-0.259104229214491,-0.057651040072671945,38.677354709418836
-0.06039600646441254,-0.014428904097910644,-0.16109932762912926,-0.037737630719189674,0.011958036841415326,0.05792914996010884,38.877755511022045
-0.06877595333707141,0.07132735187771036,-0.021246516075229045,-0.015410167921520121,-0.0884802714026901,-0.044328225119151035,39.078156312625254
0.04862415128432396,0.16479689319166563,-0.20823984228174014,-0.2029992228245843,-0.06690727386599166,-0.02093236771518661,39.278557114228455
0.05477706607632427,-0.12303350665820845,0.1932852171786452,0.030526416639861567,-0.060571492300333846,0.21573082132655036,39.478957915831664
0.1093754664786278,0.08791482319424275,0.18272162737116296,0.1501357098036661,0.04599721429391165,-0.07534178703461836,39.67935871743487
0.034690548210393884,0.2561552129640112,0.010489979594889036,-0.009038724323956311,-0.09716140385106516,-0.13471262895296965,39.879759519038075
0.0950244171869734,-0.06254243401867286,-0.08653984601722085,0.051860720717066024,0.09960476858058165,0.07189533106650668,40.08016032064128
-0.14293671704868632,-0.16814302047935062,0.15233349450544448,0.006286083742559387,0.055623000940065996,0.1328194141849058,40.28056112224449
0.15046889034485747,0.26220028284174174,-0.017722366952603902,0.13322701738688686,0.15284684264125317,0.026859227886325693,40.480961923847694
0.07018873475663523,0.04851289781918213,0.09801934393255077,-0.026375399424084164,-0.19663565893760018,-0.10448091940210336,40.6813627254509
0.173254699637071,-0.0809150333924031,-0.03929454413796242,-0.04905480508395776,0.08604734883597454,0.08157372125392968,40.88176352705411
-0.0697079577049058,-0.028500534620029876,0.03473029155138872,0.018492275721596455,0.07348777860498175,0.04909749516382514,41.08216432865731
0.11739471615232093,0.12776647321394913,-0.004410959336317133,-0.06432318630482238,-0.05286166817497569,-0.0651356893791829,41.28256513026052
0.10763840961249671,0.12250501934246844,0.0012863916570181942,-0.002402188618822774,0.2601683114180395,0.02407531794885683,41.48296593186373
-0.013725178804236113,-0.17569035841847633,0.1262644159435727,0.14551501095176986,-0.013845598398377382,0.06731813512699585,41.68336673346693
-0.11563902400714886,0.016976999054469286,-0.09740579315483147,-0.035296422096861305,0.03946715298229811,0.16699045043514063,41.88376753507014
-0.1134928946532926,0.015238528875564632,0.10126384493115739,-0.05256943923830782,-0.07848983130822401,0.0014688194729197094,42.08416833667335
0.07214177883181352,0.01828433861856906,-0.007468828720359769,-0.14120592317446443,-0.0372833152091767,0.07223813578277714,42.28456913827655
0.15581467825231324,-0.04220426717756817,0.041263775311620086,0.05370086496123284,-0.1525656314570095,-0.1760808811980776,42.48496993987976
0.10913573754441475,-0.042806681995758655,0.22636427695861433,-0.08415900459488833,0.2006092888159123,0.15421099525678758,42.68537074148297
0.2816487201223992,0.18874590614689857,0.15784245547593584,0.1583891511279703,-0.08181988834223072,-0.055118571632853344,42.88577154308617
0.011796264015019958,0.030334274390287908,-0.019990955512540418,0.07237671262910601,0.1477530081055262,0.008840688629184737,43.08617234468938
-0.12431420444604407,-0.025363232581733938,-0.09685268479604742,-0.07191557924504835,0.15134497432421312,-0.012174750838328354,43.28657314629259
0.010491373306783874,-0.1314744878717347,0.24506883138216282,0.17045592785355423,-0.09594392367234798,-0.022648409884983192,43.48697394789579
0.03573752694692167,0.18239551138506743,0.22152054920836212,0.09446262461400348,0.014088624691120395,-0.11196174332890113,43.687374749499
-0.13733476208389045,0.09877293618098679,-0.028674235438344117,-0.03975421945279214,-0.053270083966191144,0.051360010656971655,43.88777555110221
-0.23532308035489607,-0.2958284919596682,0.05681099016978299,0.1701785162138475,-0.06022120603617806,-0.045709625658627184,44.08817635270541
0.01375932686034468,-0.08279524686789426,0.03865198140927165,0.024207975506643012,-0.020367375017696587,-0.01001540764799528,44.28857715430862
-0.1162352350681379,-0.07109244098120451,-0.03251944035949799,-0.028204431912415187,0.14926885689595218,-0.0803178950680345,44.48897795591183
-0.03186938472133408,-0.011892561542693013,-0.14269240594998017,-0.19420353724342238,-0.02813275571182134,0.07368438970924333,44.68937875751503
0.01021355171665355,0.008786199985415896,-0.1878959518139779,-0.09040390321521036,0.02935579321666293,-0.12542894231692495,44.88977955911824
-0.1395484953826768,-0.009725787300840727,-0.05979997466180831,-0.1606737898058856,-0.0810252437014381,-0.07345915767980492,45.09018036072145
0.0588264167408259,0.09692374254432903,-0.10703735196660451,-0.01558620019647088,0.01764415552772252,0.0693105607263144,45.29058116232465
-0.08265087497027357,-0.11487022765485333,-0.03926833413043212,-0.13680777838591313,0.09039348410861953,0.043655980415766786,45.49098196392786
-0.2813946718382332,-0.11275357071012339,0.14856639483665657,0.24757419638896222,-0.018289644110484015,-0.07280029412291344,45.69138276553107
0.12947704213023586,-0.020026499461456564,-0.10596758813289625,-0.07442396419391684,0.16246784584695606,0.012267031599479554,45.89178356713427
0.009497676650603856,-0.057025626652497635,-0.09145571516785243,-0.17792739507513722,-0.018047991359062567,-0.007783719701280204,46.09218436873748
0.3202861872989713,0.002438576286212895,-0.08066741878301839,-0.015680896495714136,-0.1438277978317367,0.011327041053776446,46.29258517034068
0.05551703978199839,-0.09101463418880493,0.21086058785636275,0.06723088638459482,0.00678555105274033,0.1281016361735113,46.49298597194389
0.12996995074676448,0.1117314580863563,-0.0784223853810008,0.017752228908818724,-0.04036484632419968,-0.03347753321065409,46.6933867735471
-0.08797898155691695,0.018833190945045868,0.16950827204229885,-0.1049834853771876,-0.007964139124571515,0.14122205554154293,46.8937875751503
0.023082431144174062,-0.055386871201998325,0.046816796527867535,0.011388819448864787,0.2589563642018614,0.11873860515647512,47.09418837675351
0.07661318556798832,0.04662467061657691,0.026569867264324722,0.02037553459026034,0.016846097626961428,-0.029540141013902944,47.294589178356716
0.09468643502132928,-0.0926832963486667,0.163875436445746,0.1425359438081185,-0.06078219870944325,-0.21218548990085948,47.49498997995992
0.14844978453764518,0.046875824703835584,-0.11727582259977125,-0.04955885534365764,-0.023893209916969433,0.054673356820137936,47.69539078156313
-0.0664258658551942,-0.07435856168431357,-0.02992659329533528,0.17804121472718568,0.15213160519224514,0.12171585208254965,47.895791583166336
0.07897508611063388,-0.05214000926040543,0.06848933750220858,0.08033236705299322,-0.11790397911598026,0.0324359281721603,48.09619238476954
0.10840196745448569,-0.025914928479176733,0.011838860021891488,-0.023648873043978405,-0.04749036566225245,0.058669380147527476,48.296593186372746
0.03471120573848145,-0.1310463100181074,0.08242430456182509,0.1993895617348112,0.0513907849658915,-0.06777449705248516,48.496993987975955
0.04187429871232118,0.059790301295903445,0.08601516898811441,0.10598987420956588,-0.024125765461854246,0.040981865692851255,48.69739478957916
0.1535744677946555,0.2157927441859559,-0.04686787517310738,-0.09601285867100007,-0.21726695460140363,-0.012038116395359824,48.897795591182366
0.057704895256112373,-0.06759318114732449,-0.016583045756319845,-0.02151347864543933,-0.043548637056984335,0.07094518171390395,49.098196392785574
0.038938747223493206,-0.030929581485287676,0.10428406907025617,0.08686577423287392,-0.053596344511404805,0.10859821161750323,49.298597194388776
0.10801136065259888,0.06801395206121091,0.17541862045770976,-0.02399927777657856,-0.030317978283427544,-0.001941960588773261,49.498997995991985
0.03639200031166665,-0.10900547470634588,-0.1425175915076114,-0.10614099883707427,-0.01044492185374715,0.17106133725819253,49.699398797595194
-0.031182196775387173,-0.03575006114096528,0.09208474782660792,-0.06886594981203184,0.050109416993984524,0.09751976297824298,49.899799599198396
0.07005017510175293,0.12773003360469648,-0.23815180430470279,0.0919183571292028,0.051120259952498075,-0.1830632896856457,50.100200400801604
0.10328969741462377,-0.08519039275418001,0.15435637882706238,0.16876835459076717,0.07421274910718922,0.1639964529371393,50.30060120240481
-0.03801250312647998,-0.11388966754159816,-0.040198150671403324,-0.044548291024024175,0.012320480678448568,-0.01758858124323366,50.501002004008015
0.05206885737837651,-0.0076992005641756235,0.15804387537738618,-0.032746367616254685,-0.1320022511220706,-0.07424705856980483,50.701402805611224
-0.043693115927178686,0.043709482908374654,-0.08435128713869537,-0.11834589910562678,-0.15047203740310022,-0.008310557262869478,50.90180360721443
0.06918103202969694,-0.01706141084815828,-0.16782100654995585,-0.06304530458132228,0.13404504460231445,0.031917451041918045,51.102204408817634
-0.2030547245846725,-0.038843694050245035,0.01773520515871714,0.09642424204394623,-0.03190539356666182,-0.07519693317388192,51.30260521042084
-0.03443407551735891,0.11292127540747499,0.07137611284664848,0.19784270851272645,-0.15137143926128271,-0.07084067669104628,51.50300601202405
-0.2351142718042163,-0.13700076044655446,0.0108567513906025,-0.04530261060155955,-0.04830610516834395,0.08950383140761155,51.703406813627254
0.08047093649564423,0.1644790882427232,0.07220023625940404,-0.049953415220426144,-0.07191533192424202,-0.2151815401329305,51.90380761523046
-0.05193617661768833,-0.0770578818372972,-0.03855948944058792,-0.07266797923244986,0.016865467196672767,-0.06500025808234598,52.10420841683367
-0.00404903687364349,-0.12060775457646099,0.14645473434369735,0.015318561054486712,0.023321613126350168,0.07082144232565572,52.30460921843687
0.12437319812064117,0.07264883682329162,-0.0506867601576112,0.03016279230409313,-0.00332299906444608,0.010855970577652314,52.50501002004008
-0.032035597403724546,-0.028059779191176436,-0.2080934819489082,-0.05688164971184085,-0.10276751409259582,0.015985639199740036,52.70541082164329
0.06695257232402105,-0.14904552940612256,0.1119895885740162,0.042982481489550035,-0.11936368317564801,0.1775310892609512,52.90581162324649
0.14537746071160124,0.13365510837650268,-0.03366203691168192,0.09542852570280735,0.026032183877122073,0.028869362927985705,53.1062124248497
0.014962012349934675,0.07098221624247364,0.026741982377334626,-0.15030539907967622,0.10325462043416574,-0.16624919880356745,53.30661322645291
0.07224089435943055,-0.10107404830831945,-0.05621882923461372,-0.043249715540443545,0.07796605322693399,-0.030803428418574128,53.50701402805611
0.18011196753540543,0.12270273230861149,-0.05404395656944134,0.006208131681111086,0.09648516330974577,-0.08058700664961888,53.70741482965932
0.10569905269129332,-0.1396480741588246,-0.043718607004878396,0.04436519688688866,0.04240610444640897,-0.08096035199216461,53.90781563126253
-0.05320825838280819,-0.014560809189291429,0.07506564236997369,0.058392050198867826,-0.008836295920533532,-0.010960980392583084,54.10821643286573
-0.03834506841050002,-0.0033599135557181303,0.1878177537672472,0.07986581919078714,-0.033381948975601,0.06969544045107356,54.30861723446894
0.15463628189865755,0.09330954534998354,-0.0032209492479969943,0.021455043292645415,-0.11939250063990554,-0.11267674689098053,54.50901803607215
0.08320839554601472,0.1722852151741101,0.2295703971165809,0.01840109284947905,-0.054267379973402176,-0.1801057734152739,54.70941883767535
-0.07606383146687884,0.006786359309862655,-0.02550495230895311,-0.024830201287069,-0.10727430257398066,0.07479102561175338,54.90981963927856
0.10382739892403953,0.19975678128231145,-0.18448158961475558,-0.2644089441603235,0.1958347454220594,0.11009596349985712,55.11022044088177
-0.1252247812695515,-0.0056745545607745015,-0.036332175062685754,0.02913963032948454,0.025373966149457347,-0.15029703283951534,55.31062124248497
0.08584090916659493,0.09767897997512899,0.032329248081279606,0.06437409352625732,-0.03431922754974105,0.026912694124510736,55.51102204408818
0.05125228531361328,-0.027262259179979514,0.022125153657435843,-0.044528244950808024,-0.17730324682068815,-0.005139372358848624,55.71142284569139
0.0926178764757867,-0.08393568398903113,-0.09733054052049941,-0.09129687615890693,0.3137748533659994,-0.21356742139786955,55.91182364729459
0.10285557260931165,-0.006875270743233856,0.04193592712676046,0.13550093482396885,0.05556044660034485,0.0645215585950057,56.1122244488978
0.006096842568443092,-0.007153063892704474,-0.008011207093027462,0.020331775063782025,-0.29403886346642805,0.05935567222808619,56.31262525050101
0.0724181805905638,0.017070257343969247,-0.03734323956336092,-0.10134961119648908,-0.07728776678236092,0.0947526462122858,56.51302605210421
-0.0026422294168012353,-0.10836864532313688,-0.16747866112695095,-0.08433384185159402,0.0513085420097293,0.09531250453760867,56.71342685370742
0.07305927083416394,0.0013742303734105565,-0.037306882746011405,0.0766893622179538,0.1188913371474643,0.07542913298135744,56.91382765531062
0.08041148709224832,0.02395275593035487,0.11833917508443928,0.03235471786513298,-0.07449026448064491,-0.016306696394376388,57.11422845691383
-0.05909787331592616,0.021049885453779997,-0.09144943720984092,-0.03487841459955652,0.00012054753622242369,0.021329370737293858,57.31462925851704
-0.06631296883470378,0.03848973568028824,0.044541081121616824,-0.14061695040296862,-0.09399031011088647,-0.07691423497872983,57.51503006012024
0.08053936837685673,-0.006020289540795306,-0.11162671336208406,-0.24335779780292283,0.005993263026632826,-0.12392583948534726,57.71543086172345
0.06876883202591513,0.10257784557523988,-0.24173805752088023,-0.31673147888276865,0.12389463529394373,0.18005111815108538,57.91583166332666
-0.02770807280032495,-0.12168503581946881,0.06669427411291369,-0.040051387288049564,0.10602099074988798,0.05054701591666269,58.11623246492986
0.2996659554718081,0.05924987895175081,-0.03464198666646387,0.04644107401224573,-0.040928243811310404,-0.06947131310890582,58.31663326653307
-0.05047168331208604,0.00484289120343304,-0.049727841852079596,0.09289757538897278,-0.032789471651291785,-0.0009300321138614418,58.517034068136276
0.04255565795035375,0.0675914739111396,-0.08696922210832646,-0.0007320015349611825,-0.08192578597214978,-0.1345870923473215,58.71743486973948
-0.02308282677895598,0.06134815143877482,0.020013299981173297,-0.017836665482912007,0.03904648499288896,-0.013737178839939666,58.91783567134269
0.002693914680476311,0.03254022493431483,-0.13581096530592393,-0.2215288558421878,0.09262154022415925,0.14227481360999403,59.118236472945895
0.1296876614946549,0.08286978258884461,0.023477323235717662,0.04174732611306834,0.061577114977114156,-0.031607285602704975,59.3186372745491
0.11762787147792776,-0.006901430597384657,-0.038299133318021594,0.019199409048913055,-0.22961809531372382,-0.14438548161335418,59.519038076152306
-0.10847807798388731,-0.13356098258682236,-0.0687485605505013,-0.05124154510220057,0.032674476460232006,0.14524675344707455,59.719438877755515
0.04668589445675876,0.04159614623918981,-0.06379114043572448,0.14312048954957843,-0.10718572330401555,0.06704806172412126,59.91983967935872
-0.13031522713289223,0.06265162367178553,-0.014677184563272966,-0.14948039192292753,-0.11894118928673279,0.11254347844147694,60.120240480961925
0.12648120379208885,-0.09446522883376877,0.043933736799483286,-0.056872730746728606,-0.01627929060722942,-0.05441140021141926,60.320641282565134
-0.0307235322757488,-0.08703862453830229,0.04300805182761995,-0.08878395061255041,-0.25623336587953105,-0.09943493746085123,60.521042084168336
0.08256280682381413,0.25416395770957756,0.06194891741355559,-0.047175746789276565,0.054711911517521,0.002246589281204638,60.721442885771545
-0.06607454365450292,0.1300168446909539,0.09973107357911379,0.08055126295711255,0.067286123596682,0.0019616657693989903,60.92184368737475
0.05698751376599051,-0.005484749020368246,-0.03950591838078522,0.051012168311156805,-0.146752526575244,-0.12391070756539009,61.122244488977955
0.013770881992198171,-0.006763005328633757,0.004681990503668703,-0.03614907409534891,-0.16009039784765156,0.14898634386020823,61.322645290581164
-0.08641805402354626,-0.008920878863804129,-0.18229686959001845,-0.05136568135600496,0.02307009057186835,0.002088648829596179,61.52304609218437
-0.17254655718963935,-0.11632520168095328,-0.045012354734498376,-0.02140776200601336,-0.1111457956937032,0.05576910607251245,61.723446893787575
0.03917786521493209,0.03631846842932901,0.1501019396071206,0.10310581644283984,-0.12575778589146164,-0.08108575112103383,61.92384769539078
0.01326458182000972,0.09166641932676964,0.06777277455872499,-0.0884590774291006,-0.08351429016300231,0.015175799224874038,62.12424849699399
0.152780164031802,-0.1404342703441884,0.08395933830180113,0.18710080117779626,-0.03574454228104272,-0.01900390350014945,62.324649298597194
0.046949891407036565,0.16247264895819336,-0.17010853761783792,0.14593615290032216,-0.042924442029866186,-0.02666523292344148,62.5250501002004
-0.02548267161241849,-0.21084499647372615,0.12592930136288086,0.2277486707276759,-0.06619821777966091,0.018970616761039567,62.72545090180361
0.05846614787947936,0.03969356815043946,-0.04991585830269207,0.04066523600496827,0.07197579421481819,-0.01909037917272987,62.92585170340681
-0.17357465385615978,-0.1106183951726085,0.10451241341326581,0.16363367321493733,-7.085945766459172e-05,-0.03130580305231544,63.12625250501002
-0.08831867073316518,0.09180525665951642,0.07751849227958277,-0.030613754150737575,-0.043671973604059555,0.02658782296520485,63.32665330661323
0.08667782917762831,0.23322772660052637,-0.05701781483618268,-0.09232927074738004,-0.0181224173218103,0.07441919714999368,63.52705410821643
-0.018927280321564044,0.1150250587764464,0.11131473814256702,-0.0875587494537049,-0.0684629825760004,0.10075136898369222,63.72745490981964
0.013616175784911477,-0.16361596032841347,0.04726441318766601,-0.11998663040647117,-0.0953939419396645,0.0014273067836434107,63.92785571142285
-0.0075791634318901,0.08281116965196988,0.01937139869625875,0.025091295384958072,0.1617212574968624,-0.15642416117110514,64.12825651302606
-0.023191200337052784,-0.0840669852234352,-0.12147842883274487,0.03300838211758324,0.15111549302473476,-0.012754912037753422,64.32865731462925
-0.16017853837892748,-0.03765242343442892,-0.09730827858213127,0.07980304531194468,-0.26042138566271344,-0.04207617936810533,64.52905811623246
0.025687363319134085,0.014481371598711577,0.05430837668586813,0.03965400339913819,0.11925075124779749,0.06802161054504495,64.72945891783567
-0.1585556801615884,0.04825769559765816,-0.054765569886462175,-0.012421676530557212,-0.06757080791616119,-0.048722856411355236,64.92985971943888
-0.04664646419208512,-0.12515426485221892,-0.08965173852581362,0.054087926750585505,0.04625912928539512,0.06663125009092119,65.13026052104209
-0.21044146759558352,-0.0946519867913096,0.07605373327567591,-0.12387773436874673,0.07833905092825955,0.04620608932518965,65.3306613226453
-0.03992784839903413,-0.03693489948646139,0.20724250913342585,0.1857300656102145,-0.08082657216409264,0.008531814256502407,65.53106212424849
-0.03727477534901512,0.11442416326660351,0.06399535435015012,0.06330152074651928,0.10519476177229187,-0.15030803017598182,65.7314629258517
-0.10748547108751735,-0.01919852089019013,0.10242014601878335,0.22114321541032547,-0.018319661872038786,0.060672305913618274,65.93186372745491
0.10124719940526247,0.11949158639301863,0.025580527561609216,0.16470654319236683,0.06659242520544614,0.04977430890913943,66.13226452905812
0.07878594438762317,0.09156820831544399,-0.0836786541163893,-0.06272381560484855,0.07789365035121142,0.043950123062022645,66.33266533066133
0.10271554545512337,0.14234564709983696,0.039884319297670945,0.11555406051593031,0.06955377575657776,-0.038709970247440106,66.53306613226454
0.07793765148346762,-0.017431398977116944,-0.046088589731277316,-0.11122475584420183,0.05752050161065663,0.08903831635197862,66.73346693386773
0.04652688885760609,-0.008849208201287186,-0.00737766112231076,-0.023097077100366875,0.04920188479927993,0.04209729443893898,66.93386773547094
-0.13962252039628512,-0.21754759032381768,0.10494170262380323,-0.013638767290189535,-0.03920126399191296,0.06934789119139938,67.13426853707415
0.14326688070258647,0.09318310574481073,0.020503452483918737,-0.1367242281032258,-0.03692771392462032,0.026125053123385606,67.33466933867736
-0.05425014828363745,-0.17147248754465638,-0.011257102135065492,-0.14892109509466453,0.11126883749899252,-0.15223591862178912,67.53507014028057
-0.002928083228826754,0.14999564035113028,-0.08911859482211237,-0.1015384243339503,-0.015589817793666753,0.12358116200069387,67.73547094188378
-0.05912223199360207,-0.010733755861354943,0.08290341333018736,0.0935003991812367,-0.13260476860820383,-0.03597686457890858,67.93587174348697
-0.020986886249389675,0.05089907465734482,-0.14405588262877134,-0.13622854287917213,0.0032796995411586514,-0.0048652351570451155,68.13627254509018
-0.1023522679536902,-0.06625683620920814,-0.06609519688508142,0.07522319297642575,-0.09295108601924101,-0.1846187862238094,68.33667334669339
-0.18358530651149363,-0.08483095250621425,-0.07067759624732654,-0.17809656933797274,0.020726732939894396,-0.10039573720814986,68.5370741482966
-0.030416379979544272,-0.09337703420792329,-0.008231232233873467,-0.07403805556518077,0.13404610517903479,0.16734520902985373,68.7374749498998
-0.09775657484565761,0.08050387211775542,0.038961567066860534,-0.1205088239494248,-0.11225448062444139,0.15379319184125528,68.93787575150301
-0.046368435379663,0.11345461680440841,0.032003047002171645,0.013867188341733845,-0.1326472128311083,0.039069592092814416,69.13827655310621
0.15535573599951638,0.12655991334342886,-0.04694242529654938,-0.06858100254213315,0.05720574417141441,0.05142547560178349,69.33867735470942
0.033121941659303086,0.09835260839808546,-0.011697150649440043,0.0620302069958686,-0.017435425790283586,-0.002355215087423812,69.53907815631263
0.006346056972827013,-0.04046183807816787,0.02752729862526384,0.11621302340694464,0.17495839042054206,-0.16065771007386795,69.73947895791584
0.08975817589985557,-0.12096807992298272,0.07263546444456837,0.01047052548585408,-0.0234407800316322,0.029422412901349372,69.93987975951904
-0.09728195291794184,-0.04726346589825543,-0.12263897075438884,-0.08862794058932738,0.06820520657126199,-0.07157599891107518,70.14028056112225
0.11080580938826434,-0.09479701536332096,0.05644481599536026,0.09286961697663587,0.07426824183597223,0.007595526791608741,70.34068136272545
0.005491776294417036,-0.10683279743412172,0.11725678025572046,0.08668906804798042,0.06833289928110695,0.003793783544760203,70.54108216432866
0.03605855358339077,0.14247483885331733,0.22574820106570107,-0.030397281132100072,0.07215625051261436,0.030381859560487574,70.74148296593187
0.06213357327624859,0.21305052665181373,-0.1015514914366325,0.09231168153054968,0.19925153531681183,0.17193779062072967,70.94188376753507
-0.1108341231870739,-0.08542116102184777,0.09648575060215911,0.03007703401193977,-0.19196731561976565,0.0025388420542410183,71.14228456913828
-0.017394595499731585,-0.04002705222576965,-0.013505042596972355,0.10230639898001387,-0.027896293033180853,0.08132051867479773,71.34268537074149
0.0020182538808483363,0.07498567682607944,0.04134948781221967,0.02098388101523036,-0.061223673450775035,-0.03313083831833227,71.54308617234469
-0.13656953531747168,-0.07013620665422962,0.33052271503810216,0.10175220716351327,0.04818660617184915,-0.13224579567435701,71.7434869739479
0.11634455895506354,0.15404519804316708,-0.024650287592852906,0.0024151193214768055,-0.22193003727475352,0.008589300629333042,71.9438877755511
-0.05999425493907428,-0.09253572970388724,0.08675271872784267,0.19780450524854706,0.09218015019772523,-0.03135296861723979,72.14428857715431
0.07548289458633604,0.06803526466353693,0.15252314876993028,0.2623945412810376,-0.09263811299815385,0.04736320768114545,72.34468937875752
0.03710658202717268,-0.04611170651763036,-0.06704132753081031,-0.07229898905800536,-0.12457173764463846,0.09184544439424139,72.54509018036072
-0.03093474239367927,-0.09107038373416035,-0.13992136700876906,-0.040202502689244565,0.043295982536069616,0.24267164863455226,72.74549098196393
-0.17714327428331372,-0.09845381051972495,0.18302673068705214,0.23110971755460658,0.18709651753717824,-0.18799243851390451,72.94589178356713
0.02619291614448198,-0.031921253981521014,-0.021849917871390387,-0.2151795042389541,0.09242701395378299,0.03278211728430853,73.14629258517034
-0.10058409891768627,0.002013740778918789,-0.08939923119200037,0.008980661182738176,-0.09958153947902292,-0.04081008391602206,73.34669338677355
0.08872376110559227,0.05902534230806643,-0.03028790865479562,-0.019502433311583543,-0.005020461704174479,-0.02996766480067871,73.54709418837676
0.21396607903345552,-0.12028307517385506,0.17197952381231116,0.0730337141059069,0.03721054726068629,0.17586204841951336,73.74749498997996
0.0574286363035684,0.04628179184193881,0.17240374798435507,0.14299102783569234,-0.02029806373956571,-0.13192471945987674,73.94789579158316
-0.06185638966625625,0.04536866693377101,0.12432899076314924,0.0016719351278151606,0.08484308822052847,0.005802273480839523,74.14829659318637
-0.23403746629749447,-0.023371332247584906,0.07706466264260514,0.15981798118473678,0.061971144596613625,-0.1876552706041874,74.34869739478958
-0.10187514572906478,-0.0958472671162546,-0.06779839040243013,-0.015325289803164931,0.08970661968871323,-0.22055660570990693,74.54909819639279
0.14541257693316084,0.04481268201322154,-0.1318798539643607,-0.05174653406251145,0.06683404887180809,0.05987943895619102,74.749498997996
-0.08596314009703045,-0.03136440054795216,0.09478532161690763,0.1401636604439529,0.008382662792936094,0.07890566873755189,74.9498997995992
0.1688106649527592,0.06941187608102203,-0.02338706198806552,0.17920494008369012,-0.04794929673992434,-0.04430440211284823,75.1503006012024
0.045378498886211704,0.039302360930338814,0.018068579217439398,-0.0047447067019464224,0.019063559126502434,0.10715431522348857,75.35070140280561
0.054998331441739476,-0.09783181658752214,0.11989103412698893,0.22885236894945155,-0.06520888885930608,-0.08476339286190848,75.55110220440882
-0.1259668559641083,-0.042508880574673676,-0.089121970207939,-0.1487747438541031,-0.09077561801469204,0.09022771737866472,75.75150300601203
0.161665439480328,0.024342617790377778,0.07531476328719049,-0.07926655792918645,0.08902475008365088,-0.10919339003953131,75.95190380761524
0.04835175437320733,0.07791955098463552,-0.15056140618024247,-0.09429127319359229,0.04632062920991231,-0.09483480042242008,76.15230460921843
-0.12085418088098694,0.03964899941259408,-0.08491244163649811,0.10954254240100803,0.05820265670847269,-0.0696771818429575,76.35270541082164
-0.00569894091073371,-0.07935791811022326,-0.15920531015411582,-0.16671383356141428,0.009534419944130821,-0.15648027713620552,76.55310621242485
-0.018283747809190988,0.02015268449758481,-0.05130884920408724,-0.06029799787171663,0.03161559571827783,0.03350580290841176,76.75350701402806
-0.020653187851922085,-0.16894986708193677,0.09993625600990426,0.06930682288916015,-0.003930728762763119,-0.02440804736742013,76.95390781563127
0.011897070943756631,0.06336687345982475,0.178985959198273,0.1024265171861562,0.13289333195354097,0.06220699903060487,77.15430861723448
0.10379838418015169,0.1627938302780786,0.24920352460189948,0.1370756572337799,0.01448878330968912,0.10450884740847535,77.35470941883767
0.018238157852174183,0.03961963380919659,0.13025864853033686,-0.07452196386535426,-0.13993061748019417,0.04998641237403714,77.55511022044088
-0.03160509318328239,-0.17092505620606135,0.08792354736806116,0.07249355909987878,0.19541574337502865,0.012354769595558234,77.75551102204409
-0.08238014822429036,-0.07951369449524172,0.23897138378128097,0.25944298152863166,0.1341475915530881,0.10114630354083563,77.9559118236473
-0.06498409061479941,0.023160831597597457,0.19338300252980836,0.20084443204095678,0.19870611116994413,-0.08798143535020543,78.15631262525051
-0.043296640724477524,0.02450112264179733,0.10228527687719796,0.19443283836638806,0.046328853011810625,0.04148655003619105,78.35671342685372
0.03895128067035062,0.08649953451501002,-0.2641588471994281,-0.0320081126571365,0.038632331781156,-0.11510140836195071,78.55711422845691
0.01807284417007608,0.09629991567172058,0.14126671637597954,-0.04581501755858887,-0.04516594761596227,-0.007394756560839259,78.75751503006012
0.006123221612426611,-0.03344819197596516,-0.0926008280982636,0.05845915827282583,0.08953554307625997,-0.08043157596599924,78.95791583166333
-0.06414326276680553,-0.0024637246256809624,0.0918405673845046,0.028017617495025706,-0.01964665834280972,-0.05164296438875718,79.15831663326654
-0.039428208863503046,-0.04710566443867252,-0.07340617400671703,-0.15922502198611094,-0.025617975249538013,-0.028487549336967084,79.35871743486975
-0.035429053462289084,-0.028198272188028003,0.07024982650994771,0.06373049914668946,-0.1042044412243103,-0.12032008553891445,79.55911823647295
-0.05436716565095936,-0.014117183828666599,-0.13675512447260113,-0.1707300510081583,0.059502946583556475,0.018142662011397137,79.75951903807615
-0.08867283313328161,-0.08232631955612374,-0.09062243463452511,0.005849703572017029,-0.17858664919341113,0.057312781324120016,79.95991983967936
-0.03479336583371957,0.002924003528816676,0.08913090471180071,0.2021355802272865,-0.009546424708907304,-0.10040545968420103,80.16032064128257
-0.17015291475309954,0.018679296483864127,-0.060028193549067625,0.06650689186002358,-0.06355578414044034,-0.011676591579524664,80.36072144288578
0.15383204131472855,-0.050132734676511456,0.2020332391768628,0.05365009951126466,0.03937972982162516,0.036873314731751976,80.56112224448898
-0.17967860499936775,0.032721632337983184,0.0720508872872129,-0.03561402808919789,0.17041055162554913,-0.005240445057746946,80.7615230460922
0.13085511765329622,0.015414865249560695,0.11367059352864825,0.052930473779541694,0.1562888768508198,-0.09244659881295544,80.96192384769539
-0.023494196134493356,0.009762780121092662,0.03734941513945858,0.1923806707627047,-0.01590452104000513,0.2218780233448134,81.1623246492986
-0.026621323285387116,-0.14045943040024156,0.11660100640291261,-0.088835532025471,-0.05888668267386961,-0.10973025276328441,81.3627254509018
-0.09404913276365325,-0.025807224146708004,-0.08134052197980005,-0.07836643332829193,0.022054142701386687,-0.11048627930625202,81.56312625250501
0.09150719801244399,-0.07572179304527962,-0.07987393175989473,-0.023091550528955857,-0.05312142946075985,0.01941076309533577,81.76352705410822
-0.005288892685840325,-0.13419139451161075,0.06863015760365723,0.0014120187410354978,-0.08866809222834574,-0.08385857984472311,81.96392785571143
0.11087657264659237,0.14348709753000335,-0.048990509936464983,0.0421150421897557,-0.0031058932870901956,-0.05846177306571996,82.16432865731463
-0.134307457882143,-0.10834779045989909,-0.057340107060621065,0.026965281675050176,-0.21207001526350663,-0.2238231233324972,82.36472945891784
-0.04925986719084999,0.02856662648716889,-0.3048066919339219,-0.08587487903256696,-0.03850218117128637,0.1388337778208448,82.56513026052104
0.007372381045520748,-0.07731629357143024,-0.20196402698628185,0.03169320284125207,0.3926237706436327,0.05082686396745896,82.76553106212425
-0.16365911119776833,0.1118804568802263,0.018227017252451825,0.13420505483567824,-0.056983292823875875,-0.042423633339804354,82.96593186372746
-0.025548832239272047,-0.14624926449143238,0.055152950176168766,-0.05687133307430797,0.12571492168625728,-0.045001285799581375,83.16633266533066
-0.03257700995209725,0.05239124687381266,-0.04768846827696836,0.07259188369879706,-0.017556394549921552,0.18486088332964115,83.36673346693387
0.06506556586411225,-0.004499786529196052,0.10034910037131782,-0.08353736518566751,-0.006418817710849775,-0.01946972961166817,83.56713426853707
0.03130675634646252,0.05532876975406309,-0.007632407131675131,0.011401420515773392,0.08691545924968966,0.09854496856152184,83.76753507014028
-0.08203947458732105,-0.09121380496233497,0.14101105379664533,0.1299457084939144,-0.022954865536034708,-0.06039806259692296,83.96793587174349
-0.1627259340393809,0.0030562055329063018,0.08365879308398963,-0.04570930849701458,0.03240570282215607,-0.019050310599781135,84.1683366733467
-0.10132170582613194,0.03361858288858699,-0.309430817855806,-0.02947777361638193,0.07774073527645113,0.12059945165468161,84.3687374749499
0.0703756491402866,0.05927137735919623,-0.03980968217985766,0.15737705686464593,0.11356201471829441,-0.023655528721894605,84.5691382765531
-0.14838707956385327,-0.09439432080672465,-0.0763148298205762,-0.044159592847446194,-0.025885440036983166,0.12230830670953251,84.76953907815631
0.0032786626006715905,-0.07992958558754092,-0.16916842441526012,0.036834016113118914,-0.13683150388328105,-0.006863404608546861,84.96993987975952
0.21488189788023845,0.040385744892894135,0.02745393547547978,0.04822444670951925,0.01998104337187135,0.054347937867009304,85.17034068136273
0.0805906203946953,0.13547153065332074,0.0857394310084613,0.03568634494423163,-0.012270893359572415,-0.09600462952794638,85.37074148296594
-0.02558217983827648,-0.087298543164854,0.31175518175348294,0.20167861198754516,-0.02122089699011517,0.007203686128374476,85.57114228456913
-0.05468200345105111,0.10127460637793112,-0.012862881027008038,-0.11039467154652316,-0.19078075578773912,-0.015525904882474876,85.77154308617234
-0.10412626813805692,-0.04521941765026684,0.1859777049991388,-0.007974459242515025,-0.15473039889383655,0.048603628941763705,85.97194388777555
0.11174144391588885,0.008680846317953773,0.016007896604239756,0.07249004422330527,-0.058359932634600487,-0.13971181851129913,86.17234468937876
0.044984989675366724,-0.14713223856641233,-0.3142449612440849,-0.08865543266579426,-0.0463161362085399,0.12002617497388293,86.37274549098197
-0.032696026690660546,0.021116585052349257,-0.1956582150602038,-0.024811557401890685,-0.05098066931908826,0.04492187212850343,86.57314629258518
-0.1195679787731599,-0.3075301998593601,-0.05136881997588816,0.04130291787856194,0.0446872500802698,0.005898422158959738,86.77354709418837
-0.03360062764302024,0.0016357311068906435,-0.10167339239482734,-0.015428959618188862,-0.058653126956393555,0.01569729609684342,86.97394789579158
0.03880522496716475,0.04095896134521361,-0.1810473120573642,0.06841947371538173,0.1197246923645228,0.04254899332402303,87.17434869739479
-0.18727068726703217,-0.12525829385996393,-0.046655205047414855,-0.05085810131384107,-0.05555467794868666,-0.08567720938267928,87.374749498998
-0.03324570248843566,-0.13421151412183335,-0.03089499103185544,0.024780228982202706,-0.05293321124483709,-0.009338685889994829,87.57515030060121
-0.14229070138832983,0.022890823824367225,0.1541931919255713,-0.06085747211186536,-0.12693304965466992,0.06927227551168595,87.77555110220442
0.1968478007009412,0.06649083721995158,0.12129256588409282,-0.11969464007090883,0.05530400858523585,0.07751554940347832,87.97595190380761
0.02801640861842796,0.011534907957782909,0.1183222458220398,-0.004945485786707008,-0.01858457521927473,-0.11171864617070025,88.17635270541082
0.04293502825920445,0.029837824856622355,0.06888131590132297,-0.1514736087944096,0.07597122954841684,-0.1817979225387155,88.37675350701403
0.01560428534492321,0.06262539197280871,-0.031178608594259118,0.15774196418490716,-0.012951724686344077,0.05835443030118877,88.57715430861724
0.025968592778708166,-0.08004283937701262,0.1456842810840227,0.17179632909129,0.03614173172731029,-0.07296024698074095,88.77755511022045
-0.08893642819875502,0.10094431544277438,-0.015222973798323498,-0.17223804309879254,-0.030085974714082628,-0.028313889674376716,88.97795591182366
-0.107215301223592,0.034330980795721326,0.017461165797961323,-0.02196055741739968,0.16554071130882952,0.10487071264165636,89.17835671342685
-0.07074748517509119,-0.055978341976093686,0.04618957547009114,-0.008374831631738529,-0.1909356087507293,0.07396531517246714,89.37875751503006
0.14028020251485152,0.02112492507396148,-0.07370208762985961,-0.09300792335326168,0.1494938227453236,-0.17312013034449256,89.57915831663327
0.013008397929373704,0.02218958675577964,0.06892073747823227,-0.07495497022620574,0.08467707752164938,-0.02676410908987936,89.77955911823648
-0.20841602554741243,0.01076679121934278,-0.023987251446378026,0.10369946894862324,-0.07121738641760436,-0.07076258948220261,89.97995991983969
-0.04981069612190664,-0.09686039816543422,0.06493652677452383,-0.055033836487682494,-0.10385438208439723,-0.037482205662180614,90.1803607214429
-0.2048322638620546,-0.1042617057899001,0.0283021638177248,0.049603761812650846,0.04559041951707027,-0.060650338821573974,90.38076152304609
-0.070296786130298,-0.060969387770997016,-0.17632171692098306,-0.1739584288505275,-0.009662367001488974,0.015805348992013187,90.5811623246493
-0.10058514125312508,-0.14747112114597302,-0.004212369652719747,-0.18581996806061885,-0.0752435237353035,-0.10022170189267249,90.78156312625251
-0.16724008929531953,-0.05140392558437959,0.10152669016472843,0.011415555191230102,-0.11036698285303692,0.052214254593393586,90.98196392785572
-0.052103684777686836,-0.047561905862327745,0.07078015471976579,-0.17793524481182352,0.18296202017160873,0.08929538701087693,91.18236472945893
-0.003982154313371351,0.09246626237394595,0.21112522926588334,-0.048685583965716935,0.07127120288613313,-0.18800100339077638,91.38276553106213
-0.1778727554114693,0.026105663485972715,0.05313686637793945,0.02687299335440964,0.12788658133133932,0.022228985580085407,91.58316633266533
-0.11593501964686823,-0.051758453932471304,-0.03512957857452042,0.12038961700731998,0.11834936668899279,0.04512253193185082,91.78356713426854
-0.05533067170453503,0.1561835375827576,0.17493344947866765,0.06459882087840518,-0.052444813626265185,-0.1656623207677774,91.98396793587175
-0.023679159180461387,0.12462796721933463,-0.09415276338326138,0.03103231593415194,0.028375102366150113,0.06952029000839993,92.18436873747495
-0.14395970434108088,-0.11293092562751489,0.15037705764065223,0.07261476317424452,-0.2025807873111377,-0.04179095457658906,92.38476953907816
-0.012583231465976674,0.23625502600616802,-0.14475667245346868,-0.04774604386634859,0.01847104747810833,-0.12549226680022926,92.58517034068136
0.07692072593293929,-0.04217706954531557,0.2177823173612968,-0.19730853772965726,0.07719201548366751,-0.017280173739646437,92.78557114228457
0.040938345368880344,-0.00798092450261062,-0.03512278268049389,-0.16577834836122263,0.06386601686431025,0.029815846599052565,92.98597194388778
0.11630189219544419,0.026225149216822924,-0.0025919545134328453,-0.04971684712360133,0.14363354057059785,0.1186734620177331,93.18637274549098
-0.022281968282686384,0.003822688371297559,-0.03075132093532624,0.17060033304014394,-0.0878323077179739,0.1941217436463749,93.3867735470942
-0.03223311151303798,0.013919195971959359,0.05805460971512404,-0.018840983021294354,0.07211353625455817,0.08814075289235712,93.5871743486974
-0.030443144846337776,0.1529606630250868,0.12734249740532666,0.029493218530475145,-0.08617030702562582,0.05540577711159072,93.7875751503006
-0.06781109417931981,-0.17703560523932005,0.02112502226974694,-0.1900586922301332,-0.02116669819311769,-0.03301200939664503,93.9879759519038
-0.07175994289296399,-0.02246638071128356,0.049893553051743963,-0.26274166132302773,-0.12070216478572156,0.03380234811017082,94.18837675350701
-0.03448829185038639,0.1826073686363435,-0.15352515390832294,-0.16849847404014237,-0.09379255765363989,0.03385528762859143,94.38877755511022
-0.03779062827414795,-0.1486328145365246,0.13110291005605365,0.06005934346798039,0.17611881248673739,0.03616610612470166,94.58917835671343
-0.031573983071283084,-0.07885653952526403,0.13343378779122828,0.252818275737136,0.041644603810145266,-0.036146276669398576,94.78957915831664
-0.02867057358071911,-0.05820022170036298,0.19445321431972848,0.23504979627623254,-0.15489605250534752,-0.09040682897360003,94.98997995991984
0.09328707757313581,0.16872369862754433,0.02840583118557952,-0.05460269561131041,0.08347513263248822,-0.10921636327180897,95.19038076152304
0.032956670413198774,-0.14605122931339948,0.1853326042874568,0.07528201848396682,-0.1365824155415439,-0.13421277484851152,95.39078156312625
0.027454358613572892,0.10587822397575646,0.19817030993201323,0.05295493611233394,0.12300005727191501,-0.10263692076658922,95.59118236472946
-0.007551363192337013,0.22229794845683615,0.0430306222556798,0.20419739204665924,-0.051939637182612665,-0.013699548944245826,95.79158316633267
-0.011794445368916905,0.05574085591422769,-0.016119155186119706,-0.0680994423082611,-0.21287340944148123,0.00785770297191498,95.99198396793588
0.004693663867863233,-0.1028078690275166,-0.1974027447401344,-0.23448429834159967,-0.07090209576304905,-0.13554475031122892,96.19238476953907
0.15060239734803255,-0.1118087910115607,0.023315125129624262,0.01582889857948893,-0.11952937635992447,-0.007744346072599365,96.39278557114228
0.22017843558899153,0.18771420190267582,-0.21624675902264592,-0.1370882560296495,0.050596555345586526,-0.09645377949101913,96.59318637274549
-0.012174588611114714,0.15163157907386648,0.14498529858572656,0.07408696900390559,-0.056394748805824325,0.1105900424357309,96.7935871743487
-0.061097766105123394,0.05130989587268271,0.10437489089208923,0.05203222412084235,-0.007397286359437804,-0.08028244439508424,96.99398797595191
0.08386011354606002,0.2285666849466076,-0.12274516234685771,0.045296091122977444,-0.04043974231839613,0.2271449745422796,97.19438877755512
0.05720394007834294,0.020152487015807387,0.006496363634323484,-0.03729088434573029,0.06820694900626313,-0.25322460852196854,97.39478957915831
0.0044983581311849215,-0.020298580587529494,0.19556301849522434,-0.02606628879066128,-0.08320613048498567,0.1991553302204734,97.59519038076152
-0.037424983011460966,0.0439663632054823,0.0876152370262524,0.010119396609421377,-0.06073544332122114,-0.053216856312718955,97.79559118236473
0.019825470266038897,0.06886893697085864,-0.026323451015146403,-0.19469721886841032,0.13845320475939063,0.02525688459966235,97.99599198396794
0.08531393691668011,0.10223526046903231,0.10503533309834207,0.16680229129522678,0.2272434720446882,-0.009791524644290407,98.19639278557115
0.12445772903996678,0.08888504202994393,-0.14712591505208678,-0.0557013525664376,-0.061412256500831625,0.01455211977682408,98.39679358717436
0.059988237276699434,0.11472491828873357,0.03062163216130622,-0.1111960436963533,-0.03876999164085612,-0.08049664808525608,98.59719438877755
-0.05679279400776774,-0.03857806861200865,-0.12316224888176894,0.006717966615915847,0.2052972024501663,-0.2929448690002268,98.79759519038076
0.07904546655885508,-0.07457874715703029,-0.01232082016307616,-0.040579214677531436,0.015669372824652462,0.18972886947731116,98.99799599198397
0.10788603715632229,0.013832431844469539,-0.15141044713041224,-0.05067972355091192,-0.0218653277435036,-0.04545477187434442,99.19839679358718
-0.03054434932117937,-0.0535109839256698,-0.027274709363300766,-0.0928587383229974,0.09778155496862004,-0.12845842656999693,99.39879759519039
-0.16769404557495152,0.10717662152270233,0.1477657107047759,0.02608791708140444,-0.006418416128881928,-0.03613105619672905,99.5991983967936
-0.10393667246064794,-0.007192126169391508,0.17294540630776029,0.056931104061214675,-0.03270173176097711,-0.15975991695954322,99.79959919839679
0.019255738316420058,0.10150354062865971,-0.053736096941811605,-0.0005840733858448674,-0.0048088507330772585,0.08155010224442627,100.0
