X1,X2,X3,X4,U,time
0.3141027059212968,0.5280484488647862,,0.5353852842168813,0.020768768716311115,0.03155277077496269
0.2734281520602553,,0.17549910147646441,0.09899604707829947,-0.04787486216634773,0.2852963109712502
0.4449366255903972,0.2273264829590444,0.5533266997616242,-0.2355764607841354,0.029438572706817014,0.3960701659123449
,,0.35643979876226334,,0.023421473253652077,0.4803142006290137
,,0.48901148095480007,,-0.035631712463018286,0.564558235345684
,,0.5129774157891288,,0.007682580373089165,0.6488022700623526
,,0.4835296880307138,,-0.17485469849575264,0.7330463047790218
,,0.6522174769185749,,0.03811193888249306,0.9021901893885083
,,0.5199109774167524,,0.0015048124749651626,0.9864342241051779
,,,,-0.03801712147466701,1.0898761269748514
,,0.47574762709491525,,0.27766884839318073,1.17412016169152
,,0.9800964256133817,,0.10800690003221647,1.468397431762153
,,0.3576831093822111,,-0.011459030030796881,1.618066302122242
0.48215878415539365,0.6720763169633276,0.37103622689979243,0.29627403562340027,0.11697854302546436,1.7023103368389119
0.4386724296982504,0.4869987618237834,0.2966036669656765,0.2503635815797734,0.01790582517650055,1.7865543715555794
0.3788764014931836,0.5942522110003069,0.5301981736685767,0.33533185399407134,-0.049586617800728476,1.8707984062722522
0.4118163505285437,0.6273982042542726,0.4367971681151714,0.20831037288251902,-0.08763186679741813,1.9550424409889193
,0.6522144279109071,0.5530606536934244,0.46959155694178384,0.035792572869176864,2.0392864757055884
,0.6730206295825742,0.48666937632847834,,0.05769717591690211,2.1235305104222597
,0.6803842505586009,0.44558565380661697,,-0.011073342908069588,2.207774545138927
,0.7791914659669443,0.5208626950479505,,-0.13350866634284583,2.2920185798555983
,0.6178560919615963,0.4241551012985226,,0.02056741621251333,2.376262614572268
,0.5846784502725977,0.4123580580132653,,0.05336754263993995,2.460506649288933
,,0.4677892449643397,,-0.21700341993385608,2.544750684005606
,0.6162289624758763,0.45872535563758365,,0.040605805650563806,2.628994718722273
,0.6555535175707045,0.7698342274727675,,-0.016396087960192127,2.757731856214142
,0.5641286545977314,0.9616445673324467,,-0.10895930982946528,2.8419758909308115
,0.842137216302771,0.7363688386307561,,-0.013792201201588679,2.926219925647483
,0.5670502364615978,0.49713966625836026,,0.041011429451112386,3.010463960364149
,0.6958424087219971,0.6787532410804573,,0.07545259482269356,3.0947079950808174
,0.6845276293304509,0.6729575153236694,,-0.0033686526908716023,3.1789520297974905
,0.8050579127508172,0.4524648170566582,,-0.06672346929972932,3.263196064514158
,,0.7511430774516561,,-0.028394181088253485,3.347440099230829
,,0.6159538954450325,,0.12931470826519326,3.5962107465422606
0.5517379190573243,0.8072040288333401,0.7304843280798461,0.5080813773804586,0.05712756808591077,3.877612405473088
0.5915406396778236,,0.6171451315166927,0.42626332801964595,0.09180748615993069,4.015220671772362
0.620162890550703,0.8142262632904009,0.8661835343973134,0.4262913561344299,0.047805157790831276,4.099464706489035
1.5705636476108547,1.2752556192246995,0.5992253717344551,0.6762344006705375,0.11522238115020263,4.183708741205704
0.9196467839575687,0.8230958313042995,0.6314634111429145,0.5934886072417962,-0.0704287708191189,4.2796438782765405
1.0072834663962855,,0.8300779008122778,,-0.04953488785155284,4.363887912993205
0.6720202437180447,0.7647986904010831,0.5157787325104134,0.5764158198054744,-0.12284431618414277,4.448131947709878
0.7679043622449138,0.852291634395467,0.6290821097610217,0.4258071025963851,-0.08391529354823814,4.532375982426543
0.9405807928167007,,0.5607467425452238,0.40910979440668016,0.501973270623999,4.616620017143213
0.7085314556871638,0.7728806279157779,0.6855218356154595,0.72501911204928,0.06296631422993332,4.816347779639221
,,,0.3768408014193461,-0.09941062330421928,4.9005918143558915
,,0.5564464326352576,0.5499448513850929,-0.01332957082736512,4.990840269780755
,,0.6483027773622657,0.5272184872116606,0.04469991661115629,5.075084304497425
,,0.4974357311506343,0.46577531514613363,-0.13279180716872732,5.159328339214085
,,0.4996689024903559,0.5677931533862083,0.028117956226945292,5.243572373930765
,,0.491918509096709,0.5763802301573652,-0.014600455623459225,5.327816408647435
0.9557719774165934,0.8467645947007159,0.4850588872052061,0.6303480700505403,0.03041261706698093,5.6179628614840915
0.7767271842745755,0.7330029275927024,0.42719721348744816,0.5826547576017218,-0.008589324971779165,5.741597626761685
0.47875255150088764,0.14127923439874557,0.37713206074374417,0.5687682684148119,-0.062237819499080305,5.97388322610946
0.426975634111658,0.4718979468247595,0.07761309973167424,0.488406760946217,-0.26504035165123874,6.160025019168348
0.22094755893379348,0.22498495909101077,0.5298498468622506,0.5428301962553086,-0.5045766137644846,6.244269053885016
0.4721465976697206,0.43389732115012436,0.6335182562688825,0.8251274917468469,0.09415521295560475,6.454698008546844
0.34797754678657994,0.3863341598000203,0.6324802351162955,0.8158064017818679,-0.27735628629134484,6.538942043263511
0.3694085968331827,,0.6915564474353268,0.9270343511262775,0.01930251019717935,6.623186077980175
,0.300221097453267,,,0.10329639471528058,6.70743011269685
,0.492189119557991,,,-0.19811102376135822,6.791674147413515
,0.29542810452720847,,,-0.01957823012413276,6.875918182130179
,0.4267525963042031,,,0.03686740792700862,6.960162216846854
,0.32313784383948624,,,0.05899204313139153,7.1055480005097955
,0.3525280817636317,,,0.0025323241374090085,7.189792035226457
,0.45463775049801686,,,-0.14461280325601622,7.274036069943136
,0.40520607330268,,,0.26444179814921526,7.358280104659799
,0.3696360420751466,,,0.16728384654712214,7.44252413937646
,0.026721862034667504,,,-0.11631894610536389,7.5759170525825
,0.05660926887561457,,,0.12600286720086132,7.660161087299172
,0.16918774023471972,,,0.10554275927249529,8.016687097570012
,0.2041554093989322,,,-0.04304629198145741,8.13795282241773
-0.22246472142380208,0.023885584137663174,,1.601178311953511,0.10125460010538367,8.222196857134396
-0.31899722769633404,0.07467763798881452,2.337127906554497,1.9102528841203674,-0.027338332461211968,8.306440891851066
-0.02154293835732829,-0.12859185469228424,2.5427633109753605,2.0314835990133355,0.2598577791876453,8.444873141144065
-0.436553353169178,-0.20299898897538704,2.4170839048591053,1.9934437708020514,-0.2340435756744011,8.545318973706385
0.17374637979950797,0.05158846873388041,,1.9472369837755497,0.10869219737667937,8.652169790342557
-0.3172284260464029,0.21848355412060178,2.748856230001662,2.211759894334241,0.030464527913098123,8.77285617258286
-0.3311662504081693,-0.020321805718170258,2.8814373241314057,2.2999642581699336,0.01433391676062309,8.857100207299526
,-0.5172311267168777,2.4802151301688014,2.1107740165736946,-0.08943326230884198,8.941344242016193
-0.35304033622809305,-0.08418263827685007,3.371326330643499,2.4033512649266457,0.13800938217389713,9.025588276732863
-0.3490332907470407,0.19808666100341776,,2.4191926596744424,0.07720215620034229,9.18816882573286
,0.2212158480785179,3.4035745419584855,2.3147481787192636,-0.19518202760345726,9.27241286044954
-0.2407041303635383,0.3598617783999408,3.4828245207894564,2.4333093506706778,-0.12578158462537986,9.35665689516621
,0.31804001947422944,4.026731695548641,,-0.059645187228760194,9.440900929882877
,0.5211038601603724,3.8299316229340623,,-0.12546056566294592,9.525144964599555
,0.5530585554134075,4.196988582853145,,-0.08306060275235914,9.609388999316218
,0.8148456456609836,4.45711979482752,,0.16102700887615976,9.716186423580975
,0.9128554449815718,4.57357830497851,,0.11005138671485078,9.800430458297647
,1.0277557450772945,4.5669476172448205,,0.09614216853675428,9.978560609349078
,1.0115659397473094,5.097497730265036,,0.058750235296384984,10.062804644065732
,1.2251253138635214,4.4282924678032005,,-0.001347182166515796,10.147048678782394
,1.0647398654469102,4.68510580221491,,-0.012976747560726068,10.248871008039155
,1.2477557000295416,4.9882249419238285,,-0.058425735954119845,10.365437248051872
,,4.782957432254881,,0.0759782545132468,10.449681282768559
,1.236831735973428,4.395466247695761,,0.010678719347417348,10.569730683570896
,1.4611194196820805,4.55573688831544,,-0.0763431340150005,10.653974718287555
1.5591278663338721,,4.0293544552780345,2.4892775890734167,0.04544995489644344,10.738218753004235
1.024758393907775,,3.805373349791143,2.3367001063936237,-0.2219494085534084,10.822462787720898
1.2206837243763986,,4.05495146025101,2.4468869113906555,-0.027297539991983512,10.90670682243757
0.6529977421552999,,4.068168516183685,2.4933508983495347,-0.1328096262433748,10.99095085715424
1.5548391064250147,,3.8611276315017364,2.3050831221865082,0.04079250175142854,11.075194891870911
1.495092184179541,,4.031833346228506,,-0.05266113060551926,11.159438926587562
1.6330783665115298,,4.196559646956222,,0.11115773271870606,11.24368296130424
0.9428396022101395,,4.23660935720263,2.4140359071019035,-0.24098881671068081,11.327926996020913
1.2004698337149828,,4.0117610185960615,2.3881367689793085,0.2964018273725237,11.521713395446914
1.5214335161274914,1.3346501719301802,3.9297346144339804,2.284508018744122,-0.005380206314324535,11.605957430163604
2.2288857979925636,1.5707542035609952,,2.417519773353973,-0.12244292200954057,11.690201464880273
2.9531872693810315,1.755680932434187,,2.2357570711286723,-0.18357112740410209,11.804658520584763
,1.472826881312634,,2.024625404741096,-0.11041287977422852,11.88890255530143
1.90782670298036,1.4307374865819393,,2.000241452932767,0.028062242283500585,11.973146590018104
2.108607643305769,1.4509441411067854,,,0.07836274514814505,12.05739062473477
2.1079192624514413,1.478047510632322,,2.0107828188633037,-0.28414754172403023,12.141634659451432
2.024702303743871,,,2.050181368691402,-0.03324606017296366,12.357207039208323
1.618404067811023,1.2467477347789369,,2.0055669586158036,-0.018941367098154974,12.491003020121228
1.6614652235278564,1.3264010027434046,,1.8738646586308263,-0.19497013340960248,12.57524705483788
1.4702969453819859,,,1.98463312949837,-0.05710271583693477,12.74138257116642
0.8791769052730665,1.1187334240090232,,1.9157927511904043,-0.10299346709057469,12.873061413783441
2.196876658963063,1.3951269757241582,,2.0843824650463807,-0.024030191513738853,12.957305448500128
2.4602260978971997,1.5326835667069836,,2.059627861963869,0.0017941094429870183,13.137608613201742
1.913762338592119,1.2797956552811094,,2.1744884686809494,-0.03700730063442325,13.221852647918404
1.8015977997502823,1.3406047777373054,2.8825377148628197,1.998258916693039,-0.37794184899901573,13.354805227777064
1.6486310494702774,1.1288518304235646,3.6556618864163664,2.227988537763462,-0.02317966768774311,13.537410935153385
2.4905351344502713,1.5339374830428159,3.265082125651545,2.083702927877804,0.11115786571319682,13.621654969870065
2.029560614731756,,3.2939039751726455,2.0674824445569855,-0.0408100105219702,13.705899004586728
1.5749266195297857,,,1.8514837823524608,0.003811938814600214,13.7901430393034
1.5185635306187057,,,2.0151457714307814,-0.05535185865631122,13.87438707402007
1.2700632066684852,,3.638660603856649,,0.1498582572011868,14.01157002311234
1.8345908541028468,,3.3678890691000527,2.296948953060552,-0.06808173495794158,14.170163856029147
1.7081042132235884,,3.186005195081825,2.1584391484005363,-0.16054650897190464,14.254407890745815
1.5759468738861138,,3.5210656746158704,2.11277390277492,-0.0870517105847689,14.338651925462496
,,3.9489418040562825,2.3306894235938054,0.007976195747494095,14.42289596017917
2.2467039807548312,1.464842840495732,3.8240120147085985,2.3376257888481744,-0.20556258542194172,14.507139994895828
2.001587307060119,1.4248947474153617,3.4893596529902418,,-0.11365471158747552,14.591384029612497
,1.2275667990964498,3.63996830869521,2.2107945418536947,-0.0345906959516372,14.675628064329162
,1.2617227406639064,3.943630216830345,2.3488221614778775,0.11264463357394952,14.9056312682071
1.890649385275291,1.3895587599727857,3.3404029529403747,2.353066334241243,0.07438156985004582,14.98987530292377
1.882859252567795,1.321403095586499,3.7652502354936828,2.313445086978232,0.010574947944435283,15.074119337640443
1.9938142096976854,1.4399559815195633,4.146622746274164,2.5020550492531397,0.03049473871637645,15.17142906354267
2.3289895080505953,1.547367860058983,3.250413545436287,2.1564753872522635,-0.19798365061375467,15.255673098259365
1.7759910952357019,1.2588340792287112,3.9246784294886217,2.33563229959066,0.03383466669215909,15.541545976477654
2.4856366789151756,1.5282761807660943,4.297407491772811,2.5075703250122707,0.5178706279401007,15.803734634342597
3.3639272218247283,1.7926512032812834,,2.286721129508517,0.03906285809112919,15.887978669059263
2.51172883004935,,3.8288899406958166,2.231346123800819,-0.09417357279450236,15.972222703775918
2.324843174526853,1.5389153408367144,3.8464809793380303,2.2875533065368914,-0.0905082872612987,16.056466738492595
2.57960451391562,,4.115908328304681,2.4668811626044445,-0.06384242323283425,16.1407107732093
3.4371040017109578,1.7947492100996496,3.875079918251684,2.3101094243495504,0.061787480046456816,16.224954807925943
3.0769535678446687,1.7392680606705442,,2.890944693804288,-0.1235343817146005,16.309198842642598
4.257198773878151,1.8725585667463405,3.9945150549768496,2.45256708439152,0.03157252669354923,16.393442877359295
3.451010460887193,,,,0.39823550302271077,16.477686912075946
3.1111721076089394,1.7026333025556826,,,0.05604813988049354,16.561930946792643
4.230207113511459,1.9834270733964017,,,-0.11634288088494538,16.752146399479017
4.525348297773243,2.0294127623926363,,,0.007458363971631784,16.836390434195707
4.675737153498183,2.0719046661199894,,,-0.08074354014696146,16.920634468912354
2.9805450399449187,1.7254159777414233,,,-0.012011364321136975,17.004878503629037
3.599870759863331,1.8327293264392692,,,-0.17022132660800116,17.34218992874485
2.127765007336859,1.3855236513037628,,,-0.03802415559302033,17.42643396346153
,1.7694723504894663,,,-0.18857669187542422,17.514718302627383
2.825056965656439,1.60628071985496,,,0.11284351280499197,17.628220486629207
3.0459708149827116,1.6775952385642892,,,0.039057824821453785,17.712464521345858
,1.7485871913145594,,,-0.019084131864335076,17.8155250823243
1.8365749094679522,1.2657621299405564,,,0.029391193136264177,17.89976911704097
3.574131227225552,1.8125334618483324,,,-0.07328928857272259,17.984013151757637
2.5124612169798994,1.5297397497676857,3.632944877542798,2.3328891997414845,-0.26617903023210915,18.068257186474295
1.4913106706920134,1.126397593862092,4.340223582333695,,-0.08934932338876084,18.15250122119095
2.39940853984248,1.5376284059621852,,2.926636273466016,0.04090753372524414,18.236745255907657
2.8276939260487817,1.5858751415738137,5.051645553998528,3.0495068059524453,0.02815397510563831,18.379324542157022
2.8214297810129474,1.5934473524298358,4.093429979767942,2.5324009520251023,-0.005983439770196108,18.463568576873666
1.8593713056197096,1.30555827951601,4.809913364300478,2.889925425248367,0.1705676427597828,18.547812611590338
2.3673213764324594,1.5696141569910584,4.6189442658674675,2.8594146351709897,-0.006266452353256337,18.632056646307024
1.2632770895766905,1.1047693775417666,4.807835558242463,2.9089968712893204,-0.15658563552502872,18.71630068102369
2.5904670757022434,1.606021571774825,4.509208474278031,2.7879339797190807,-0.17443307192782576,18.805659330916285
1.84729815265007,,4.552570078897148,2.8034154722364146,-0.004635728995230835,18.88990336563294
2.202430791215353,1.5137940130008796,4.476302199171241,2.7917994011073066,-0.055556934794792824,18.974147400349633
1.6696630612484118,1.3653735234145488,4.860536774365213,2.8952814430620055,-0.1988497935080419,19.05839143506627
1.7360086464444162,1.3786092033405108,4.660994028184537,2.8918377946956193,-0.0342778566019688,19.142635469782952
1.9308835085138614,1.4059557760694479,4.85748968342994,2.957978501096592,0.06217063839130498,19.22687950449962
2.1583309827750283,1.5572720471871289,5.016544080920213,2.9332254548364114,0.10961935097192138,19.319529939156133
1.661452783446621,,4.645906533846187,,-0.06088111595497954,19.403773973872788
1.6261237409300402,1.385184358618932,,,-0.10150989880443323,19.621512918989804
1.0584579745636682,1.1559134156118427,5.115396262948935,,-0.3405658479623268,19.705756953706505
0.9251453328626104,1.0933500710320025,5.877042426340807,,0.00834811255198509,19.79000098842316
0.9194971112800376,0.9728748498485721,,,-0.01598841965106214,19.87424502313982
0.9885217292486823,1.2233832314612556,6.891341029613956,,-0.11309246035082106,20.077756675917357
0.0857591241919965,0.5548193721852581,8.02239557928577,,-0.0865071427171128,20.242557488739834
0.7964026457205089,1.0046708270307807,7.900654583465857,,0.051651728439791,20.326801523456513
,1.1733194694229112,8.019517854967086,,0.022374831957430622,20.41140462720084
,1.3353089793956041,8.658802695841937,,0.31773287381204113,20.54467555859115
1.6318217337842853,1.5592338196239157,9.274203106744327,,-0.07621422406950348,20.628919593307835
0.8283723882446064,1.169111065086356,8.284625487777323,,-0.020902109965135977,20.713163628024528
1.0330725248585435,1.2231857883725166,9.576006871423402,,0.19511420482977948,20.797407662741165
1.7313858115384433,1.4608281662361065,,,0.11822340289383151,20.881651697457844
1.4770879943597475,,,,0.03560695465552845,21.05984357534495
2.0830332101931504,,9.210502376638125,,0.06084077537992262,21.2402293134099
2.905938825826602,1.8141602188717063,9.717097632131829,,0.00911882738437822,21.324473348126553
2.446626724461912,,,4.422773705684799,0.10357246425830327,21.408717382843225
2.184636491960642,,9.11115518942376,4.2528119847985435,0.018774668753393814,21.49296141755989
3.5652174753586174,1.9844352198916058,9.753515097513462,4.357151794725934,0.08363287193354561,21.593992630326017
2.9025779551322737,1.8653120760751074,10.325894130607198,4.53199928329442,-0.009610643871357176,21.77141765477184
5.172813133571862,2.2789543978638687,9.936389438219397,4.388122691372719,-0.022138468194604854,21.94131922555634
3.06676697811349,1.8655634100741783,11.764159923376527,4.925803818592917,0.0178496834190218,22.05904586054009
3.143038068487277,1.8616529040788572,11.126362463947292,4.720566087646312,0.09958719766589276,22.14328989525677
3.2301787673753983,1.8360624164416026,10.881631054052326,4.625743176749805,0.017255019180419027,22.227533929973415
3.472850039368045,1.8569453374549547,,4.85410663934563,0.2633537940031605,22.311777964690084
4.300555553186682,2.0634094683626794,11.356993272567927,4.784135127514229,0.15292965508395334,22.489588854081184
3.650560092455119,1.9392397525195584,11.838490850937927,4.8135792118974035,0.023594898842190442,22.57383288879785
4.185011073650798,2.036405438588081,11.166516876848386,,0.013227279049742134,22.658076923514503
4.077304138341184,2.0649529622875358,12.457785725400653,5.056573591351612,0.012301245550396935,22.74232095823117
9.362277696530343,2.7889618593350454,12.145401037623385,4.938384746240251,0.08209668843684007,22.826791769554763
6.821180386824936,,,,-0.10379937540384475,22.911035804271425
5.852245712700008,,,,-0.0577675032547354,22.995279838988097
5.970084773846845,,,,0.09373385154736025,23.079523873704776
5.03619959724429,,,,-0.11473608444450328,23.170791191342545
,,,,0.11426999162351831,23.255035226059192
,2.3571450779867376,11.02541242544277,4.577772505326436,-0.13228905410056724,23.33927926077588
5.484963292088767,2.215504073160788,9.987183550627076,4.261556741607839,0.006416712562467415,23.43578286818157
9.222704299586017,2.7198961343141086,10.764834197646527,4.438216196204523,0.03916706156152717,23.520026902898266
7.8798595361573325,2.5727597924847063,10.01749549979779,4.2859847695124556,0.0354901717710106,23.604270937614924
,2.878492589953924,,4.5922193171204775,0.07540759331580894,23.710553744451985
,2.4641800417635835,,4.388202078764766,-0.11326637535596476,23.794797779168682
,2.558263685324891,,4.482792791228653,-0.08827694356750093,23.941234784548858
,2.51934202554871,,,-0.10061422006223185,24.025478819265526
,2.832415293607968,,4.627843642482633,0.07535383687598395,24.109722853982223
,2.3402384344569134,,4.624019587687442,0.03924908550999488,24.19396688869886
,2.635441046747846,,4.575183598250987,0.057080562847653796,24.278210923415518
,2.567680963951008,,4.988355357986193,0.11322964551023783,24.362454958132204
,2.863056932964759,,4.942135524951079,-0.05166007536590415,24.44669899284888
,2.808569483834822,,4.649306558731062,0.3366189814649374,24.72577713018565
,,,4.365584883239841,0.07016404774985281,24.810021164902306
,2.426401188086757,,4.513319681800649,0.19492270936692951,24.98139862033278
,,,4.375960560855464,0.0017948250658363818,25.06564265504945
,,,4.619926658799639,0.1015389065544433,25.187367631362022
,2.515968748813302,,4.622497794211391,-0.16644767353332224,25.271611666078673
,,,,-0.08912169480418997,25.355855700795342
,,,,-0.08908896119420587,25.44009973551203
,,,,0.23780116411881969,25.524343770228686
,,,,0.20885087580144465,25.622728942703198
,,,,0.029760494279712238,25.706972977419856
,,,,0.04584549721481462,25.79121701213654
,,,,-0.0887730598090258,25.875461046853204
,,,,0.06459879418125586,25.959705081569886
,,,,0.014839672660311387,26.176053686943142
,,,,-0.22776298968135059,26.41150538101903
,,,,0.05625576804197962,26.599461855519998
,,,,-0.07242098891384711,26.68370589023666
,,,,0.021644696938018022,26.76794992495334
8.411636747478399,2.5882844439022805,,4.64553970914993,0.0315597018857178,26.968585116614477
7.180850004881348,2.4287092320422152,11.957758159069025,4.898934623394381,-0.14163165671507863,27.052829151331153
8.034547636830656,2.5350460142115177,12.301214428134942,4.989438897505488,0.012407272571949353,27.311126966522767
10.345485018806187,,12.337004515823477,5.012325239616889,-0.07602909475639799,27.562005418877693
10.649413550578394,,12.253551097841425,5.025915404754342,0.003668562646490406,27.7067209809056
9.697053553547267,,12.724470017296847,5.147371947054738,0.01182119914019369,27.790965015622312
11.461096695064612,,11.263170976818106,4.700313187644155,-0.1614504034859244,27.875209050338945
7.000130470568958,,10.541713772960906,4.362473126286835,-0.0029152230171689466,28.018748093942623
9.558619133139352,,10.80828391579503,4.5239257148684136,-0.1836149406451449,28.102992128659295
7.012291684512255,,11.357190327876333,4.694815405261379,0.07356375130135022,28.187236163375974
,,11.714824719918942,4.855354122419569,-0.13443609457244157,28.271480198092622
8.524025257932161,,,4.478955976807376,0.007975652689921599,28.478465310715407
7.149618694004704,,11.765224872672743,4.8119912004716054,-0.2058940236890565,28.567842252198837
8.671095915328365,,11.475188125965381,4.745750766294543,0.06630834071573424,28.65208628691548
7.099789629985414,,11.380866260916509,4.762335706707785,-0.06354231068357553,28.73633032163215
8.546733272991375,2.5507266734041583,12.446697011653168,5.020583187787831,0.13046499814060564,28.820574356348807
10.413878814956385,2.7921043725534127,,4.756850449868238,-0.22143855299302176,29.16635748173208
6.927234722254567,2.3732481046669673,12.72933387374441,5.14189478823375,-0.037679977501747675,29.250601516448782
11.519944393833757,,12.127986150508528,4.916008837205628,-0.3861974153581034,29.33484555116548
9.885504878344415,2.6957178868498004,10.939146296175261,4.600822388242229,0.24979158603827967,29.491411989593264
6.202528136107616,2.2490942541829564,10.707656474125416,4.557365899667723,-0.05001501966367283,29.59198058261193
6.792549410055535,,11.545897576728686,4.775664357145578,-0.0209129065962142,29.6808887844262
7.230266724419892,2.403827606194361,,,-0.10760926992957792,29.771129197580542
9.068601961945705,2.649734181005605,10.452175619012731,4.622517750012187,0.0022437491307296395,29.85537323229718
5.704743366388068,2.1709861038145846,10.763449416571541,4.5991808638917675,0.062194581095221003,29.93961726701386
4.5165622914421055,1.9885440097275005,11.422781975006433,4.803529819643761,-0.046002726984528605,30.062908715113444
6.081035331524935,2.271605465934217,11.79717491920571,,-0.17307207443267472,30.18638283374808
7.32768973579716,2.4414971673909474,10.672124782689677,4.631783486215964,-0.05665109952314721,30.33622574745377
5.43234366752974,2.1749713293445128,12.248011052282429,5.019869267370405,-0.032940569213868655,30.51749657313985
7.189612621394996,2.4355312959344357,,4.8353025772186875,0.09370668751020313,30.60174060785651
5.274645533296728,,12.69580015934296,5.128832996641191,-0.17670103650055502,30.685984642573217
7.178375109907111,,,,0.08024142255310585,30.804415245668075
6.553330346286061,,,,-0.05356133238467242,30.888659280384754
6.647814455405644,,,,0.08887731170111511,30.9781182614595
7.6711681337664235,,,,0.5369711661141511,31.095482023223756
7.654937796783891,,,,-0.032215346921639465,31.258420978910003
5.718103980362703,,,,-0.004527490462276002,31.342665013626682
7.091936926388814,,,,0.10013664562908625,31.426909048343354
6.932757071880707,,,,0.01801680617616753,31.51115308305997
3.3308506035965197,,,,0.017615500683892067,31.595397117776667
4.261439572457036,2.0409371874159676,15.471091660669192,5.86149545994178,0.04657733184908233,31.67964115249338
3.958108616426431,1.9801626485538923,13.689403845297324,5.365458886982293,-0.0011322233168519203,31.763885187210022
,,,,-0.020955707605985387,31.848129221926662
,,,,0.22203621503644755,31.932373256643388
,,,,0.05416456878505924,32.01661729136004
,,,,0.09090958677488305,32.100861326076725
,,,,0.06440958749751759,32.185105360793365
,,,,-0.15375773322207176,32.31226380822035
,,,,0.3098349187620469,32.39650784293697
,,,,0.0028078774047990596,32.48075187765369
,,,,-0.19562105014319306,32.564995912370385
,,,,-0.3400904388610826,32.67287942507342
,,,,0.019019665390362733,32.757123459790115
,,,,-0.06604847369683423,32.84136749450676
,,,,0.01781740847694348,32.92561152922343
,,,,0.02822410196854058,33.009855563940064
,,,,0.018827941575791814,33.09409959865675
,,,,-0.11740741316089748,33.178343633373395
,,,,0.027083651583395464,33.26258766809006
,,,,0.23488401189523955,33.35744250051587
8.11069455969255,2.6209349622039286,21.777190403450163,6.975111883423763,-0.00020662447726436104,33.630074338063096
11.233657406402587,2.957330919569535,20.549641828115295,6.750563805077748,-0.06804327248565499,33.71431837277974
12.727658915660507,3.1132685050840747,21.407764499645076,6.8460140720045946,-0.16170904695037833,33.798562407496455
13.322311572790762,3.131122719737302,22.77256673254308,7.109844783570193,0.13212236460888915,33.91415354033821
9.07984173678246,2.703001724303798,23.8658017319328,7.279608539595403,-0.023777381713506966,33.99839757505488
11.997965460588807,3.0114254459406955,21.497288663413215,6.836295451619862,-0.07387926208655757,34.082641609771564
15.774687880881194,3.3308352152096146,22.338162527563433,,-0.06607697785385307,34.166885644488296
9.96698073451625,2.8025185540604856,23.597801647136098,,0.1381490173398868,34.251129679204915
12.707786368308376,3.0635691282230115,23.69706133907746,,-0.01988497435176511,34.49035190966497
14.844420893299288,3.240386419442171,20.486855930196338,,-0.08347203094498064,34.62146429720801
20.375762835563698,3.6252239483971116,,,0.22290910548112175,34.70771649115363
20.2140885360881,3.6175230599691957,22.699771764156818,,-0.10465373464856016,34.79196052587033
14.933903992617669,3.2361524758615774,23.201506740049865,,0.1137539013150635,34.87620456058696
15.82210056681786,3.3013064609069596,21.827916166131864,,0.11532399624923069,34.96044859530365
19.974215765294105,3.5856967108714897,21.739557668150653,,-0.0354649031793607,35.04469263002031
20.01791951342779,3.5874497312917915,23.602061293605956,,-0.024784988068966857,35.12893666473696
21.23688275181421,3.6512969795806596,23.715064914010405,,0.06558880871187248,35.21963317535781
19.807738315048294,3.5713971021891555,22.443209768747053,,-0.08418193277039604,35.30387721007443
18.402631110300337,3.4735536892242886,22.34633279227566,,0.010405432922634055,35.388121244791094
22.431587198304054,3.7249007072209204,22.818510694967205,6.981759766156366,-0.010045014660660982,35.612027570904075
19.987347337483573,3.5629669602401686,22.952393113646785,7.047760857462723,0.0811522722081682,35.708500317574035
19.684230854674084,3.5439685208229275,20.48754381729622,6.523464617557525,-0.2837039589289071,35.79274435229068
26.29378542097645,3.9339227760171367,20.499188799514847,6.505878191681757,0.17824542165573146,35.87698838700738
30.422506196872778,4.144752015631157,,,0.014903428580218576,35.96123242172403
20.322743565032205,3.588104143779732,,,-0.11130939467924217,36.045476456440674
26.98784398128835,3.9695367020883916,,,0.013915312534255285,36.12972049115742
22.042729625292107,3.6948807595857867,,,0.13732685098106762,36.23171577823044
23.347786020044694,3.760922557051179,,,-0.0071974029420260105,36.31595981294713
23.137106561113,3.7597132962335804,21.13174062440258,6.664737526855352,0.01327197308598363,36.40020384766382
29.370966035260547,4.090780435314838,22.140300014983264,6.8746116543996365,-0.07354489203920433,36.484447882380486
21.354823470190016,3.6456896093533095,21.012014966494206,6.6958121968715005,0.012983191628803235,36.568691917097155
30.77013382624318,4.1567503066767655,20.876480140746768,6.706918581164991,-0.0017491219557646154,36.70756811087966
27.997443839706087,,20.753034035112577,6.578165457491945,-0.18317892460235854,36.79477140080831
29.73233086012372,4.111627931852042,21.845013588898887,6.8251955317273385,-0.11667245624212264,36.879015435525005
25.0080785055014,3.8448423412884885,20.340206020172932,6.5977675346502,0.11985326271211874,36.96325947024166
26.13327560839199,3.92188017563621,20.63259634170905,6.574834472275859,-0.11676517821164262,37.04750350495834
29.70380438013744,4.104937388911067,20.19408818264615,6.477106417680187,-0.017375927364720083,37.131747539675
26.255449410392526,3.9099721135379886,,7.014305732456189,0.0991750345446556,37.215991574391694
18.468587722401242,3.450935792255823,20.873457982098437,6.663895398896913,0.017814350784797386,37.30023560910831
25.89757306483576,3.9199134638351025,20.835632222405298,6.609509977281461,-0.029767605836328995,37.384479643825046
,4.080945415424447,19.93917146718202,,-0.1284477497817589,37.4687236785417
22.287187236641618,3.68239545468567,21.28061305078915,6.7227356145831045,0.15726886784823782,37.552967713258354
25.915491554182896,3.9088175919398407,,6.53623078282386,-0.012362924829906433,37.63721174797506
,,20.84016171303063,6.59618295855255,-0.06804238134945718,37.72145578269174
30.25919686950485,4.137589956631124,20.792102676560933,6.630329396228946,0.09324817175515776,37.805699817408396
32.69480858977941,4.237820273971426,21.65814970326197,6.798739055355131,0.16427219538317542,37.88994385212505
24.14488655199205,3.8189736343881258,20.910960223308955,6.679908309320532,-0.01562583658480237,38.028602540803504
30.73644241621213,4.181270359221123,,6.8391450410484484,-0.14850681578957603,38.112846575520166
,3.12430810730327,21.457946045251738,6.754807712072059,0.015622158915067633,38.19709061023687
,3.90765764393578,22.472614248969133,6.951727930771376,-0.07447569552398374,38.281334644953546
23.4312912989847,3.7584518150115387,24.127017567241875,7.271652718733151,0.010657302961140154,38.365578679670215
23.983434852752808,3.800014342090104,,7.237355473522822,-0.015942186215235552,38.449822714386876
25.382167501330287,3.868527231405462,21.65352057006834,6.803726033981527,-0.05047194101871159,38.534066749103545
29.4163341177103,4.081099585970782,23.30659509414348,7.106747768029275,0.002479863462860666,38.7346534416615
17.953260320602755,3.4235593991363986,25.13096026358392,7.435673466703391,-0.11246550393159366,38.81889747637819
29.223052032572024,4.087905839337306,21.77338159984889,6.746417906260407,-0.17967971603791236,38.903141511094866
24.705211438649187,3.847231649480285,23.23174871795423,7.096381713077363,-0.07703260652176508,38.98738554581151
,3.4394469684937916,22.786116554441485,7.031240194288384,-0.0034454300564993145,39.071629580528196
22.806050232883585,3.7277458436762845,22.480426028143203,6.974386297117178,0.07665513543377717,39.15587361524483
22.891529118963895,3.7247571849783196,24.421413057715263,7.345255893776875,0.13254036175489686,39.35707791398025
28.356751447112522,4.059467830809131,22.101613325616313,6.862021350978268,-0.12905227272912906,39.441321948696846
20.648037896251466,,,,-0.013685812207248514,39.670924676501045
20.1334167002709,,,,0.02890220506054031,39.836934949277136
32.156766492891684,,,,-0.02828653507721725,39.92117898399378
29.90351224657689,,,,-0.13896296708555456,40.00542301871046
26.463724873062166,,,,0.11154651977992361,40.08966705342718
26.944560055624944,,,,0.005605228454566196,40.17391108814381
24.666925051706624,,,,-0.10055432039036948,40.25815512286055
31.246453642541198,,,,-0.0032142069460472018,40.34239915757715
31.697373428965122,,,,-0.09093195729942893,40.42664319229382
31.144103882641865,,,,-0.061817316234726444,40.510887227010485
20.88780271416603,,,,-0.008149483508280481,40.64149277053995
31.492896336918008,,,,-0.0825266208481752,40.72573680525662
31.614491499105288,,,,0.050853797960470994,40.84359516604291
29.793869063205534,,,,0.0873183140778606,40.92783920075954
24.466735001627534,,,,-0.10417864376963737,41.01208323547625
27.945692988451924,,,,-0.020668836632687936,41.096327270192894
,4.248845234481872,25.658325813854482,7.57319498417552,0.028539937672168694,41.18057130490958
27.643443890529664,3.9837551430459257,,6.930040944170225,0.1337893574217055,41.32709985611862
,3.788415442236496,24.510102827721028,,-0.013351212288434068,41.41964253305944
29.960681949571992,4.141767416398012,25.224203375444233,7.496464456451121,-0.025815849335719315,41.53293538911955
30.11705740910082,,,,0.02811683891905032,41.61717942383623
18.23718516285205,,,,0.03268011329379012,41.701423458552924
22.032275090858523,,,,-0.05865289930926361,41.79796156882656
26.848919413313936,,,,0.06012579620436356,41.91218452015601
21.488267359491992,,,,0.2130987485852047,42.235364246998365
17.282870819908485,,,,-0.2173768904413992,42.31960828171506
17.276240033115478,,,,0.15581836307626873,42.40385231643175
17.95082409338643,,,,0.02910068624638142,42.50710551189655
18.113689273932422,,,,-0.10116543519381616,42.59134954661324
15.667048072073118,,,,-0.008315853261006046,42.77518163640769
15.692667282166976,,,,-0.13599691901191746,42.90939510959322
20.00101278958299,,23.903754839313,7.28391226217304,-0.026517848835509977,42.993639144309924
16.710259490634176,3.346587742447262,,7.827210090059467,0.0442108637793406,43.08887032257543
11.397096376866994,,26.897019209002643,,0.02094619697301969,43.18505651473416
12.785062656018772,,26.47998713260097,,-0.2182460731878588,43.26930054945082
,,27.657575292540997,,3.9594942319848265e-05,43.42857841722436
17.548238889244388,,27.867114477531874,,-0.007288304093672493,43.51282245194103
,,28.767671782276075,,-0.22044318566570809,43.632309718518336
18.621852508067825,,28.4536365443811,,0.10134457598837641,43.71655375323497
19.132427167604558,,30.583008295475658,,-0.12231388144094234,43.87040768529989
11.973499014563194,,27.736800246570883,,0.03584093707651615,43.954651720016564
12.346974564809502,,30.108696038533996,,-0.04073964328376942,44.03889575473325
,,30.403175918770895,,0.03348524070736679,44.1990308738781
15.608680026085063,,31.59369411355626,,0.0057231116402854075,44.28327490859474
14.17127211944491,,31.411276750258896,,0.07616721862950018,44.36751894331143
12.036382988073054,,31.04605744374978,,0.07424749175597778,44.57042015979787
9.936343419600794,,31.949062627815813,,0.003372310292137513,44.773372933030224
19.209063972695844,,31.543092425995095,,-0.05067297075155424,44.8576169677469
16.069634800224318,,35.482760097203325,,-0.09342443619834684,44.941861002463554
15.31503144127874,,34.61198811887144,,-0.043251293899618334,45.0261050371802
18.700794654586076,,31.57634340469417,,-0.6547484618176851,45.11034907189693
,,32.98034509899065,8.70244906917862,-0.056601458273677165,45.19459310661355
32.553033210641026,4.282189384685453,35.13654125647505,9.064073396955413,-0.03636132959016177,45.27883714133023
19.319484826285763,3.5369386855898335,35.64312049075945,,0.15274293868801814,45.37245004757878
,3.585136795605714,,8.682713732879188,-0.17959914814097164,45.47755046292246
32.486177496628976,4.271415882758272,34.63372890881358,8.923575782605843,0.09739051199932286,45.58192075420126
23.77090625588065,3.82740308254543,36.86921849294868,9.269117156160354,-0.10859225292896342,45.666164788917875
,4.475811399057369,36.60574917607247,,-0.23166908650811724,45.750408823634565
,4.229310795043235,38.36109242207191,9.490477869058388,0.06589541347810364,45.834652858351284
,4.145219517812482,36.58371431643791,9.177735553856232,-0.12667805293938628,45.91889689306793
,,38.31875099629321,9.45888139397134,-0.006515473850805101,46.00314092778458
,4.032131871938134,36.733874648388934,9.193676438595991,0.054190599937418205,46.1490715597135
,4.6722767330374495,38.58167567307572,9.482599495663997,-0.06045517841020324,46.23331559443021
,,35.22616004008629,8.971466169509915,-0.2532974643964336,46.31755962914681
,4.243040039298284,40.30144254167267,,-0.02080526623344782,46.40180366386357
,4.494035557427735,39.42056001913606,9.581262303322696,0.2920452256182523,46.49713619455018
,4.237970029904662,,9.544298276919159,-0.06650710147499526,46.58138022926686
,4.243782333839205,35.28482818148432,8.932868446521441,-0.06933112690637454,46.665624263983524
,4.124998121553335,39.99277557742407,9.644476739464869,-0.012031551794579914,46.74986829870015
,4.635142571534831,39.32788023395513,9.599279653550633,0.03369343301440521,46.834112333416854
,4.38816573040944,35.204436173767256,8.912288328343982,0.037089298456129675,46.91835636813355
,4.540323093189689,39.14196946774573,9.533710308715754,0.26260369767682534,47.032732446767106
,4.479940055153701,36.150662978463984,9.078767785171987,-0.10147293947488045,47.116976481483775
,4.663672408572586,35.660124825162825,8.979709617102186,-0.09426665216627124,47.20122051620046
,4.834402718509662,38.21947422687524,9.392300587735162,-0.08805253924733052,47.2854645509171
43.02431306580844,4.673495665919724,36.34052569788403,9.148385120698824,-0.11541607700822959,47.57078329521628
50.333349258145574,,37.00652766460862,,0.010829234407594724,47.65502732993294
65.06992542798113,,37.61195755805475,,0.019128826013625273,47.739271364649625
54.73152633688121,,36.841573594415394,,0.08844888270209675,47.84928302575626
65.73119566190064,,33.930973919202785,,0.06624279222813696,48.04221878754537
47.265004166641056,,35.44386178439196,,0.11484735139431029,48.32116710596513
44.825636852110755,,33.50692084527935,,-0.06136907149747355,48.412104528590426
52.24932317455917,,34.27998514794585,,0.16409028528110983,48.496348563307144
48.00529265014575,,34.58656059545806,,0.011538641706500449,48.58059259802375
43.47538288789365,,34.242606871164185,,-0.11486254017853399,48.677937100655654
47.51045659655679,,35.9128794714177,,0.06676520398854756,48.76218113537232
59.655367853616006,,34.70929662497463,,-0.17126263421101973,48.84642517008904
45.79535028140727,,37.05154089903482,,0.007987512665829108,48.99967919668884
53.19870572753459,,35.27229247642036,,-0.377000152616629,49.083923231405464
50.16717702610438,,35.47069562577794,,-0.31174728335622603,49.168167266122154
45.52358180947081,,37.573340377344664,,-0.12615217606442647,49.25241130083882
54.37374220486345,,32.85781332280313,,-0.05729248669251842,49.33665533555547
,5.339034618543355,,8.680477160857153,0.015773520761168097,49.42089937027215
53.77323002556118,5.041715508616,34.126688818862,8.754577145658878,-0.17768256615760247,49.505143404988814
48.05798839222206,4.837597930726573,34.70448665744202,,-0.008062880844981014,49.58938743970545
44.515931449175504,4.706879919445931,,8.764262383003677,0.14922156723603147,49.67363147442221
57.46421165809851,5.161344905501341,,8.870658255741537,-0.019068972331148532,49.761702321597255
46.317811562815095,4.771564183466634,,9.501972478716125,0.1608533754854502,49.845946356313966
40.90494680518262,4.583468151007011,,9.390705227686514,-0.048735736598396605,50.05610328748588
52.635221273952794,4.995498320405514,,8.935491832191175,-0.036306647603357216,50.140347322202516
40.52854190587584,4.5568135927554785,,9.291407761796687,-0.15503009854121574,50.224591356919234
53.70215594933708,,,9.057177327634149,0.07142364826939283,50.35412709171425
47.92280496546489,4.833604998822346,,9.14646242076698,-0.17022405088684095,50.438371126430894
,4.8773009886892345,,9.2831235462915,-0.23260637133891718,50.64864554393416
57.35922079745489,5.153940512256615,,8.62679984042743,0.09579310247770012,50.73288957865085
56.3468154698308,5.12270090024081,37.19298239072819,9.329225858020054,0.02376469422636994,50.95476800599
52.0859026091668,4.983360534002017,38.12618983101755,9.416522706336478,-0.054646017580690376,51.039012040706645
46.04918897932648,4.767027764275989,37.284443471725766,9.297185572911483,0.05957386230519934,51.1787454063674
61.14179955078687,5.274721393666116,38.1724128230917,9.42357875597123,-0.004749744545486307,51.262989441084095
48.989502122873304,4.880044162486454,35.21798793000578,8.953812358033156,-0.07620415273876496,51.57438256249612
43.612691781445484,4.678677522197798,38.24871169738894,,-0.13753928633871773,51.658626597212795
47.1034195258289,4.803889485644639,36.58662216989477,9.156710672319646,0.19050230835354187,51.742870631929485
,,,,0.11479502620803808,51.95976766232709
,,,,-0.12846395953877449,52.0440116970438
,,,,-0.24797903084818498,52.12825573176043
,,,,-0.006124534120326344,52.21249976647712
,,,,0.029969555555109148,52.296743801193756
,,,,0.04770734733605886,52.38098783591047
,,,,-0.07512555936946737,52.46523187062716
,,,,-0.25716997122346547,52.60803487435772
,,,,-0.04672253915474478,52.69227890907438
,,,,-0.043793549001659465,52.77652294379102
,,,,0.09840414529044801,52.96114849004134
,,,,0.04992501569898632,53.0964225361063
,,,,-0.12645851145979053,53.18066657082297
,,,,-0.19072126202125014,53.26491060553969
58.47480495499285,5.180198084980543,36.95598665009724,9.2432574775594,0.10965427959752141,53.34915464025634
70.90955616497574,5.5438859319297285,39.21156377316358,9.599491358780533,-0.0377854888784894,53.433398674972956
47.75687802649076,4.8291010859980235,40.07581612987655,9.701910475360345,-0.024147272340708615,53.517642709689625
53.79775096144812,5.030146771386018,,9.544268234154815,0.03026276315298145,53.60188674440631
41.62574671128106,4.597201748779472,36.1746903818562,9.113063089531195,-0.17573676506268524,53.686130779122976
49.2477180852339,,38.198545976995305,9.452764717930606,0.0057146621349455145,53.77037481383967
,,,9.141029559397786,0.06777896267600715,53.99285439218864
,,38.06601744381635,9.421592015249615,-0.01959000643475195,54.25152103891899
47.80587017432503,,37.381983149000746,9.313106536553834,-0.03049978786968427,54.335765073635585
47.95666839561352,,37.00050302883002,9.245552404969747,-0.03526848989955816,54.42000910835223
52.669045360729335,,38.74451636529554,9.525516844195904,-0.012118027584517096,54.50425314306892
31.14964465303846,,38.3892451774539,9.477438434631141,-0.041728471312162355,54.604836265818626
,,,9.411178844348576,-0.016123525467926957,54.68908030053525
41.84344188007748,,41.56179764029383,9.938840626564314,0.12497575715479559,54.77332433525194
46.78402710994058,,,9.80378347195908,-0.11473415163213292,54.917593669457155
47.98685941191867,4.850136793876385,40.01912026089575,9.699666140029448,-0.1116865971932945,55.02044408651302
,,40.49524032792128,9.76707963443995,0.013943171730970018,55.19814600100095
,,40.38285334460791,9.778145154909543,0.0622786000441679,55.28239003571765
,,41.14812804402314,9.846159261908694,0.21593671798271946,55.36663407043425
,,44.06832435729607,,-0.008127601809443866,55.450878105150935
,,41.77456172739131,9.93540684257203,0.0531665595938595,55.61012658544071
,,41.11003965543354,9.829508264364307,-0.07064819760921272,55.72833067315725
,,44.55402947783843,10.238915355990521,-0.027591547043617694,55.81257470787393
,,45.32806346588631,10.44153419632676,0.001695487834007204,55.89681874259064
,,45.23661457819808,10.401832430577192,0.08082703492790994,55.98106277730724
,,42.434592910927925,10.025406177091664,0.056295032853072836,56.07841190548959
,,48.59702696244432,10.842606599188532,0.13569052893991707,56.33343791520313
,,49.043736419661364,10.880960601989612,-0.0881955476427641,56.417681949919796
,,45.93346979388328,10.464700278054782,-0.012369318951178284,56.50192598463646
,,46.535331284457406,10.540534302509508,0.006680297829698783,56.5861700193531
,,49.82065591437001,10.962949467930368,-0.16664059535610465,56.78890034808901
,,50.87933583793538,11.064627462036405,-0.03683152361386899,56.895147298074
39.03444178917861,,53.7392767820211,11.44964521742026,0.19288439640217567,56.999842404032364
49.68207541158262,4.928509310683364,50.967483060167574,,-0.08158878017604822,57.08408643874905
39.78017468775805,4.5612998906914655,51.67028821015363,11.17642216782265,-0.028635329694319075,57.16833047346577
45.97528262808313,4.792013152992879,49.16019499002604,10.81499600068648,-0.03700632845051798,57.252574508182406
59.92590430762193,5.26046217577536,50.40476709300892,10.968630499247883,-0.041462440024652436,57.33681854289903
51.294180311322656,4.979992194426976,50.98570987334651,11.040321169688866,0.09585319612986151,57.451098582365574
41.76896384834924,4.63829228213725,,,0.01339629275296992,57.546647747266505
,,,11.051127690736882,-0.11399766488412318,58.01185658012644
,5.133496907663532,,11.290758789469427,-0.013089400194088989,58.33106370301828
,5.791016797031037,,11.155107341943681,0.06285994930303793,58.41530773773503
,5.524987180270742,,11.211342439073674,-0.1499867639262517,58.499551772451625
,,,,-0.3304666617302957,58.659896810071594
,5.346001114607854,,11.608593960797231,-0.06180766284824696,58.76437118189459
,5.491584243590692,,11.667262994325961,-0.007289374779845601,58.848615216611265
,5.764091107603445,,11.046369591881966,0.0035422617893278263,58.932859251327976
,5.36401633320063,,11.407066333644662,0.02882463218972696,59.017103286044645
,5.750206868047594,,11.461932265845123,0.13002489442520418,59.18602631702621
,5.638509244480743,,11.203966809890144,-0.020626359439836896,59.27027035174296
,6.234276992850925,,,0.09468350182515223,59.35451438645962
,5.557480080163183,,11.285391464567946,-0.029505506579336035,59.43875842117624
,6.332655536128888,,11.192323143435683,-0.16070271180595808,59.52300245589286
101.87243767729602,6.279363147028602,52.14362588890424,,0.011458061710084448,59.60724649060961
90.55381317464328,6.031301797981359,53.260275722622886,11.29551742936957,0.1546078719247158,59.69149052532624
101.19036112400167,6.261202716941113,54.73009350237177,11.491886331767537,0.038960587470960935,59.77573456004283
67.72636473712946,5.4500906245384675,54.53798980136275,11.449776644109285,-0.0759166583018531,59.85997859475956
,5.593919374098728,55.996831942918774,11.603510981279905,-0.21130141277647435,59.944222629476144
,6.158821519108586,50.210214806363,10.897917254709379,-0.04303739892520807,60.02846666419297
,5.836277862931459,51.17991642289899,11.022423857727505,0.13145393837810848,60.13157267584335
,5.651913517874159,51.50117770649136,11.113371730333206,-0.41076570143424873,60.21581671056004
,5.866185705041038,54.69308250205339,11.506089288133701,-0.12674774936787234,60.30006074527674
,,52.16628300612128,11.175435020555087,-0.26993223494323,60.41241267012406
,6.127942210123055,49.9760362213272,,-0.01229496033917505,60.49665670484065
,5.977020605224487,51.89164200855725,11.151697390338043,0.11842488427975753,60.58090073955731
,5.929422780184158,52.79276431832847,11.252264434057714,-0.10099542026761599,60.66514477427401
,6.348440154877343,,11.337769673593709,-0.036246763975942536,60.74938880899069
,6.310421325372535,52.96723203748892,11.280775762824058,0.005525609828667641,60.83363284370741
,6.344156097432018,51.85621225748787,,-0.02441972765661971,60.91787687842396
,6.086258259410768,53.22516516029674,11.338589413751968,-0.015678967692033648,61.00212091314068
,6.3337181365531245,,10.62693529488122,0.15018638726958952,61.08636494785733
83.98946749547252,5.868435427344005,50.93978920952863,11.030715818048591,-0.08955045203086054,61.170608982574024
79.5564236080054,5.755428457046293,55.811131354996554,,0.04349370541780767,61.254853017290614
89.69353326635307,6.007315282270033,51.20630912159309,11.055225264412082,-0.04055399140670784,61.33909705200739
74.36902227105267,5.624101112044684,50.93010819153996,,0.04466299690043698,61.42334108672401
90.08609122612462,6.011890302368158,50.864409012450864,11.035787160445762,-0.004032896301562527,61.50758512144068
76.80249401164262,5.69088894555682,52.93750711692911,11.333948011787342,0.043754642536574184,61.63100728142905
,,,11.282494715294629,0.02572377506765223,61.71525131614578
97.15466193504942,6.171992981760472,51.35262941868397,11.059550213130999,0.017426286870624537,61.79949535086234
84.31860410475674,5.879118327391256,50.549782161030755,10.982631508827701,0.020335375840499777,61.88373938557902
89.10623036325936,5.984728284414685,47.007296030466826,10.479172990018451,0.08762130742723462,61.967983420295724
72.01632698427056,5.561547174957599,54.48266290253408,11.46544755669207,0.08068101862500814,62.05222745501234
79.5461030570073,5.756852218199814,51.308539102242634,11.040781491789964,-0.0016512946695964724,62.15553608162595
75.02508097071342,5.643364417183074,56.20638567289908,11.685834481587598,-0.054933673946817474,62.310737170835395
90.2014725212387,6.0110292327037484,52.61365932179513,11.213157243276497,0.11253409290864964,62.39498120555203
92.56743007923494,6.067290986825153,56.90436299077556,11.7543991610253,0.2913474349052508,62.52988040049932
115.77045325728935,6.557657919038444,54.519305722058434,11.444722515530602,-0.030412987483931606,62.61412443521603
77.21560035674811,5.70046533653501,53.714625204778784,11.396595650918798,-0.03412609783354099,62.69836846993261
94.65991941100323,6.115226966600927,51.74914153509577,11.113413304165025,0.031101507437819132,62.78261250464936
77.8911112647192,5.719565773835708,55.89664883273411,,-0.012218726429561007,62.98307207867927
,5.966544223524356,54.221234264024574,11.449661427729552,-0.27876421876424745,63.06731611339591
79.21012818131086,5.749139218259443,53.98607824395859,11.39077940015021,0.07647647838736513,63.15156014811264
84.13343237667938,5.869442246006026,53.956425935547266,11.370603512428808,0.15183228245673142,63.23580418282929
93.19405685675406,6.081464089469744,53.66621935630576,11.342355326896058,-0.011483242508622126,63.32004821754593
,6.00333435727615,54.41039599619805,11.422506355749073,0.14011040654640813,63.40429225226259
80.51766713996793,5.779890768527513,,11.771178516766676,0.1728853988911845,63.488536286979276
111.79290704944721,6.475895471202938,54.893153177965914,11.481349760946676,-0.10625331287848601,63.57278032169595
,,,11.72994177675747,-0.03056820861566105,63.65702435641263
113.27396207818973,6.49964028773651,55.32614860801163,11.548078118417791,0.20334449527607493,63.74126839112923
89.92985760026743,6.011448514593782,52.852188005734895,11.247730202093372,-0.10133085799961863,63.82551242584581
112.8983433365439,6.496631444266353,57.61728317783988,11.829926962290983,-0.040028127120293494,63.90975646056259
111.60426634813261,6.469961761977733,,11.697344195851043,0.019653015887778406,63.99400049527923
112.16360108783614,6.477842384860844,54.15904781253447,,-0.009269481204345524,64.10726971633773
89.05811475469304,5.9877902223412915,,11.295396805840216,0.08081594412861161,64.19151375105436
103.41539339498051,6.3012988102669265,55.82699282657461,11.596404463785607,0.06952453028669926,64.27575778577106
92.84663147514796,6.071574550132149,57.85347860224153,11.854772800552947,0.05052191161112717,64.36000182048774
102.93025135695896,,57.87667037845833,11.839548597424905,-0.03726931577492109,64.44424585520443
97.88192326281289,6.186947432979464,59.14281559197706,11.994575540257337,-0.07022495423631435,64.52848988992098
89.26695030451216,5.9883150140900945,55.23871942749632,11.537481125098656,-0.015141520215028695,64.61273392463775
83.14902661711913,5.842765023539206,56.82006533318229,11.73691900501441,0.270035874007348,64.69697795935433
121.87616958606534,6.663684629317352,56.49560798960496,11.714473854805947,-0.028777661272182675,64.78122199407106
99.86030631620491,6.222458148846242,55.31230052002569,11.547449295352905,0.27977514103257534,64.86546602878762
78.97714496766703,5.735758929084302,,11.382329040241446,-0.0473017667270954,64.94971006350441
83.69815267698013,5.860089614336184,53.97759448762943,11.38996421186037,-0.1579040111117929,65.03395409822103
102.89683808590367,6.2857638568522445,55.51409333071927,11.583309065176342,-0.0009703744919712543,65.1181981329377
89.42780812549745,5.987132312767072,53.92069337371491,11.37729340266647,0.07991571414109643,65.20244216765435
96.32893734667806,6.1476167104583554,59.327327122182474,12.01078815025859,-0.11366408834672381,65.28668620237106
81.7255742966528,5.8104127770425915,,11.730689018917317,-0.03455772482030136,65.37093023708763
102.35477207560618,6.2759847470577315,59.01976309812684,11.985123017045908,0.020380716119267783,65.45517427180425
86.60490114487267,5.924890779275004,,11.793083882847158,0.03460523100870328,65.53941830652096
104.24651143705162,,55.728835918060504,11.599815872085841,-0.0678576020925095,65.62366234123772
81.72911314543613,,58.66854800012673,11.963037182522777,-0.3474900383864749,65.7079063759543
82.65502241502617,5.82965305778305,55.01845648994187,,0.05552241533066399,65.80722039200893
73.26859436023744,5.589850621191822,56.40147706280252,11.683413505677802,-0.16837056253659835,65.92869713983526
94.06059165628399,6.1043152656541775,59.09434530070255,,-0.023279200038544726,66.0129411745519
75.55738559926053,5.649662113865498,57.68737047591584,11.846070324820097,0.0889416570941483,66.0971852092686
96.97880848763214,,56.18216031132504,11.663170711793866,0.037331927197352205,66.18142924398532
96.69535093465205,6.159805831010828,54.20571656025321,11.417526727926582,0.058864775275210716,66.26567327870201
83.2473548094963,5.8416061745361585,58.66751526684841,11.927000305342268,0.2153724359900104,66.34991731341859
77.78560616279707,5.7161294910092675,57.71075521556356,11.856436303343422,-0.1023687617459085,66.43416134813528
93.48951756960464,6.092347090602551,62.06568599664198,12.376425197479728,0.04892823748584758,66.51840538285192
,,58.09856021077926,11.914964329299297,0.027873443037574108,66.60264941756861
,,59.153856235025756,12.029354464369156,0.05460647849470007,66.68689345228528
,,59.81983108845057,12.081664023245041,-0.016585194399152625,66.77113748700191
,,57.44710446460849,11.83416544364758,0.13803272134848085,66.8553815217186
,,58.86818517359621,,0.23528528743763882,66.93962555643525
,,,11.913676584760186,0.03095319303042382,67.0238695911519
,,,12.238501136431156,0.08727594562340973,67.1081136258686
,,,12.073093961499177,-0.14605571567141648,67.19235766058519
,,64.92885013164938,12.65364814828654,0.017214755436940173,67.29659778581207
,,63.784303389098014,12.560379732090079,0.1359588917712143,67.38084182052872
66.02604086355944,5.409253999894665,63.105006613112046,12.448031658408464,0.04219337121735103,67.46508585524542
66.71119878593277,,61.14574797619622,12.222880512411612,0.08084111769326974,67.54932988996214
88.19624429792707,5.980089898286436,67.33040058816759,12.918269347581655,-0.0024710865068924195,67.63357392467863
65.3843725098419,,61.008710127396895,12.21776670910567,-0.12774179987810316,67.71781795939536
92.97125473910698,6.087764594976495,64.07975897585197,12.554965054712108,-0.031458556506922426,67.80206199411201
82.55326877224121,5.846976054345925,62.96429408513674,12.408567673145319,-0.18939935928422166,67.88630602882867
54.94385849546559,,68.30415767308773,,-0.16025258448695892,67.97055006354545
72.93154731524807,5.599690394857698,74.49920888191095,13.684746288584009,-0.10314745439107442,68.0547940982621
69.6694652390113,5.514122984259672,66.04867281165986,12.769084403419335,-0.02208892876291025,68.13903813297867
74.76636382962145,,,13.02452224721729,-0.03829707855230525,68.22328216769537
89.99114892123646,6.0258386120596645,68.3468430348575,12.987506641833914,-0.1265424188078749,68.30752620241203
97.37505452284505,,69.58374519347619,13.155063238446958,0.01988879553556873,68.39177023712861
,,71.1906559983141,13.305100735767624,0.22081944884986796,68.49054904170268
69.03103119450638,,70.21106411743239,13.18325407856035,-0.01461251052661878,68.5747930764194
74.661325957475,,,13.270685815591458,-0.011536962821082757,68.65903711113594
70.24356243919189,,71.58132150859895,13.340227277390785,0.09013413072343547,68.7432811458526
75.22542427276875,,72.84286138658642,13.445884983399019,-0.07382006662424508,68.82752518056941
108.6419945015597,,73.2043684949675,13.487163352964304,0.14669178417306797,68.91176921528614
97.93628809279438,,,13.49522313801462,-0.021573903224363384,68.99601325000269
103.82404831268214,,73.93293244559257,13.538150528681976,0.06226270398123212,69.08025728471935
90.06775198921407,,73.2420009759876,13.484158725973451,0.22819029165141713,69.16450131943601
106.34517014387457,,77.45868858126777,13.890359918486848,-0.17161517867950696,69.24874535415262
108.95118001747525,,76.37494087703705,13.789580737278287,0.029416753800160234,69.3329893888694
99.48952365857774,,74.26019986260252,13.544069079976145,-0.12817956203514086,69.417233423586
92.78124088928311,,80.05036736380488,,-0.11107576159327431,69.50147745830263
107.22744750908451,,73.01018260134744,13.422579368697663,-0.14978932171884846,69.58572149301928
119.21159348548888,,74.88537727660037,13.60453291054575,-0.03855237044436119,69.66996552773601
90.74260934972496,,,13.791704316949048,-0.023552912335648855,69.75420956245267
,,79.6084598423594,14.0855265651515,-0.04794782297671573,69.9382686297641
107.86306024368957,6.40044753383028,79.58509481605427,14.09571144234089,0.08137143529200414,70.02251266448079
106.77364064376023,6.379901942814269,80.65430646235141,14.173362521412013,0.07262044259908,70.10675669919739
135.12044947735197,6.9107145867944935,,13.967789576433582,0.1246875620004535,70.19100073391411
109.04802521671714,6.427131891920936,,14.24922292281492,-0.00015782376956489163,70.27524476863076
135.26030904602717,6.921496733676931,80.76186548759554,14.170618458286496,0.18276364532590733,70.3594888033474
143.3171862550017,7.048169965410353,77.07724181172878,13.78505692966427,-0.020475655908015436,70.44373283806411
143.47992762604656,7.056119603927317,77.55972097443771,13.845537709145688,-0.08447209707679076,70.52797687278074
147.06169881823237,,80.87584584147677,14.162294147257072,0.11851998376876634,70.61222090749743
153.1602193123843,7.210552232714049,79.95785879942423,14.058247407032688,0.17960291137683104,70.69646494221404
138.0232295875117,6.963289325609996,78.6101741447413,13.935899787401613,-0.11673816712269502,70.78996999905482
128.32703734134253,6.786097708773612,80.09368875741568,14.054905616627527,0.13456313486875476,70.87421403377151
142.0795427109794,,80.93621374229959,14.174676594132487,0.016705186681023748,70.95845806848807
176.36697158686997,,,,0.12112786419654031,71.04270210320482
,,,,-0.041607375476886733,71.2067496679443
161.9704393837586,,,,0.30896722525321163,71.29099370266101
144.8161783678764,,,,0.024804064289580482,71.37523773737767
185.7658923769456,,,,0.13707013782400065,71.51467873261441
,,,,0.05897318738177604,71.59892276733119
177.27368057616553,,,,0.3823505431745386,71.68316680204784
150.1172760987433,,,,0.023096732869515395,71.76741083676447
126.11973302946123,,,,0.09327530959052603,71.85165487148119
166.4243865344785,,,,0.37282561952046506,71.9358989061978
182.9660372351533,,,,-0.014206045685987552,72.03913086727002
181.1941481981041,,,,0.07452246579369727,72.12337490198665
146.10483449487333,,,,-0.19192189172435048,72.20761893670328
174.95420542827975,,,,0.27682402814969465,72.29186297142002
170.7417224887155,,,,0.06937519207067695,72.37610700613668
153.17749186127574,,,,-0.18621079456243667,72.46035104085327
155.58477687936454,,,,-0.37781324684858114,72.54459507557002
188.00323763652133,,,,0.02039053513449041,72.62883911028669
156.5024892837624,7.2543249131082215,73.52760443863195,13.39662013365653,0.11314577963453559,72.71308314500328
189.00123419035486,,,,-0.12284906763809074,72.79732717972004
143.0327881572189,,,,0.12373617736776354,72.8815712144367
147.52766171364402,,,,-0.11864408576460223,72.9658152491533
,,,,0.023086441012808767,73.05005928387001
166.78898415425385,,,,-0.1163078237646428,73.13430331858673
146.75295285288018,,,,0.10919889544785842,73.21854735330346
151.62296408419013,,,,0.025983349379544298,73.30279138801991
,,,,0.07433075995970381,73.38703542273659
174.2938251051131,7.523604257684517,77.85354914906712,13.858394880920374,0.08021567911628122,73.47127945745326
160.8030147619589,7.322156179484522,76.70487074609423,13.736657590155255,-0.08814796070283298,73.55552349217002
190.01730852680868,7.75194022141584,77.85808576019207,13.851714577554695,0.3351416340636636,73.63976752688659
,,,,-0.021314346213758797,73.72401156160338
162.61444660640936,7.348307220291497,,,0.05838833656524835,73.88809544071185
152.303967249171,7.187362948160895,,,0.03928351234729258,73.97233947542843
139.83455995643064,6.978508588853132,,,-0.21281915992069322,74.05658351014506
164.1075093632235,7.376414690381192,,,-0.22422216587440294,74.14082754486176
164.22483288774902,,,,-0.013141046164973892,74.22507157957844
146.26116280328594,7.091969425698325,,,0.035451366073186226,74.30931561429506
156.51055454213179,7.255372264489154,,,-0.28522238506660413,74.39355964901183
176.74248801671467,7.562375963615633,,,-0.08961300392703876,74.47780368372847
148.00503195942318,7.124250960879148,83.21014206318199,,-0.08729036753264978,74.56204771844509
,6.987044290847639,83.18146764524231,14.379182931045722,-0.07099795223813532,74.64629175316172
144.7963364166612,7.0629174049403245,79.20401790568077,13.973150727521547,0.09887752702123775,74.7356200028008
138.3562929867692,6.952136985502403,,14.294008874912151,-0.04207646711459537,74.81986403751755
154.64314845623466,7.224015998606498,83.93267108337471,14.443327895521168,-0.06721326584973267,74.93152801847559
173.37166335128063,7.512428898580494,83.42372355208316,14.398951985561933,-0.15642049013469686,75.01577205319222
144.5009381426713,,81.61919329239751,14.249918034728307,-0.00788922219149961,75.1000160879089
172.63801517429008,,80.8973098429396,14.131128760461076,0.21511027202898292,75.1910032293934
176.47930416614446,,79.78267099292486,14.029909462851368,-0.020762525670109364,75.27524726411005
160.51039058217688,,81.54395774754417,14.233960087831033,0.2036872171795816,75.35949129882673
145.86999332728286,,82.49140468285182,14.298682796390267,0.25621673527943606,75.44373533354339
151.90526985804036,,83.95585420052033,14.432074151400005,-0.006218005432057701,75.52797936826006
166.42901036182488,,86.80165531771748,14.72024080000958,0.22576285464143428,75.61222340297668
148.33761066584725,,84.55068112148561,14.493099620347433,-0.022139687453450192,75.6964674376933
203.88837617443485,,84.29776233298105,14.481253249820933,0.04043816646299506,75.78071147241002
180.14662878899165,,80.3014232443624,14.075666979631622,0.31445419439326816,75.86495550712661
191.3943538417663,7.766250864083852,90.4208280653368,15.03534863068245,-0.14563339802677955,75.9491995418434
159.35102157682363,7.2972117314397815,,14.185934418992991,-0.010927651221839026,76.03344357655996
167.28098318620997,7.418191323348486,84.77361680251215,14.499644118765596,-0.04779653317611645,76.11768761127662
201.56561451143745,7.897942652517021,,14.418950428765111,-0.09189809130034902,76.20193164599334
161.68786825192004,7.331203604340725,84.95218207456215,14.518733289639812,0.002324154277969247,76.28617568070997
199.09212735588076,7.873035873602159,83.9380283176765,14.420836893219814,-0.24484505342308727,76.37041971542669
174.5609382702778,7.5272959599765255,86.27942187447836,14.657531728906845,0.07669879313800369,76.45466375014323
165.38306299609172,,82.15925786845234,14.262317572947103,0.04275403299556978,76.53890778486006
163.41235966380668,7.357750723058151,84.9265317544588,14.52946626266222,0.0037317964150094343,76.62315181957659
,,,,-0.08945112216182736,76.70739585429327
,,,,0.04553919441025191,76.79163988900999
,,,,0.0795226721982631,76.87588392372665
,,,,0.008871276406020909,76.96012795844321
,,,,0.06072039897442452,77.04437199316007
,,,,-0.24028556750317312,77.12861602787665
,,,,-0.02945220908126371,77.21286006259339
,,,,-0.06743458265962993,77.29710409730988
,,,,0.10494706423751705,77.38134813202659
,,,,-0.045889908779087794,77.46559216674329
,,,,-0.3009276045851595,77.54983620146002
172.56900677537223,7.497942764719338,85.92302926552674,14.636697065254687,-0.012474705117812148,77.63408023617666
169.52327528077205,7.449207486859847,83.96269496734597,,0.11810005310039456,77.71832427089333
164.09166637054912,7.3694318644354375,83.75822011206313,14.431320106403334,-0.19379745472165477,77.80256830560997
152.75632672271948,,89.81574279966756,15.033484177752618,0.06060243148753339,77.88681234032663
172.1356882020769,7.487752759362715,83.34560964418634,14.382472941825657,-0.008427982552036925,77.97105637504336
148.77130932084899,7.124051589073567,87.34537916166867,14.798557155851855,0.08285030798200166,78.05530040975994
143.36250351213386,7.039665874667295,83.84715512281778,14.426344121055578,-0.24225661485712824,78.1395444444766
136.0594710423865,6.9068986814160604,86.92787940849593,14.737817127648716,0.5251863954768853,78.22378847919326
131.48999184499206,6.8303726739321835,87.67393780096448,,-0.07046326061459667,78.30803251390992
146.7251020051775,7.094786532995896,,,-0.09933605336770163,78.39227654862665
167.08877682811794,7.423251952890318,86.7146399754582,,-0.0025719072180556725,78.4765205833432
135.30654160359754,6.901434803149934,87.62228483088685,,0.0764329614130386,78.56076461806002
140.5833889712727,6.991043429372329,91.62820504393265,,0.07130712861690486,78.64500865277661
122.7612325468978,6.674379296120172,93.11280278321576,,-0.05784117045673192,78.72925268749327
174.678498110063,7.532273801593676,86.05208987157121,,-0.04039400785269749,78.81349672221003
151.69873256619033,,89.59011644205475,,-0.10940848664509362,78.8977407569266
,7.176881609356218,88.89526964435883,,0.19658954961991904,78.9819847916433
156.23510855365896,7.2521696313025155,91.45690015494577,,0.12827470648384762,79.06622882635995
123.00935654305539,6.684303638548528,88.56181186457174,,-0.049698032174019635,79.15047286107662
165.19392339326885,7.392432946003837,90.17493779297834,,-0.02852413403073753,79.23471689579327
134.4789129794225,6.891477620184044,96.21506762674845,,0.12459138486184576,79.31896093050995
155.56666039084038,7.247181000131735,92.5433059371218,,-0.31517384956651534,79.40320496522655
161.68080532594817,7.339427053348977,94.8287933853953,,0.1032893484091672,79.48744899994323
120.56870808346666,6.639069945990896,93.37013242508381,,0.1534809806103858,79.57169303465999
157.76735182389922,,,,0.5685837886539366,79.65593706937665
161.07541608326844,7.331102565909533,93.01268175319443,15.274585787353653,0.025580821470865864,79.74018110409332
,,,,-0.0694423737655052,79.82442513880993
,,,,0.1200762404463278,79.90866917352656
,,,,-0.13537388568466943,79.99291320824332
,,,,0.08535819492674618,80.07715724295993
,,,,-0.11299648926666546,80.16140127767663
,,,,0.11621910526525828,80.24564531239324
,,,,-0.0028257753298239355,80.32988934710994
,,,,-0.05761540522819917,80.41413338182656
,,,,0.0177656205297586,80.4983774165432
,,,,-0.10531961345520323,80.58262145125993
,,,,-0.00645736645359781,80.66686548597652
157.4427889547601,7.279737078789943,100.22875418108983,,-0.13392996788457961,80.75110952069316
152.2811618171341,7.194909722474921,106.16381327134398,16.411438446989017,-0.052923570052301194,80.83535355540998
158.9709829920811,7.305026824672483,106.14828213906002,16.40832577172692,-0.2015571933702876,80.91959759012654
161.15106367629735,,,16.28476671502753,0.04551930998915042,81.0038416248433
177.79172018862752,7.585807677706932,109.17874454792346,,-0.2624104787722419,81.0880856595599
187.84227631431332,7.729003126220294,104.49073505479015,16.255704107249027,-0.23473510274962264,81.1723296942766
,7.815385547418016,110.06496411348235,16.71876256869039,0.055562682279487276,81.25657372899322
180.1969281603688,7.6209311622381595,106.43973298759923,16.43309301376439,0.022541014262999242,81.34081776370991
165.7719929608829,7.408595491936878,102.43899942270211,16.052836415724503,-0.09151866626396284,81.42506179842655
177.34541998883748,7.577648969729845,104.33655724085185,16.213445690672362,-0.0004132419906587488,81.50930583314326
204.69683998762343,7.950560554924781,112.98778745513823,16.95183311741782,0.07875740125462743,81.59354986785993
213.88839922526597,8.073265745766163,104.30501679559339,16.202644180525496,-0.3464308573626604,81.67779390257654
191.69662266860934,7.7803965721828785,112.10742875721948,16.883043166508195,-0.19157149847995533,81.76203793729317
200.23342439495337,7.896102845575975,,,0.34858115269429596,81.84628197200988
170.89269942052096,7.479162946814399,,,-0.1420982268438464,81.93052600672655
,7.9149826841208935,,,-0.024519271890569475,82.01477004144324
187.4387562279928,,,,-0.15095803492342627,82.09901407615983
238.1495907430309,,,,-0.017255125751486772,82.18325811087652
193.59065971810915,7.806437023178493,,,-0.11046675477275153,82.26750214559317
238.10223125077644,8.367068885636344,112.26740275950498,16.86333998986658,0.10935619098445011,82.35174618030989
226.05337173036168,8.222495821941314,107.48839513878282,,-0.194055158470365,82.43599021502648
222.46183566769508,8.178595528214789,113.76514241406922,16.980868738560286,-0.014299120015572264,82.52023424974318
248.40495918512084,8.486768898584582,110.40079294727292,16.68111204827497,0.03360803467076593,82.6044782844598
226.0950532835358,8.222317409143969,,16.549049202123275,-0.06522665031033145,82.6887223191764
276.9232173696376,8.803661107232463,107.15556873595563,16.404859752578027,0.04630969306637755,82.77296635389321
215.5672358883922,8.089231787504085,108.01234960997985,16.45595583877856,0.04377714613034727,82.85721038860986
239.14318199244596,8.379109078050183,110.74722461926083,16.714083929702124,0.014843048349925057,82.9414544233266
,8.309171642627248,,,-0.20381116901558213,83.02569845804328
,8.471669676977047,,,-0.07393971939101594,83.10994249275974
,9.193380208239727,,,-0.02968281952425297,83.19418652747659
,8.411552405704805,,,-0.19625304945209215,83.2784305621932
,9.113422340238092,,,-0.02624810477468882,83.36267459690991
,9.04271263449675,111.90531101392484,16.798530390303963,0.10012430080932584,83.44691863162649
264.80109232644634,8.668516298657572,107.11926465284327,16.41784241674247,0.04185693262294482,83.5311626663431
243.27639805151145,8.424420981534638,109.68144485372788,16.60829178208409,-0.07995738747894515,83.6154067010599
288.5257185882329,8.92395403651285,106.95685665484812,16.41935748345335,-0.1734114986563393,83.69965073577647
234.6915068940486,8.32059843124927,109.35679683360475,,-0.022276973642708857,83.78389477049322
288.0111770754463,8.917705607243695,114.27856248342788,17.02505747632082,0.07766612708895573,83.86813880520978
,8.467637062346924,112.27217112754307,16.837454140391127,0.004934245431764198,83.95238283992647
,8.651779829202583,110.40158626917842,16.69122128265963,-0.01501756513949002,84.0366268746433
,,111.02486173501681,16.749545425312817,-0.0065265088972100635,84.12087090935972
,8.493654903877646,111.25483363476555,16.766132248744665,-0.014219075890272943,84.20511494407657
,8.3104923618222,,16.802787078621318,-0.1196256265617385,84.28935897879305
,8.587388924498313,112.50726016583947,16.865086121853032,0.036865589256379824,84.37364833777184
273.27904335094934,8.757784304775738,115.4215109073325,17.117816872905788,-0.005201078081704529,84.45802198610961
,,,,-0.017687837682098518,84.54248000809572
,,,,0.030398973088903988,84.62702248810382
,,,,-0.03670158854689451,84.71164951059193
,,,,0.03249642528934892,84.79636116010252
,,,,0.050252363430214,84.88115752126262
,,,,-0.11578824319165888,84.96603867878389
,,,,0.10785951161118734,85.05100471746267
,,,,-0.3728938149665638,85.13605572218013
,,,,-0.13145545983116222,85.2211917779023
,,,,-0.1383267872694236,85.30641296968021
,,,,0.03913103208194433,85.39171938264988
246.75295682352086,8.46276752923131,109.82410550387546,16.64238649053186,-0.02102714933582639,85.47711110203252
273.53459198738176,8.760162493588346,111.85953094735014,16.84819607071652,0.005327871056486983,85.56258821313455
268.0648636898631,8.700862095379378,107.62676845366686,16.461189837296285,0.112048278276481,85.64815080134768
,8.38999116353896,107.59955402705408,16.449731718716322,-0.07374050925174502,85.73379895214903
257.402156788905,8.581647098192704,110.68598360100772,16.707518186777214,0.002308255570240492,85.81953275110118
,8.383158136466871,,,0.08515009667599102,85.90535228385228
,8.464476579389673,,,0.01636378561719031,85.99125763613613
,8.950461719424933,,,0.024087140113109987,86.07724889377226
,9.244230794045675,,,-0.0066369469619554314,86.16332614266604
,8.50722823849291,,,-0.19759285679300131,86.2494894688087
,8.741507529015287,,,-0.06323212971049585,86.33573895827752
252.36195902870003,8.522635360063811,112.7890585991154,16.907326216074736,-0.02097180768228321,86.42207469723579
277.26227364015244,8.801700601553684,116.91695975383641,17.229583769616294,0.04059654991830201,86.50849677193303
297.4683937500011,9.014113958831858,124.57056804024941,17.859866265304976,-0.001411428128335787,86.59500526870495
284.6216563829804,8.878595828783244,113.39129886856664,,0.12363468769545634,86.68160027397366
295.4650733853129,8.994697651439056,115.87711842594685,17.14733631634845,-0.1792128539984732,86.76828187424763
267.26678861439706,8.690903554734485,114.47179681614364,17.037954393240966,0.07902691613801577,86.85505015612188
253.55526740998712,8.53798680799117,114.43856665305852,17.031185372056935,-0.018669598311723577,86.941905206278
260.0901896632507,8.611298176291868,112.30382824694097,16.869650830228036,0.06688923023407921,87.02884711148427
308.6226121940851,9.126320719510003,116.75013549865947,,0.032925006215933375,87.11587595859575
312.9435478581095,9.171187732180057,116.84729532158099,17.23916448254366,-0.032815968497969215,87.20299183455434
305.413079105443,9.094527706412569,115.01295195676676,17.085509385871145,0.01289902542543192,87.29019482638888
,8.30539555614401,112.20726394205357,16.839339392419127,-0.26401742950941015,87.37748502121526
306.59844762609,9.103083650642954,116.2978657022886,17.187178536741353,-0.15110889559809157,87.46486250623647
287.89266498230825,,116.36614842600287,,-0.040509411533955084,87.55232736874271
,,119.18738756169911,,0.04788239100078128,87.63987969611145
252.16836267251736,,113.85277034054104,,-0.07929475029860962,87.72751957580756
312.7372521038108,,,,0.07491012528360469,87.81524709538337
254.69626215786164,,120.66096493489228,,0.2505766384129609,87.90306234247875
319.48170373414723,,118.08957126822051,,-0.3361250383065052,87.99096540482122
287.1293012407382,,116.93609899046798,,-0.1409548880407608,88.07895637022604
310.6468952767056,,111.33056600930966,,0.024416139025122584,88.16703532659626
270.70771136499457,8.726312989723965,118.23601792621407,17.297002879718843,0.10966007665723809,88.25520236192285
283.42139842980316,8.864573777696132,116.1072615344789,17.172863218717186,0.19837642900385932,88.34345756428478
287.9632980015493,8.913114299233786,,17.678256295899537,-0.02416779645132707,88.43180102184905
273.54023932161164,8.758064176426318,118.04279698789924,17.354413376577746,0.11014722276348198,88.5202328228709
287.37500247582034,8.904391145323098,117.20433891809479,17.249203631231,0.05221815959136072,88.60875305569377
318.53434605458955,9.220993861223679,,16.99607488923978,0.03743409424657015,88.69736180874946
301.50946393553266,9.05111309139826,117.10950112340397,17.239030785325134,0.09274594654836728,88.7860591705582
,,,,-0.04865470181523409,88.87484522972876
,,,,-0.056054896801301414,88.96372007495849
,,,,-0.03315281042170262,89.05268379503345
,,,,-0.0467797463976134,89.14173647882848
,,,,-0.08599948321986428,89.2308782153073
,,,,-0.29391816150994704,89.3201090935226
,,,,0.08124969186432482,89.40942920261612
,,,,0.02871608776027747,89.49883863181874
,,,,0.17579066898546003,89.58833747045055
,,,,-0.07624787301523589,89.677925807921
,,,,0.06983900831946104,89.76760373372892
,,,,0.0071424980436805095,89.85737133746264
264.82906420971557,8.663683519094102,115.09155038183238,17.07847636967825,0.011123234745683273,89.9472287088001
245.74158458919547,8.444852690780403,119.42970921439962,,0.13961289071800354,90.03717593750889
241.84551495727501,8.402916003938024,116.11988926410257,17.171648926619504,-0.015265997255303046,90.1272131134464
277.89793662486017,8.807796085759424,118.31052150046452,17.34088754621574,-0.02840337296266265,90.21734032655985
254.82229198890406,8.553861391901544,119.39117756714582,17.428179352781186,0.10180253220509237,90.30755766688641
233.5907115457688,,,17.176815615844585,-0.17934367528640507,90.3978652245533
267.57058429425194,8.697213130875124,115.90902917302111,17.15352065086301,-0.24237265644555755,90.48826308977785
,8.534902227851038,118.27349923247851,17.347395896004222,-0.003001573204790217,90.57875135286763
,8.633230723126687,119.58867999655203,17.442645970325717,-0.14278065290843733,90.66933010422049
247.16631127350814,8.466590343281691,118.57596192134434,17.363069138250697,-0.05358137643053073,90.75999943432471
,8.390572983637819,,,0.035001030390156604,90.85075943375904
,8.42699205708772,,,-0.1579252977432497,90.94161019319279
,8.549764024679604,,,0.10276613691114303,91.03255180338597
,8.915237669295022,,,0.012952388147021227,91.12358435518935
,8.4393347423385,,,0.20233400849313343,91.21470793954454
,8.576965149144263,,,-0.008671845230558431,91.30592264748408
,8.712990177150353,,,0.16888161686970343,91.39722857013156
,8.29826737809491,,,0.0639959690661533,91.48862579870169
,8.604062968834524,,,-0.12434799420788323,91.5801144245004
,8.239603722718243,,,0.14214794335220085,91.6716945389249
,8.641107748297967,,,-0.035819799128777634,91.76336623346381
,,,,-0.033402033423760476,91.85512959969728
,8.265683693732386,,,-0.45635449665697525,91.94698472929697
,8.607313852013048,,,0.0066100914168827326,92.03893171402626
,,,,-0.28372354517150117,92.13097064574029
,,,,0.049881751018344564,92.22310161638603
,8.741183022803892,,,0.010099908989875823,92.31532471800242
281.95969364782167,8.857349020981284,136.38407636384667,18.72187459120806,0.022124470398876713,92.40764004272042
250.77229973312652,8.514656310392807,135.20374947070957,18.637327364650144,-0.20688145146406545,92.50004768276314
237.01493690733787,8.352816235997167,135.35670881749726,18.635212342036315,0.13549064551846104,92.5925477304459
235.67927773156347,8.338824310222739,138.24790314072965,18.864015961563968,-0.24130168340935235,92.68514027817635
241.68779162631174,8.409627299291426,134.86204778475837,,-0.028237927925017,92.77782541845453
,,,,-0.09549741923603751,92.87060324387298
,,,,-0.09270754298425696,92.96347384711684
,,,,0.21620901764109296,93.05643732096397
,,,,0.03444226681994873,93.14949375828493
,,,,0.30117997714323036,93.24264325204321
,,,,0.09393480938676003,93.33588589529525
,,,,-0.09992938076263314,93.42922178119053
,,,,0.4890747439664711,93.52265100297173
,,,,0.02983747350225621,93.6161736539747
,,,,-0.13218271117477925,93.70978982762867
,,,,0.08997203730295342,93.8034996174563
,,,,0.17223573685717955,93.89730311707375
,,,,0.06000653263523612,93.99120042019082
,,,,0.11614402276972612,94.08519162061101
,,,,-0.15821880508751418,94.17927681223162
379.17909138821426,,144.8286652844365,,-0.10637136287843058,94.27345608904385
399.265385643623,9.957427818597676,151.14762486462612,,0.13741253925021604,94.36772954513289
329.12039626264414,9.329266405767036,,19.515621860402085,0.056114466240159616,94.46209727467802
345.66824179806883,9.484930571902511,145.90811447505428,19.36598716094339,0.0524585472431433,94.55655937195269
345.25408775160787,,148.3438286317822,,-0.08153172366678603,94.65111593132464
,9.812269711271501,146.8820563544109,19.44007539061449,-0.04205042762047974,94.74576704725597
316.245890155016,,,,0.032470238355072255,94.84051281430322
341.9231507661923,,,,0.1511353147977536,94.93535332711753
359.55370551145444,,,,0.009473017204000515,95.03028868044464
399.3541754463636,,,,-0.11494876365784822,95.12531896912509
462.12023648524996,,,,0.006989324940649494,95.22044428809421
425.05663227702155,,,,-0.10063582140168388,95.3156647323823
357.38750186180306,,,,-0.03162823590820656,95.41098039711468
394.59559888236436,,,,0.010909986220264428,95.50639137751179
371.5917626029065,,,,0.09930026833096334,95.6018977688893
406.35708056751275,,,,0.0029998328139836505,95.69749966665819
431.8670016590032,,,,0.21374066888889215,95.79319716632484
445.25035246910375,10.323870837258555,143.92919515502854,19.21772449060713,-0.10499106120188058,95.88899036349116
406.9896419083163,10.014963299072146,147.6308992514864,19.49569634579369,0.01677141332905149,95.98487935385465
404.43438965739506,9.995687719124817,143.1260957384725,19.170997884333364,-0.21973743857793157,96.0808642332085
414.0138326738444,,,19.521403288161153,-0.07658510426194153,96.1769450974417
426.66813413157416,,146.19241492770925,19.384869038166375,0.1795567476670713,96.27312204253914
,,146.08775690378414,19.38791345390059,0.025360517518551867,96.36939516458168
403.5385397034851,,148.2667766069598,19.540912638786445,-0.08418640246563641,96.46576455974625
446.1405331179731,,140.79448603980202,18.99123892840434,-0.013834839242112353,96.56223032430599
493.5732352938324,,141.83785613571968,19.06336086883987,-0.12231032910059184,96.6587925546303
436.0724235057194,,,19.317105633270568,0.04675000764863831,96.75545134718492
443.40277399297423,,145.32910256062678,,-0.1843280735497398,96.8522067985321
445.62755949261265,,143.96392702280417,,0.12069925148142245,96.94905900533062
421.3228799315078,,144.48099156989926,19.24918325725252,0.44082865448459513,97.04600806433595
430.52549338240783,,146.99273756705662,19.449467023528733,0.1620814777093293,97.14305407240029
387.39779433680656,,145.96175428003966,19.37551474949979,-0.16850588974175523,97.24019712647268
441.78496456572185,,142.53499084814828,19.120797970481664,-0.11579873054342403,97.33743732359915
415.8798640048334,,143.28097279249334,19.172595567951777,-0.11217276521973568,97.43477476092275
367.31512387427426,,141.30347337746423,19.033807178793744,-0.09012642255798818,97.53220953568366
448.54544338651107,,147.8378438848371,,-0.005927595350807152,97.62974174521935
411.74641820174236,,141.7799014545712,19.069594670653316,0.09260697698947434,97.72737148696457
,10.08588850391291,148.18806913422026,19.53706971732392,-0.013281060880247617,97.82509885845154
431.80193293745384,10.217976436105612,149.47944111560417,19.632344703884723,-0.01068370286436474,97.92292395730999
428.65457887265075,,147.26110786461243,19.45443940238232,-0.16792718183624164,98.0208468812673
371.7016155221295,,151.4948846654698,19.778199580754983,0.10949575621075902,98.11886772814857
365.7600110995832,9.662355110252522,149.45962205631355,19.620707046764675,-0.12941696424289317,98.21698659587672
425.25221177114736,10.16566427840305,151.6800290059143,19.792796613469886,0.24725003137037024,98.31520358247259
,9.948147316563418,149.24517144696097,19.60280036002293,0.03363785681794471,98.41351878605506
452.03717659417606,10.376970796674795,148.95152996824515,19.598617021820818,-0.26364006181041316,98.51193230484111
455.55443153657427,,144.73879309246698,19.28172069826537,0.041420159943005665,98.61044423714594
429.0325595921904,10.194388015199275,147.3148614526575,19.48267973375399,0.09582218334998227,98.70905468138308
380.93766852176276,9.793045681040265,150.17540570324763,19.660480946212143,0.03182860926730471,98.80776373606446
415.3372346767952,,,,-0.0529564172366617,98.90657149980052
363.908961845235,,,,0.05792417378612176,99.00547807130032
370.7672327415157,,,,0.05695835002963019,99.10448354937161
417.1080411075198,,,,0.14021818738013903,99.20358803292098
441.4657380820635,,,,0.007755137479655948,99.3027916209539
418.9868746671341,10.113017826594527,154.09171006964172,19.950180004894708,0.039584471377400274,99.40209441257485
402.73352466617433,9.980458219596578,149.20241070691802,19.60128085537038,0.06053785558135219,99.50149650698742
479.28347677644445,10.582534656486693,149.39249799613296,19.608700330649977,0.010833725887408798,99.60099800349441
450.9681794354624,10.367529051613957,148.44130795785787,19.54795097911534,0.08844106677900072,99.7005990014979
451.14594595342055,10.36699674074089,150.43399290589085,19.688420468488342,0.10083111121792139,99.8002996004994
403.6330682627154,9.984305019086696,153.2777124477743,19.887537565753586,0.33009718943015276,99.9000999000999
465.54084621119057,10.47853855172816,154.5647399496482,19.982557220377565,0.1662141409576481,100.0
