X1,X2,X3,X4,X5,X6,U,time
0.04967141530112327,-0.013826430117118467,0.06476885381006925,0.15230298564080255,-0.023415337472333597,-0.023413695694918055,0.15792128155073915,0
0.07674347291529088,-0.04694743859349521,0.05425600435859647,-0.046341769281246226,-0.04657297535702569,0.02419622715660341,-0.1913280244657798,1
-0.1724917832513033,-0.05622875292409727,-0.10128311203344238,0.03142473325952739,-0.0908024075521211,-0.14123037013352915,0.14656487689215542,2
0.0,,0.0,-0.03525240422369555,0.023662152274797565,-0.07995860757482548,0.0375698018345672,3
0.0,-0.02916937497932768,0.0,0.14210487263806795,-0.015450684163271612,-0.08600237795024335,0.08225449121031891,4
0.0,0.020886359500475543,0.0,-0.13281860488984307,0.07652807264213954,0.14575025099295846,0.01713682811899705,5
0.0,-0.03011036955892888,0.0,-0.07198442083947086,-0.09919131905191599,0.03514433301050145,0.03436182895684614,6
0.0,0.0324083969394795,0.0,-0.06769220003059588,0.032373860548298446,0.16786893848029671,0.09312801191161986,7
0.0,-0.03092123758512146,,0.09755451271223592,-0.07499430379676736,-0.1265644548538751,-0.11063349740060283,8
0.0,0.08125258223941981,0.0,-0.007201012158033385,0.1393750948740968,0.1288276429635407,-0.06451197546051243,9
0.0,0.15380365664659693,0.0,0.15646436558140064,-0.2648549152721878,-0.1394545448143104,0.008704706823817123,10
0.0,,0.0,-0.021967188783751194,0.0982970033837349,,-0.05182702182736474,11
0.0,-0.05017570435845366,0.0,0.03287511096596845,,0.002711383778583522,0.009707754934804039,12
0.0,-0.07020530938773524,0.0,-0.03921081531321577,-0.13320145042682446,,0.026105527217988936,13
0.0,-0.023458713337514692,0.0,-0.04206453227653591,-0.049955777777963256,-0.12914156650007103,-0.016128571166600915,14
0.0,0.18861859012105303,0.0,0.02575503907227644,-0.024270404487231084,-0.21356752036201926,-0.002651387544921688,15
0.0,0.24632421124852863,0.0,0.03015473423336125,0.0068308386583862445,-0.06534867832172409,0.11428228145150206,16
,,0.0,0.14027943109360994,-0.12812321258588358,0.03739920371442514,0.21904556258099786,17
0.0,-0.05662977296027719,,-0.05034756541161992,-0.0989545706691693,-0.11974723613723537,-0.10623037137261049,18
0.0,,0.0,-0.07832532923362372,-0.052345177785215524,-0.012376252037824442,-0.12308643164339553,19
0.0,0.13071427542824282,0.0,0.018463385853230423,-0.005341852268607134,0.0241636843142917,-0.1236950710878082,20
0.0,,0.0,0.025049285034587657,0.04203017529098974,-0.02298667527406767,0.023225369716100355,21
0.0,-0.07143514180263678,0.0,0.04738329209117875,-0.10911063570642981,-0.06607594629617522,-0.09746816702273214,22
0.0,0.11585955790074041,0.0,0.09633761292443219,0.060231409530121335,0.20927443340621005,0.18967929826539476,23
0.0,-0.07537361643574897,0.0,-0.08158102849654383,0.03082487422836246,0.07138397254897325,0.027669079933001908,24
0.0,0.001300189187790702,0.0,-0.02646568332379561,0.23938450526034435,0.23175726199114202,-0.08571575564162826,25
0.0,0.04824724152431853,0.0,0.0714000494092092,0.03673748912783624,-0.009927774229762678,-0.0846793718068405,26
0.0,-0.04465149520670211,0.0,0.021409374413020398,-0.09601385810751513,-0.04888099161711619,0.03853173797288368,27
0.0,0.015372510594552791,0.0,-0.11429702978306232,0.044342485800036496,0.13709161529386554,0.1083051243175277,28
0.0,,0.0,0.05150352672086598,0.005659783177995953,0.21042484395809025,0.38527314906547216,29
0.0,0.1135565640180599,0.0,0.0651391251305798,-0.010925513775688171,0.035697226758488916,-0.07728252145375719,30
0.0,-0.04853635478291035,0.0,0.23146585666735087,-0.1606708692069429,-0.13245285463603618,-0.16127158711896517,31
0.0,0.10889505969673662,0.0,-0.10777447779293062,0.02105597174094352,0.05664268560458412,-0.07303666317171367,32
0.0,0.004557183990381379,0.0,0.2143944089325326,0.020282111114628867,-0.17781629162754908,0.018645431476942764,33
0.0,0.0852433334796224,0.0,-0.011473644146689901,0.13625649147105875,0.154381680885181,-0.12002964070557763,34
0.0,-0.04749453111609562,0.0,0.1765454240281097,,-0.05885151112950683,0.09178619470547761,35
0.0,0.1032465260551147,0.0,-0.04842340728662514,0.19730928452990615,0.11469872241439126,0.04438194281462285,36
0.0,-0.0926930471578083,0.0,-0.3241267340069073,-0.12180812704807906,-0.1787050504087772,-0.12477831819648495,37
0.0,-0.14301413779606328,0.0,0.013074057728609135,0.014476635303848656,-0.0847545250234742,0.11631637521549597,38
0.0,-0.0981508651047951,0.0,0.019905969557347004,-0.05479206462443582,-0.05500559030623896,-0.03853135968617602,39
,0.06621306745210467,0.0,-0.12378154988268492,0.22126572528856547,-0.013204317258392856,-0.015178509503558334,40
0.0,0.028099186773503267,0.0,-0.020812225035727522,-0.09881271341895725,,0.08496020970210247,41
0.0,-0.06929095952606543,0.0,0.030729952087660935,0.072961321869605,0.09182020734464258,-0.08289950109220723,42
0.0,0.07472936051232619,0.0,-0.002090159396414813,0.024024719165942572,0.12452464531646047,-0.059157138883582996,43
0.0,,0.0,0.10987768519871902,0.08170557114023706,0.2030198513554385,0.1305478807154329,44
0.0,0.06819529712949639,0.0,0.032416635248844215,0.030936768642719152,0.05980213086305965,0.059515702543691366,45
0.0,0.20923872756854603,0.0,-0.12141886127877322,0.12877774144954446,0.2135921423104926,0.062411981705215516,46
0.0,-0.0012246772846914624,0.0,,-0.11628371566272047,-0.007211480231622824,-0.014705738150213865,47
0.0,,0.0,-0.05637245528039747,-0.07918985722889409,-0.033143994651019824,0.024496657110872278,48
0.0,,0.0,-0.1448084341497324,-0.16329535954981453,-0.21918336381105985,-0.021344715171184726,49
0.0,0.1475356216949552,0.0,-0.015993852996342713,-0.05982499445016185,-0.15184470718611406,-0.0018513135992389931,50
,0.03227185603380895,0.0,,0.1468763501017207,,0.04017117220989415,51
0.0,-0.04012204718858363,0.0,0.0012592400781794861,0.030541470424530065,-0.050360321554338394,0.0024510174258942715,52
0.0,0.14511436077950418,,0.21531824575115566,-0.07623106025753316,0.029769342682698693,0.018334200573835176,53
0.0,-0.08082982853551515,0.0,-0.05993926454440222,-0.12626227413051844,-0.19026374164116472,-0.07591326615536981,54
0.0,,0.0,0.09504238381860503,,-0.1395808609509766,0.04919191715065058,55
0.0,0.18314587658543538,0.0,-0.04691756521047048,,0.017503619132037712,-0.01145398452526179,56
0.0,-0.15944276587943673,,0.0005243699718183166,-0.014068966707713987,-0.032051171555581306,0.062284993234749876,57
0.0,-0.01423794850212935,0.0,0.051443883405874906,0.07137123579761631,-0.11316322558523796,-0.15341141707356223,58
0.0,0.033231401197959164,,0.1551151975522523,0.03214501679163583,0.14795372193567746,0.006751848141010895,59
0.0,0.17553408424432046,0.0,0.09715709509543555,0.12658367397941567,,-0.09649234605801045,60
0.0,0.10584244868495879,0.0,-0.11832585126657752,,-0.13854031598977776,0.07175422557959624,61
0.0,0.007409478041977519,0.0,-0.13801014582148916,,-0.1752104487079141,0.03840654489393073,62
0.0,-0.20674421000398768,0.0,-0.13044695005048532,0.01176319655440819,0.009063350227837576,-0.09398797863273553,63
0.0,-0.10592135218889516,0.0,0.09551423205012383,-0.15075138465374852,-0.09894433013879941,-0.053025761837244084,64
0.0,-0.010703035995455783,0.0,-0.05536493053471821,-0.08158209643883532,0.12853827339749807,0.0035263551971728615,65
0.0,0.021397991073422204,0.0,,0.03927069779045524,0.08791081822219637,-0.05305011476105275,66
,-0.027505169715164403,0.0,-0.15151910621985523,0.12784864276312355,,-0.024903603955637833,67
0.0,0.031125015454353613,0.0,0.11195749114345768,-0.07339940163601874,-0.22220138826096142,-0.16064463202575727,68
0.0,-0.07563507452843034,0.0,-0.06465728842425265,-0.06337180390405642,0.15011372046678656,0.08816397569494505,69
0.0,0.14799441388900259,0.0,-0.08612842013282637,0.1264494923572647,0.11988322669908258,-0.10372461543264565,70
,-0.08756182533847573,0.0,0.09261775475316414,0.15649029599388253,0.015678763680508828,0.056296923669057086,71
0.0,-0.048712538376469605,0.0,-0.0863990769679816,0.04189926469574836,-0.036662363618524124,0.027045682577983884,72
0.0,-0.023894804686640975,0.0,-0.05767713305683328,0.04097949179538297,0.04582207699657156,-0.09775552447985511,73
0.0,0.0751387123371789,0.0,0.054336019237993506,-0.08933322911731797,-0.04940374415210502,-0.07632591565425169,74
0.0,-0.16275424378831627,,0.025972250172148187,-0.06869725481524347,,-0.166152006226896,75
0.0,-0.12110161997624568,0.0,,-0.07565243645953597,-0.06250841304501048,0.10062928092144406,76
,0.08356921120651419,,0.05298041779152828,0.1460528089184466,-0.1548953726508684,-0.07968952554704768,77
0.0,-0.02030453860429927,0.0,-0.06039851867158206,0.029851145863901307,0.05651703291150047,0.11677820616598074,78
0.0,0.03376026620752022,0.0,-0.048760622407249356,-0.06741522625059491,-0.03469710730798651,-0.0420984480820263,79
0.0,0.2075400798645439,0.0,-0.03260235321678411,0.10061714325349475,-0.03680794694379878,-0.2038124535177854,80
0.0,-0.18707919210258558,,0.00184183791895517,0.15460278994081464,0.15534108767375415,-0.021910052880886426,81
0.0,-0.22111353090078853,0.0,0.07708651938869669,-0.14712188941040208,0.0028616546216277128,0.03384964074944141,82
0.0,0.06327818661062849,0.0,0.018186625505849516,0.05565666638551229,-0.03262169830493065,-0.08498443694647918,83
0.0,-0.08560838259088673,0.0,-0.04776574467651167,0.055172632776978994,0.12176454615944295,0.10375399442578992,84
0.0,-0.026987493529337128,0.0,-0.04442932600761116,0.018623751433880554,,-0.09221653241776255,85
0.0,0.13556378588049509,0.0,0.1876795812558066,-0.09515065031340178,-0.27649233305370435,-0.17787202489042786,86
0.0,0.06543656563540577,0.0,0.02799686263198203,-0.03747707222751501,0.217888533847304,0.012922118197522751,87
0.0,0.07257666238986919,0.0,0.022388402427913137,-0.06784870049173838,0.0647564201546233,0.18820244964750338,88
0.0,0.1593186626639397,0.0,-0.0989604820258581,-0.0036233310387995613,0.04626032058472779,0.10941915184709486,89
0.0,0.1529550319460614,,,-0.14079463033636,-0.25223427961400635,0.08231705839619147,90
0.0,-0.1289960899741054,0.0,-0.033578469929012825,0.1498269097310425,0.04126802001030141,-0.15031429531181062,91
0.0,-0.02727235697476705,0.0,-0.005429486651781221,-0.036524840992472926,0.11253276543555368,0.18489560949453454,92
,-0.02688886905548306,0.0,0.25733598032498606,0.0037500487407363375,0.0036154671365203755,-0.002412508711000328,93
0.0,-0.014436041192394248,0.0,-0.054685894124039215,0.09965906510839459,,-0.07128457826771643,94
0.0,-0.02549772174208553,0.0,-0.2650969808393012,0.0872763275426305,0.11585778836467284,-0.20733902324081496,95
0.0,-0.03714408659957915,0.0,-0.07778166875908754,,0.028122259718302872,0.09356783931474612,96
0.0,0.07216720640432352,0.0,-0.05245202662797737,0.01782478861915679,-0.07854177335601575,0.07129984301723881,97
0.0,-0.037482080754959755,0.0,,-0.05707742723309894,0.024174634084294808,-0.10810633275998974,98
0.0,0.05931012579683838,0.0,0.0326133022242118,-0.1073408251790887,-0.006233084939254854,-0.018490213644298904,99
0.0,0.10490092258368894,0.0,-0.14084612963635598,-0.14261759646270566,-0.11184113595858719,-0.12804293524962831,100
0.0,-0.20819294078837222,0.0,0.02110174672026184,-0.06600976304158163,-0.09463476269215651,0.03991361143520709,101
0.0,0.11033018820165215,0.0,0.01503017614618776,-0.027920522533280853,,0.03078017688920592,102
0.0,-0.1348185422105713,0.0,0.017086543812794185,-0.01238626317679281,0.005218337820732271,0.03475817053616711,103
0.0,-0.07783047254023127,0.0,-0.09783727776150321,0.04765989309656486,,0.10291556373256437,104
0.0,0.025602973431387566,0.0,,0.06230209539721176,-0.1823137207149626,-0.12795769667357015,105
0.0,,0.0,-0.07257438131534656,0.08529565422621091,-0.02749769926273092,-0.061151780299194824,106
0.0,-0.09232332461109044,,-0.09758732529773329,0.07633442713464533,0.07523965677474985,0.2632382064837391,107
0.0,0.018483612369487392,0.0,,-0.09659871274287071,0.03249545716384783,0.2560084538268795,108
,,0.0,-0.00349884904969617,,0.18412982647002446,0.18124485579969288,109
0.0,-0.056246677589426766,0.0,,0.06078145660184118,-0.1344437209104754,-0.07271371758248686,110
0.0,-0.007443342910004629,0.0,0.017770100093325383,-0.09463225788594093,,0.061058574528382314,111
0.0,0.10807807255546219,0.0,0.04591800792284367,9.146889146545e-05,-0.14883361602855005,0.04296182191325859,112
0.0,0.027157883719537347,0.0,-0.10810565404082624,0.12368248850242783,0.12843462773630313,0.06815006973726244,113
0.0,0.002975613949574519,,-0.05160447282173739,-0.03363018392223216,-0.0921930343016942,-0.04344962274323156,114
0.0,0.022213377163371285,0.0,0.12557561255735208,-0.11010251935064536,-0.12986354819515145,-0.043973105827417494,115
,,0.0,-0.1485560373036972,0.07693527160986673,,0.00822839892754242,116
0.0,-0.05172884501003722,0.0,0.22988981236192504,-0.09570627096544479,-0.0677652033759972,0.1453384477117701,117
0.0,-0.05228600271532683,0.0,-0.02817846088605072,-0.0424891261586577,-0.1681465825533616,-0.1004140766752068,118
0.0,-0.0034684887386781183,0.0,0.1550500492814077,-0.1111067884282994,-0.004568084085416466,-0.021398884422550897,119
0.0,0.06748194921666038,0.0,0.03824097461840506,0.0786652405338687,,0.02891686439078181,120
0.0,-0.0637739984251316,0.0,-0.06231405264247644,-0.04025132206866344,-0.05039167524471363,0.11890165311075518,121
0.0,-0.05707462937494763,0.0,0.04714155563864041,,,0.02029230208512997,122
0.0,0.15475052013300616,0.0,,-0.019913533738142253,0.025038306994550584,0.0334456789987025,123
0.0,0.20102045387663497,0.0,-0.07982972445384538,-0.16244347042082818,-0.21249503276684772,-0.0033126972873797097,124
0.0,-0.05176112990361714,0.0,-0.0016422896072752075,0.08690743756327024,0.3053298135993291,-0.05308687729203207,125
0.0,0.1044160877069072,0.0,0.18467073257360336,0.057735902689686314,,0.05906548306923093,126
0.0,0.08204821811973641,0.0,0.10666746895891539,0.19079785207400862,0.32634246887024576,0.06487098875896427,127
0.0,0.014671368643332284,0.0,-0.08169356709872361,0.07953431847085628,0.02942008238488447,0.0028744822934817487,128
0.0,0.019109906801990335,0.0,-0.13598561409799192,0.041947929763232625,0.18673434734507371,0.21632547233054603,129
0.0,0.021915032766393897,0.0,,-0.06392379887789199,-0.0021172160805126954,0.060789650971653925,130
0.0,-0.04464336145505283,0.0,,-0.039553398750567056,-0.048328254120861336,-0.07001208149391733,131
0.0,-0.15231869047837748,0.0,0.03772118750645209,0.19949767291782494,0.14079001480512446,-0.05551995266931984,132
0.0,,0.0,0.04400144500533324,,-0.10363842913887544,0.07083564472993534,133
0.0,-0.05640786307367284,0.0,0.08724573282801447,0.0826206957979994,0.13417548489226783,0.18466369960476658,134
0.0,-0.1525525170924739,0.0,-0.004558601635549781,0.05923223806347497,0.0403060124288926,0.03520553965142968,135
0.0,,0.0,0.11172958315881276,,0.09604774301068447,0.056976728023220395,136
0.0,0.06427227598675439,0.0,0.019652116970147016,0.11559220902237634,,0.1440117215449473,137
0.0,0.18009404329108158,0.0,-0.14307751021180481,0.020671288279137737,-0.01690882875067204,0.08406435489887241,138
0.0,-0.044618343321477974,0.0,-0.04523063192490767,-0.29961893674761764,-0.38264979233827545,0.07604146561442975,139
0.0,0.04254575617849648,0.0,-0.004771135614197986,-0.01845250667901991,-0.07138516752573518,0.15033983017671507,140
0.0,-0.022096417382966395,0.0,0.02083828079475525,-0.2060819410881083,,-0.06819842479977986,141
,-0.02811002928859549,0.0,0.06408428612670099,,,0.13993554365860023,142
0.0,0.005963036992017413,0.0,0.069822331361359,0.06498225299285536,,0.06351718016819695,143
0.0,,0.0,0.019759960469239966,0.23545501980707015,0.20065653715366283,0.17359638031652494,144
0.0,-0.06514180036144483,0.0,-0.03203473081943202,0.05032057882788763,0.07210804064971128,-0.0573700003938579,145
0.0,0.21422703586118638,0.0,0.04363236696740321,-0.00901354451095278,0.028882338746732933,0.061351797273041665,146
0.0,-0.025737653742334513,0.0,0.03992231226052793,0.08217254075723539,0.084487483945314,0.15739867632900328,147
,-0.14643748802098203,,0.10470983026121546,0.18436169404999805,0.15396624699285616,0.10786808334312957,148
0.0,-0.017262729994081964,,0.06523228784134197,-0.11575528359393877,0.10446569808363969,0.13800913541474516,149
0.0,0.03958035334374091,0.0,,-0.02893760024800522,-0.09278145984426742,-0.002555407099144528,150
,0.05436001545944324,0.0,0.07716987106483447,,-0.1879751958294572,-0.17397137787780997,151
0.0,-0.1119669894626144,0.0,0.11608267873785194,-0.01590217170525535,0.01925671906843717,-0.0046920578879184075,152
0.0,0.007682189106025536,0.0,0.09962668194471401,-0.002942586820990467,-0.17528399510245352,-0.04281151609659126,153
0.0,0.08502217421134929,0.0,-0.03492577043184288,0.0076871676561473465,0.22948630895307148,0.03819354522315534,154
0.0,0.10302834540318423,0.0,-0.025904214582070314,-0.03360529308123498,-0.03721351452084979,-0.003722223650984159,155
0.0,0.005194588580729943,0.0,-0.008071658010858232,-0.0024981668012190664,-0.16529040324614772,0.09163276747024815,156
0.0,0.09980101098596522,0.0,0.20883747047807277,-0.01718762601986067,,-0.10399059271255309,157
0.0,-0.10534155631736562,0.0,0.19140313538667864,0.06446674811489446,0.11134273244318274,0.08700677306887543,158
0.0,0.015041890514357642,0.0,0.24034155852382752,0.07079937445131293,0.12231554879541723,0.1050654396007612,159
,0.11870303055603802,0.0,-0.11430049127304837,0.2594797766396406,0.11802868945138704,0.030263546523903326,160
0.0,-0.006413834659299254,0.0,0.03213572154502731,-0.003528121085690873,0.17651359604358668,0.045353430151397985,161
0.0,0.09640871682883573,0.0,-0.12276078151369925,0.07259429560299673,,-0.029756350335999195,162
,-0.015005558703252674,0.0,-0.017307182428386962,-0.04754640784733295,-0.20764399066352496,-0.14400508825942945,163
0.0,-0.08469613483183279,0.0,-0.21533901136037148,-0.07081904774030501,-0.12682456351455432,0.16420151601363692,164
0.0,-0.06881503451777238,0.0,0.09817654869915943,-0.11861874289501084,,0.22909425725907417,165
0.0,,0.0,0.24397524063392728,0.1776979013307156,0.23122430180295567,0.0594754341665286,166
,0.07589285897867652,0.0,0.010420110395187608,0.09133078346361867,-0.00899229601726273,-0.028067507686677408,167
,-0.00983396267947499,0.0,-0.1103589317215771,0.022157459273422893,0.19476673325696192,0.0918316606002313,168
0.0,-0.09896281365703376,0.0,-0.09824873935383097,-0.0666068876883333,-0.040344422827173515,-0.09683444548636354,169
0.0,-0.13340254949182045,0.0,0.031978193414253696,-0.19859886909469932,-0.12554707689152175,-0.001963779892668122,170
,0.022391413406466144,0.0,0.012522450264790728,-0.03014927674682382,0.008334786229883647,0.05432980290363879,171
0.0,0.004059169120388238,0.0,-0.06629009175509482,,0.010239329890097432,-0.12438632353912851,172
,-0.07184072655691974,0.0,-0.02949496782920278,0.09825817056533545,0.027330149045100352,0.027899416222380197,173
0.0,0.21451491277733883,0.0,0.030982071022702753,0.051579700961528745,0.07781114920734092,-0.018528765887770828,174
0.0,0.0043811471979109595,0.0,0.09638791167949097,0.23344512856821623,0.08788706159903728,-0.13698029795790778,175
0.0,0.25797093376543184,0.0,0.16391168054440675,0.20632524607944047,0.14277695816413596,0.05689830791852754,176
0.0,-0.037912774098748714,0.0,,-0.03591100085152399,-0.14440971590088636,-0.12239402667622566,177
0.0,-0.07699732310586418,0.0,-0.15558956462036275,0.009820786663499958,0.011951139122009208,-0.19937356425714556,178
0.0,0.12276689924732923,0.0,0.16725723868377035,-0.020333924911540582,-0.09001578485695862,-0.005576907765770601,179
0.0,0.007600539141241151,0.0,-0.09206735930793664,0.08383897787711594,-0.07455736094889749,-0.011122606134870032,180
0.0,-0.07355299425897666,0.0,,0.02408686836754305,,-0.03164084496948019,181
0.0,0.014171691363990475,0.0,0.03933178393943719,0.06285731647277393,0.02785870877289899,0.013354090478228232,182
0.0,0.07081086766885905,0.0,-0.07859894605079495,-0.11739058178000292,-0.2630828787468304,0.05079913269125437,183
0.0,-0.2152890592952483,0.0,0.24929995174327907,-0.03204666957430732,,0.008182935854756502,184
0.0,,0.0,0.026739231407190298,0.131889761316913,0.08497894573653209,0.09920423495365228,185
0.0,-0.07557451594928448,0.0,-0.08984679817910374,0.013513808299788946,0.05401066002366338,0.10858955658315782,186
0.0,-0.002502695874514392,0.0,0.13902075490173135,0.01984231136354473,-0.0345722226506553,-0.13118362323501595,187
0.0,,0.0,-0.0186971302985446,0.06127329445040326,0.1022316245961522,-0.007049877805909122,188
0.0,,0.0,-0.09393353938187543,-0.021887607691579387,-0.11557679162210505,0.05999287299962045,189
0.0,0.12187618516973167,0.0,0.14907261368499522,,-0.07754537318109969,-0.06134026635409398,190
0.0,-0.038817681854122876,0.0,,0.059933647489339534,0.14226326833202724,0.11906462747863414,191
0.0,-0.14848979684499036,0.0,0.09343199112392737,,-0.18000623524125814,-0.11701130260593595,192
0.0,0.054146272820478805,0.0,-0.057651040072671945,-0.22173143276492005,-0.22742400245932848,0.03918040054025465,193
0.0,0.018335991977915564,0.0,0.05792914996010884,,-0.05888105633108133,0.11965715016644914,194
0.0,-0.002730453950993186,0.0,-0.044328225119151035,,-0.0043385864924981345,0.17117084801423435,195
0.0,-0.16135613978767413,0.0,-0.02093236771518661,-0.08463856391365207,0.007823067823528831,-0.06056155397368641,196
0.0,0.06779258713392691,0.0,0.21573082132655036,-0.06894443938640848,0.027578466938743162,0.029929258040649193,197
,0.15615111967268527,0.0,-0.07534178703461836,0.1322895428245318,,0.20133872475266232,198
0.0,-0.03653215513121087,0.0,-0.13471262895296965,-0.1272981186649125,,-0.06568942789713958,199
0.0,0.05366527525272862,,,0.045719716999393784,-0.09369017607713512,-0.14218106667418437,200
0.0,-0.03226798388421358,0.0,0.1328194141849058,,0.20391283436587251,0.2165002344901084,201
0.0,0.09278401280812372,0.0,0.026859227886325693,0.2059746083152155,0.2473938358588809,0.0538296079049633,202
0.0,-0.03649527295428853,0.0,-0.10448091940210336,-0.1858919677830699,0.0034842057495554635,-0.11032083657216832,203
0.0,-0.02768132998889207,0.0,0.08157372125392968,0.04425498107513319,-0.027375878494487096,-0.01671217137864115,204
0.0,-0.02486911261835471,,0.04909749516382514,0.10611726710655361,0.20342675820672484,0.1173473857485325,205
0.0,-0.12968319479558466,0.0,,-0.03322267010944563,0.07992845513982598,0.12382830714336357,206
0.0,0.03088330125989638,0.0,0.02407531794885683,0.23411403566636632,0.18511738451333307,-0.17607627591558178,207
0.0,0.03811583848827778,0.0,0.06731813512699585,-0.00421547121883465,-0.13437390445638703,-0.02090232572860253,208
0.0,-0.05805234498047227,0.0,0.16699045043514063,0.06639440703309644,-0.045368953496580836,0.04446026682201407,209
0.0,-0.060978290431938226,0.0,0.0014688194729197094,-0.01169365113416776,0.05005051397603204,-0.012094814860778158,210
0.0,-0.08874921778021001,0.0,0.07223813578277714,-0.03669578742000882,0.1255195183917489,-0.03996361856146024,211
0.0,0.093259083187309,0.0,-0.1760808811980776,-0.12367037714389864,-0.0009357360652935132,-0.05518581458924468,212
0.0,-0.05642475986573886,0.0,0.15421099525678758,,0.36513540277354456,0.12083662305931425,213
0.0,0.05925269492011831,0.0,-0.055118571632853344,-0.02013549023951569,-0.02425999734568068,-0.017018462252492844,214
0.0,,0.0,0.008840688629184737,0.12570557945238486,-0.015065547250012107,-0.019365945927971813,215
0.0,-0.18665366170730602,0.0,-0.012174750838328354,0.15488124977588702,0.15376275779181353,-0.1024186824329205,216
,0.1221033695525353,0.0,-0.022648409884983192,-0.10081382400767933,-0.07936248322546527,0.10887486197041861,217
0.0,0.1543243528272189,0.0,-0.11196174332890113,0.005029260737127117,-0.15964235636233587,0.03231677141847815,218
0.0,-0.046603650186824226,0.0,0.051360010656971655,-0.09805478129775161,-0.31522873620538366,-0.28722622132816494,219
0.0,0.1772251596669744,0.0,-0.045709625658627184,-0.039677201773389396,-0.02678361346741026,-0.09983854391882915,220
0.0,0.07660802783846904,0.0,-0.01001540764799528,-0.038651225281147464,,-0.082688035403986,221
0.0,0.03673655068161781,0.0,-0.0803178950680345,0.14526269383675405,0.09550623788304662,-0.002136729434843616,222
,-0.24242402602729418,0.0,0.07368438970924333,-0.06025991373903514,-0.023884286247528693,0.051593921770409945,223
0.0,-0.05290526773462948,0.0,-0.12542894231692495,,-0.06699586442969324,0.046642998243352635,224
0.0,-0.16151318159055095,0.0,-0.07345915767980492,-0.1311968206282081,-0.04551488383373398,0.11486373494287153,225
0.0,0.006167984984797165,0.0,0.0693105607263144,-0.011739507544199449,-0.07978497414685055,-0.08275902206487197,226
0.0,-0.1072139011985607,0.0,0.043655980415766786,0.11811770839914529,-0.17628241960330787,-0.10097307047099376,227
0.0,,0.0,-0.07280029412291344,-0.0008272519441772999,0.11094591059728637,-0.06459641791245353,228
0.0,-0.04827435221820325,0.0,0.012267031599479554,,,-0.025235350212628762,229
0.0,-0.15631908086966573,0.0,-0.007783719701280204,-0.013141178719270745,0.32009087120773344,0.029875290836568626,230
0.0,-0.04263575962055433,0.0,0.011327041053776446,-0.14694128571224876,,-0.0668144085538994,231
0.0,0.10800480657146486,0.0,0.1281016361735113,0.01131636747425091,0.11428559255711422,0.04847328172944748,232
0.0,-0.0643549832317462,0.0,-0.03347753321065409,0.010875808145204849,-0.06932385838777273,0.04235990655934611,233
0.0,-0.10675329142542729,,,-0.02135515240883315,-0.015410441048409981,-0.10623935281468798,234
0.0,-0.018714426500454878,0.0,0.11873860515647512,0.3154451864184786,0.339123578440351,0.032579631658216646,235
0.0,-0.03531662928106884,0.0,-0.029540141013902944,0.06434153968955147,,-0.10065425652796411,236
,0.13171150673398654,0.0,-0.21218548990085948,,0.06707621531640189,-0.0022868062298882124,237
0.0,-0.050477492122821745,0.0,0.054673356820137936,-0.10876740587731322,-0.14480506213893787,-0.03917581490438219,238
0.0,0.16153756894694418,0.0,0.12171585208254965,0.17400094792030033,0.23046708303832938,-0.043162031271804846,239
0.0,-0.0024195606390916167,0.0,0.0324359281721603,-0.0692176382829604,0.04134825441370432,-0.04646172972983931,240
0.0,0.02832878715461422,0.0,0.058669380147527476,-0.03451599439338832,0.003951947301474398,-0.13459796802467486,241
0.0,0.19389289990582848,0.0,-0.06777449705248516,0.0748585370249025,0.0956131386360693,0.03506300992735592,242
0.0,0.063472146856177,0.0,0.040981865692851255,-0.05123556428284831,0.0997024178756607,0.18998819348952156,243
0.0,-0.09745293046706416,0.0,-0.012038116395359824,,-0.1074140367987384,-0.05353281859539227,244
0.0,0.03319803305690146,0.0,0.07094518171390395,-0.048363883615128264,-0.00018058835860743777,-0.02595466775839172,245
0.0,0.061536748401305345,0.0,,-0.025218271825843224,0.0740617413122014,0.03672873134013407,246
0.0,-0.022346598237185215,0.0,-0.001941960588773261,0.01312130636357375,0.026494876265779163,-0.1616310608436588,247
0.0,-0.10678029215791932,0.0,0.17106133725819253,-0.011221706089256454,-0.023618535970341793,0.007005216311318139,248
,-0.09273531341905741,0.0,0.09751976297824298,0.11853395189726154,0.15975386447523232,0.10010460925671412,249
0.0,0.06778753195309077,0.0,-0.1830632896856457,0.09012816514379526,0.20847685430341406,-0.013744851462769186,250
,0.16122782579886455,0.0,0.1639964529371393,0.0009874332329309482,,-0.16019658118971686,251
0.0,-0.08432465953161918,0.0,-0.01758858124323366,0.07791906185330429,0.12312383803425354,0.004360244637245373,252
,-0.062264936173445196,0.0,-0.07424705856980483,-0.13903768361936406,-0.18084041204892448,-0.0037036797048412024,253
0.0,-0.0692420979873856,0.0,-0.008310557262869478,-0.18017086083102216,-0.07384204522002843,0.008243975293450329,254
0.0,,0.0,0.031917451041918045,0.13072082169716667,-0.07180350535608612,0.011502607914741718,255
0.0,0.06713400764504657,0.0,-0.07519693317388192,,-0.052829951313815376,0.10760071385985984,256
0.0,0.19011906857530075,0.0,,-0.1814502125308355,,-0.158413594300549,257
0.0,,0.0,0.08950383140761155,-0.07664237584476247,0.014022106860723813,0.16122206282554244,258
,-0.026853064790583234,0.0,-0.2151815401329305,,-0.0912969344258346,-0.0987179527151184,259
0.0,0.007685188295876822,0.0,-0.06500025808234598,-0.06920714885649944,-0.058247974668797456,-0.10903990774428461,260
0.0,-0.009858813228426175,0.0,0.07082144232565572,-0.0026784901065882265,,0.028712416520182422,261
0.0,0.03615035252061016,0.0,0.010855970577652314,0.02500557786581621,-0.004698444998867426,-0.012853751143893075,262
0.0,-0.05487249077409615,0.0,0.015985639199740036,-0.0984251258615349,,-0.0866174848214501,263
0.0,0.04271943618716849,0.0,,,0.03591469671133011,0.10005823180429783,264
0.0,0.1392465300064329,0.0,0.028869362927985705,0.09704461958150255,0.10148938342361367,0.08108082731597821,265
0.0,-0.1748531973238181,0.0,-0.16624919880356745,0.11480236560536002,0.16661386723870641,-0.10909664302151983,266
0.0,-0.11057046684859358,0.0,-0.030803428418574128,0.011466373705507016,0.19660464469324004,0.1395683810789956,267
0.0,-0.02092218737445278,0.0,-0.08058700664961888,0.08416379194231612,0.18372355063059498,-0.12343488718799221,268
0.0,-0.0026405756958927033,0.0,-0.08096035199216461,0.01017130178656142,-0.03931641902364558,-0.0014452270878279104,269
0.0,0.0006422269810937817,0.0,-0.010960980392583084,-0.04122043671739938,-0.08239031670468634,-0.025879606266710237,270
0.0,0.056091944794123876,0.0,0.06969544045107356,-0.03776634113263423,0.0999967614838488,0.03696421921980939,271
0.0,0.04477169258102776,0.0,-0.11267674689098053,-0.09151432445947612,0.005807733665219646,0.1732514999485092,272
0.0,,0.0,-0.1801057734152739,-0.09933807872979439,-0.18804964604119379,-0.06208475982511161,273
0.0,-0.04720905776971274,0.0,0.07479102561175338,-0.17931661194009021,-0.045531126947962776,0.20740826697499737,274
0.0,-0.253028752274633,0.0,,0.22575115566676074,0.08880149180096582,0.04966992232365217,275
0.0,-0.010594835430413566,0.0,-0.15029703283951534,,0.1492012689911074,0.10857863249393472,276
0.0,0.030805053950410236,0.0,0.026912694124510736,-0.09443804068554719,-0.032899559038855386,-0.0369610336043634,277
0.0,-0.0029262813684978357,0.0,,-0.16653816917088385,-0.05159458575835685,-0.09057323008626189,278
0.0,-0.059566129404349216,0.0,-0.21356742139786955,0.31171910442246,0.3794964762308626,0.022323891412915967,279
0.0,0.028555407485765696,0.0,0.0645215585950057,,-0.024322012351750702,-0.019733842030732612,280
,-0.019490828035268103,0.0,0.05935567222808619,-0.26823024002842577,-0.15461617858243482,0.019473619471877486,281
0.0,-0.038851845308888584,0.0,0.0947526462122858,-0.05354549789112645,,-0.0971656734541286,282
,-0.06267172245899652,0.0,0.09531250453760867,0.08920960049464362,0.16898487058984513,0.05161782871149584,283
0.0,0.04319225446739407,0.0,0.07542913298135744,0.15701633896250777,0.21835220113990128,0.03514482075415829,284
0.0,-0.0026521259249060064,0.0,-0.016306696394376388,-0.04431861128810194,-0.11096939392094553,-0.014451867071551784,285
,,0.0,,-0.006402131021528132,-0.06078084773782178,0.06592456684324051,286
0.0,-0.16075598643689742,0.0,-0.07691423497872983,-0.08545856181596893,0.002554661098689126,-0.019382613877280352,287
0.0,-0.20038623644067535,0.0,-0.12392583948534726,,0.061107471309234974,0.1360658595838651,288
,-0.30195121558208254,,0.18005111815108538,0.07432429949980482,0.06447614867701477,-0.04916361856320474,289
0.0,-0.09735461997044687,0.0,0.05054701591666269,0.17804143801032213,0.44299786488703224,0.039241596717876706,290
0.0,-0.002557431219199444,,-0.06947131310890582,-0.020709437444645325,-0.0639176667400589,0.0152354872033722,291
0.0,0.11210306673244715,0.0,-0.0009300321138614418,-0.060577996894854116,-0.0029682983880226985,0.08250982646676347,292
0.0,-0.06581164890752567,0.0,-0.1345870923473215,-0.08229779881769436,,0.08743891807127276,293
0.0,0.019358991136754437,0.0,-0.013737178839939666,,-0.01227778047139818,0.026536234939962846,294
0.0,-0.24388171582764293,0.0,,0.08712666868818339,0.22004264571632165,0.12361307218062179,295
0.0,0.019731570740559562,0.0,-0.031607285602704975,0.11848704042111177,0.21552457704758665,-0.013944627568099955,296
0.0,5.279588565972928e-05,0.0,-0.14438548161335418,-0.2422610095548058,-0.3098040401073096,-0.12207124259141587,297
0.0,-0.014778031881747153,0.0,0.14524675344707455,-0.025079716185109673,0.033617962965475694,0.0622207144043402,298
0.0,0.10391117874202688,0.0,0.06704806172412126,-0.04908702192518572,-0.16438425891701317,0.08178896580250287,299
0.0,-0.09020515543575104,0.0,0.11254347844147694,-0.09212196459708429,,-0.09006207346478688,300
0.0,-0.03286184757489846,0.0,-0.05441140021141926,0.028738100769361355,-0.01156819503772965,-0.10021874557814728,301
0.0,,0.0,-0.09943493746085123,-0.2779979259640988,,0.2412615421612916,302
0.0,-0.001926037973439464,0.0,0.002246589281204638,0.014937936533180506,-0.06081116769092616,0.11143216946688722,303
0.0,0.07181857257079345,0.0,0.0019616657693989903,0.06818475930916386,0.10297683034928613,-0.03540407109410238,304
0.0,,0.0,-0.12391070756539009,-0.14596786026748443,-0.10556108902946937,0.005088770185601807,305
,0.024395319790850026,0.0,0.14898634386020823,-0.2096546808738076,-0.265186371626723,-0.010325476014904739,306
0.0,-0.017585440443207118,0.0,0.002088648829596179,0.08266462811595164,-0.08040599894027824,-0.06163614080394775,307
0.0,-0.03177150967562341,0.0,0.05576910607251245,-0.11031033616186472,-0.04918443795451312,0.04982217484967852,308
0.0,0.15805406865683735,0.0,-0.08108575112103383,-0.10345014346245665,-0.09268027287593292,0.046635837444633454,309
0.0,,0.0,0.015175799224874038,-0.11594859061141585,0.04609112906505153,-0.16076610271180589,310
0.0,0.20236062192296395,0.0,-0.01900390350014945,-0.029674222591093105,0.011651681608391282,0.13728484746765302,311
0.0,0.15334337012963256,0.0,-0.02666523292344148,-0.05052600342992597,-0.048016750013715,-0.15981243518837476,312
0.0,0.20243096232868527,0.0,0.018970616761039567,-0.0768643109490375,,0.001914777741575206,313
0.0,0.0487872284871074,0.0,-0.01909037917272987,,-0.09995531607848783,-0.09564363768180088,314
0.0,0.1484116028535965,0.0,,,-0.10741111980050014,0.06045153263553668,315
0.0,-0.04520903328330804,0.0,0.02658782296520485,-0.05619429482498573,0.02961045950284051,0.20997217891665154,316
0.0,-0.035834015202122226,0.0,0.07441919714999368,-0.007487288135728357,-0.01844933745659122,0.1321304032273012,317
0.0,,0.0,0.10075136898369222,-0.03869530371600294,-0.03263260095079906,-0.19701038177118357,318
,-0.12111719292807813,,0.0014273067836434107,-0.0550933943461876,-0.06008027820866948,0.06863184569567009,319
0.0,0.05844129804724843,0.0,-0.15642416117110514,,0.11243258499816795,-0.08987840483231282,320
0.0,-0.01891203907770335,0.0,-0.012754912037753422,0.0885458285562927,-0.07033717264614929,-0.0012088947846054562,321
0.0,0.036363188262496786,0.0,-0.04207617936810533,-0.26552335047781483,-0.18833049115715278,0.043673855173350956,322
0.0,,0.0,0.06802161054504495,0.10242027950055536,-0.07801544778842054,0.03196518259189773,323
0.0,-0.00815226731016459,,-0.048722856411355236,-0.0403621636981432,-0.07438243494913137,-0.10872459388628027,324
0.0,0.06793732829565034,0.0,0.06663125009092119,,-0.1769287702597608,-0.06775646523356552,325
0.0,-0.09811655311396816,0.0,0.04620608932518965,0.10499155096462802,0.04018852192781858,-0.05975101946916416,326
0.0,0.1738899663797579,0.0,0.008531814256502407,-0.062344136434016775,-0.11513639241394048,0.05225141052657575,327
,0.14015985929464295,0.0,-0.15030803017598182,0.10860748747489284,-0.022848549255876455,-0.038397127195235164,328
,0.19956674897839644,0.0,0.060672305913618274,-0.07844287394243152,0.02228033903194169,0.08876554258738362,329
0.0,0.17952113559123223,0.0,0.04977430890913943,0.09086134757089345,0.1529484265154895,0.08389405004696122,330
,-0.055830175394603054,0.0,0.043950123062022645,0.09780337391486718,0.1958898517767272,0.16744924333475375,331
0.0,0.06687416555925127,0.0,-0.038709970247440106,0.08713382498138682,0.1472152844019259,-0.029396694766418225,332
0.0,-0.15178737466808095,0.0,0.08903831635197862,0.042036513511680584,0.08778855611028787,0.004977368718096008,333
0.0,,0.0,,0.08481721134007138,-0.06664257142254715,-0.21533429198712445,334
0.0,-0.04788374560084042,,0.06934789119139938,-0.022362346216337366,0.11166588210384333,0.061700594957669753,335
0.0,-0.13659557112005344,0.0,0.026125053123385606,-0.009188557448060568,-0.06452083641255917,-0.177623523289832,336
,-0.10293715081820716,0.0,-0.15223591862178912,0.12171885874834676,0.10188379896347584,0.15337277099164992,337
0.0,,0.0,,-0.0764841852423824,-0.11343955807097363,0.01600182258527877,338
0.0,0.11173988159024609,0.0,-0.03597686457890858,-0.08317230380792628,-0.10163175408574951,0.026028050658288615,339
0.0,-0.0957150914895043,0.0,-0.0048652351570451155,-0.011111046290404781,-0.0945099513850817,-0.023040071420576735,340
0.0,,0.0,-0.1846187862238094,-0.09489718008205907,-0.25631648595503403,-0.06500239344068982,341
0.0,-0.14496452196985302,0.0,-0.10039573720814986,-0.05312078154962936,-0.06708773274705004,-0.07217375533372533,342
0.0,-0.05466800845872654,0.0,,0.09388781029577484,-0.016964188226184174,0.08297324178791746,343
0.0,,0.0,,,-0.08956276088831118,0.10176614668435024,344
0.0,0.05514762752395233,0.0,0.039069592092814416,,0.09105492467884052,0.11695899924277736,345
0.0,-0.004347694981386243,0.0,0.05142547560178349,0.07283358100854018,0.10066357655214815,0.11243533598705027,346
0.0,0.05646059258936003,0.0,-0.002355215087423812,0.0031347644504298097,0.010414264833625154,-0.03695269288333586,347
,0.08260471714415063,,-0.16065771007386795,0.17401630438557253,0.23436875879256058,-0.12922626951056188,348
0.0,-0.050297477055134314,0.0,,,-0.18054649310329252,-0.06905410523162595,349
0.0,-0.08318222082304448,0.0,-0.07157599891107518,0.07997417173180174,0.1935005318508225,-0.0580053241370043,350
0.0,0.049968511030293386,0.0,,0.04563784227154216,0.037510564305784644,-0.12376624223272979,351
0.0,0.08872908372667421,0.0,0.003793783544760203,0.07137110999775044,,0.10729780477660118,352
0.0,-0.07859860326349824,0.0,,0.07367376393051844,0.09766648848930513,0.14532606633210343,353
0.0,0.06929186230316112,0.0,0.17193779062072967,0.21140427914100687,0.08104569305517785,-0.05495571359085802,354
0.0,-0.03871306497895147,0.0,0.0025388420542410183,-0.12319219937147378,,-0.06897277740641738,355
,0.1443632003468814,,0.08132051867479773,-0.026880756211484447,-0.019209783787276762,0.07903718960517114,356
0.0,0.0570612997219531,0.0,-0.03313083831833227,-0.02869546598085594,,-0.08254105299789552,357
0.0,0.12446795807367868,0.0,,0.034934270844516245,0.10637596336833008,0.054888383531736445,358
0.0,-0.012545426000290023,0.0,0.008589300629333042,-0.27482835554449636,-0.29064032264075385,-0.08514064342603136,359
0.0,0.29852590026034104,0.0,-0.03135296861723979,0.09561587044945845,0.1463460582210346,0.04200944904518413,360
0.0,0.20565435648295416,0.0,0.04736320768114545,-0.10517930044504976,-0.07059860120351125,-0.09186865114860944,361
0.0,-0.029508991423790633,0.0,0.09184544439424139,-0.10562645457218027,,-0.07095798547491726,362
0.0,-0.02170170504243704,0.0,0.24267164863455226,0.08003416029376617,-0.09232367399256018,-0.05647740041709423,363
0.0,0.2088442772869925,0.0,-0.18799243851390451,0.28416517699099914,0.24577010890438497,-0.08682927318763665,364
0.0,-0.26357477390168776,0.0,0.03278211728430853,0.01723003854822118,-0.08331657600713141,0.008568716140335905,365
0.0,0.02553837556743171,0.0,-0.04081008391602206,-0.0864686925652995,0.025953280168127736,0.08584511166566654,366
,0.003823799496002834,0.0,-0.02996766480067871,-0.021344495270583304,0.19945780709203517,-0.11119670257741637,367
0.0,0.0996858773465808,0.0,0.17586204841951336,0.025223481340414806,0.05823105258544365,-0.005312065301754535,368
,0.10964692338108838,0.0,-0.13192471945987674,0.05004675562823964,-0.040005097140375166,-0.00635245746153551,369
0.0,-0.045730165508679005,0.0,0.005802273480839523,0.03207320043657777,-0.2216947248179813,-0.06067002947652968,370
0.0,0.12000789564268613,0.0,-0.1876552706041874,0.06429205398894944,-0.05647465935557037,-0.11896666590903614,371
0.0,-0.018452535765584956,0.0,-0.22055660570990693,0.014644511447038253,,0.06515219913395058,372
0.0,-0.0201491533947518,0.0,0.05987943895619102,-0.021388593412154683,-0.08831786202163863,0.008199555641356042,373
0.0,0.14558223221467667,0.0,0.07890566873755189,0.0323344383754125,,0.04097627959594974,374
0.0,0.1403369970125191,0.0,,-0.01638702924490358,0.03425597146661152,0.04631847952675847,375
0.0,0.03113086734428849,0.0,0.10715431522348857,0.0013417982813631428,0.053970630474805416,-0.10325239035275396,376
0.0,0.18093063497331102,0.0,-0.08476339286190848,-0.022347162769910646,-0.15934886841377105,-0.07847619081277035,377
0.0,-0.1405567019178642,0.0,0.09022771737866472,-0.12468097515945543,0.06638124701974356,0.051079208852759475,378
,-0.06578345538521371,0.0,-0.10919339003953131,0.12511583703511678,0.14566244425859373,0.05532512199847837,379
,-0.08950698422766047,0.0,-0.09483480042242008,0.0026432731940997864,,0.08481742126666682,380
0.0,0.055229993767952325,0.0,,0.020268736539504652,,-0.05388418561927383,381
0.0,-0.19626256916725793,0.0,-0.15648027713620552,-0.01833645279305218,-0.014765095464791442,0.06791427754381955,382
0.0,-0.03294477863470914,0.0,,-0.030976515136204384,-0.04082616381320534,-0.1535572123207106,383
0.0,0.061246879401360234,0.0,-0.02440804736742013,0.009471592400601584,0.007955573763079461,0.03338599665685347,384
0.0,,0.0,0.06220699903060487,0.12313011300657292,0.18698066513194594,0.1090980425185967,385
0.0,,,0.10450884740847535,0.03937158292193107,0.02179958038358765,-0.03514142357137325,386
0.0,-0.08184286659420015,0.0,0.04998641237403714,-0.09812707851680402,-0.13064414774620622,-0.21000265076516242,387
0.0,0.08852314829889911,0.0,0.012354769595558234,0.2154103083246435,0.09016778816748927,-0.10589075870566006,388
0.0,0.19625871905307948,0.0,0.10114630354083563,0.1390894993913114,0.024565417814061546,-0.04853058353678683,389
0.0,0.16850142787085096,0.0,,0.2391646325862784,0.13678733667028212,-0.033513778117145177,390
0.0,0.1554160420714774,0.0,0.04148655003619105,0.011136278871728453,0.03614288448605604,0.055813951451850634,391
0.0,-0.029660745906979837,0.0,-0.11510140836195071,0.05522695179563242,0.09671481486029501,0.175547569831549,392
0.0,-0.046580556911816284,0.0,-0.007394756560839259,,-0.0883543186693221,-0.07582820688875902,393
,0.062271122390026856,0.0,-0.08043157596599924,0.08657764045192426,0.02055983098912173,0.02531652380379812,394
0.0,-0.003361256470371301,0.0,-0.05164296438875718,-0.05181928872920942,,-0.0746578346540239,395
,-0.15486182988637467,0.0,-0.028487549336967084,-0.046275161005040887,-0.06595419943576779,-0.006176419986012893,396
0.0,0.08745170741325226,0.0,-0.12032008553891445,-0.11559946095909714,-0.16105668664738565,-0.03519213178165091,397
0.0,-0.12961166642498945,0.0,0.018142662011397137,0.011374912367990694,-0.0625935426837774,-0.04129978221434341,398
0.0,,0.0,0.057312781324120016,-0.1713295843888523,-0.16954882040810101,0.03011073391917421,399
0.0,0.2693033663980497,0.0,-0.10040545968420103,0.013378687820740703,-0.16947673867088603,-0.008059974929676089,400
0.0,,0.0,-0.011676591579524664,-0.10371796801412075,0.07287515172861402,-0.032124276611791173,401
0.0,,0.0,0.036873314731751976,0.03470909318981529,-0.1744198644892483,-0.027888339415075653,402
,-0.004889718347410555,0.0,-0.005240445057746946,0.18515987751824992,0.2795949070693431,-0.006200400936603175,403
,-0.036650702036805184,0.0,,0.15419269882772102,0.09392912664563172,-0.02433839793750181,404
0.0,0.1904136589573007,0.0,0.2218780233448134,-0.052883160565187305,,-0.15166425494207914,405
0.0,-0.11677795512679351,0.0,-0.10973025276328441,0.029864526664055757,-0.08265640586755536,-0.06078752606758179,406
0.0,-0.05482687949250771,0.0,-0.11048627930625202,-0.02183795840392708,0.08270579600668199,-0.051319636451339606,407
0.0,-0.023052462518025084,0.0,0.01941076309533577,-0.09731594118326066,-0.07842257088042452,-0.11022921498364234,408
0.0,0.04086073077017677,0.0,-0.08385857984472311,-0.08090378699021143,0.03387273479247379,0.1228980502489062,409
0.0,,0.0,-0.05846177306571996,-0.03664932522497944,-0.15958052313099974,-0.0936506374789596,410
,0.029219272832637318,0.0,,-0.23545472448979463,-0.24251557015990088,0.04576865860535521,411
0.0,-0.04997301761516307,0.0,0.1388337778208448,-0.12803143050428525,-0.06487753185105108,0.014125714008746324,412
0.0,0.07682072166317373,0.0,0.05082686396745896,0.4481572817719706,0.24151026154676053,0.17246966497611085,413
0.0,,0.0,-0.042423633339804354,-0.03665254723689229,,-0.15171736966716792,414
0.0,-0.041619440488525394,0.0,-0.045001285799581375,0.10874546835033554,,0.03584536182096203,415
0.0,0.07579218499236196,0.0,0.18486088332964115,-0.0355569088697541,0.04056480951805746,0.009806753953894456,416
0.0,-0.07188323876087303,0.0,-0.01946972961166817,0.06752553562100669,,0.025224039642667742,417
0.0,0.021471318317052637,0.0,0.09854496856152184,0.07912756740502239,,-0.08892408282283243,418
0.0,0.08760467925297943,0.0,,0.01646312188857403,-0.1656536068896904,-0.03924711060608729,419
0.0,-0.0466495379228198,0.0,-0.019050310599781135,0.008246477783386882,-0.10435125488033184,0.008520944963390106,420
0.0,-0.018689615816198487,0.0,0.12059945165468161,0.07012061103653867,0.1671098666640412,0.15210062271593802,421
0.0,0.17473631979155582,0.0,-0.023655528721894605,,-0.006078391629128363,-0.08245141615276735,422
0.0,-0.052897770806401526,0.0,0.12230830670953251,-0.03534765152574101,,-0.057035136641368056,423
0.0,0.02700573583914221,0.0,-0.006863404608546861,-0.08790818119946806,0.16046015479052184,0.09113627221747217,424
0.0,0.12637066776546688,0.0,,0.017235681528452604,0.09194647743682244,0.1272353500106768,425
0.0,,0.0,-0.09600462952794638,0.009468281787231306,-0.02782287204014522,-0.11302037246739238,426
0.0,0.1516394055253573,,0.007203686128374476,-0.05962274880129373,-0.14277196174256873,0.007748051851886254,427
0.0,-0.12417605754816244,0.0,,-0.18789928133638933,-0.26229711155074686,-0.04136055334216443,428
0.0,0.05565531245337582,0.0,0.048603628941763705,-0.1609407608468265,-0.04737552740381033,-0.04711246518178786,429
0.0,,0.0,-0.13971181851129913,-0.038918481057895,0.009983333183647206,-0.15193460754768426,430
0.0,-0.04511588584089988,0.0,0.12002617497388293,,-0.08185736541247098,0.11539007342557472,431
0.0,-0.03885207751830093,0.0,0.04492187212850343,-0.0029701993295350865,-0.09861366239604027,-0.24883273534129896,432
0.0,0.04535087125544674,0.0,0.005898422158959738,0.06265599893167118,0.025821229846006835,0.01704637709965709,433
0.0,-0.020661127969604665,0.0,0.01569729609684342,-0.05629375809280966,0.0031563376756558147,0.0714609790636618,434
0.0,,0.0,0.04254899332402303,0.12600361080326017,-0.05844194063737733,-0.07094410024275466,435
0.0,-0.07837535211244284,0.0,-0.08567720938267928,-0.03853508061907745,-0.060401896408961715,-0.1202149526076089,436
0.0,0.031745326125017514,0.0,-0.009338685889994829,-0.0872040949979088,-0.21270678321272965,0.032159321133923856,437
0.0,0.001840163078343813,,0.06927227551168595,-0.13066852401066786,0.06727637226080498,0.020232879642280203,438
0.0,-0.07330329955239893,0.0,,0.08301291878991023,0.08402228168376051,-0.024852861807444938,439
0.0,0.014035986984804696,0.0,-0.11171864617070025,0.0124216445421166,0.039294756621358784,-0.005658848889989584,440
0.0,-0.1951101864038625,0.0,,0.03128377108013674,0.03392973285488068,0.041960997202411816,441
0.0,,,0.05835443030118877,-0.08567089370183027,-0.043110233836536456,-0.07068925679873489,442
0.0,0.16494808943239211,0.0,,0.0594835038477858,-0.05585756365821981,0.057239031117567576,443
,-0.18698163395321643,0.0,-0.028313889674376716,-0.059270073506379015,,0.038897872935218375,444
,-0.019426913197851933,0.0,0.10487071264165636,0.15421515543907885,0.05824005705237048,-0.06121669171548208,445
0.0,-0.03580293797469863,0.0,0.07396531517246714,-0.14898732369406675,,0.007268052432934134,446
0.0,-0.008923415422144892,0.0,-0.17312013034449256,0.17907994881431047,0.17407060493712076,0.044300213044737524,447
0.0,-0.10211624575603002,,-0.02676410908987936,0.015429025383852352,-0.2035718424685258,-0.0099094300241269,448
0.0,0.04322629506341555,0.0,-0.07076258948220261,-0.08192303005355611,-0.11656680149386396,-0.08966422273152082,449
0.0,-0.036920720044744615,0.0,-0.037482205662180614,-0.13215941787727828,-0.324960152270684,-0.12374266382225725,450
0.0,0.13286408282482312,0.0,-0.060650338821573974,0.03059753725219802,-0.04768513912405664,-0.06946003691631446,451
0.0,-0.17518288067517193,0.0,0.015805348992013187,-0.03392250253011857,-0.1082606623732079,-0.09457460606967812,452
0.0,-0.1317131919946585,0.0,-0.10022170189267249,-0.06892138413849823,-0.22531778145471665,-0.05014021468856367,453
0.0,0.05156280884439565,0.0,0.052214254593393586,-0.15045566361010593,,-0.07801991291174627,454
0.0,-0.11967886464263117,0.0,0.08929538701087693,0.20384772200896617,0.16079479082787798,0.07123221595801621,455
0.0,-0.06176416769336967,,-0.18800100339077638,0.1069893576904839,-0.11226682888646398,-0.037231905293792285,456
0.0,0.018517553682991406,0.0,0.022228985580085407,0.05268617997502875,-0.07752819063344651,-0.06769951384585314,457
0.0,0.08301918118626102,0.0,0.04512253193185082,0.12724096092102696,0.05703969450728032,0.16672241115511371,458
0.0,0.07356219972457467,0.0,-0.1656623207677774,-0.03439580085352485,-0.07390760384339762,0.07214793237573433,459
0.0,0.07574951493374855,0.0,0.06952029000839993,-0.03788982594096085,-0.16486772478490624,-0.08468509661253647,460
0.0,0.07793490039053325,0.0,-0.04179095457658906,-0.17477267130777774,-0.17918524899446603,0.19114190871397235,461
0.0,0.018947982122108065,0.0,-0.12549226680022926,0.0017546656474727064,0.09578299242770733,0.0012499321907250335,462
0.0,-0.16685992588781953,0.0,-0.017280173739646437,0.026995108763575804,0.037750309734564155,-0.07331561971099966,463
0.0,-0.18579014513982872,0.0,0.029815846599052565,0.05695394736845167,0.16892748138028738,0.03676198402097109,464
0.0,-0.08810683366612923,0.0,0.1186734620177331,,0.11025496358761162,0.004600274725327412,465
,0.11727568452674449,0.0,0.1941217436463749,-0.04036292291088066,-0.06285143747504739,0.02314459225255723,466
0.0,-0.021566763754763234,0.0,0.08814075289235712,0.14976223371310815,0.08988820064398927,0.1355442801105496,467
0.0,,0.0,0.05540577711159072,-0.05091400586868297,-0.12636909885633954,-0.21523835446091805,468
0.0,-0.15614932224418596,0.0,-0.03301200939664503,0.0009956126515185994,-0.07344867481154281,-0.02880388739220764,469
,,0.0,0.03380234811017082,-0.13390696854437956,-0.1542964414793183,0.1676393027208203,470
0.0,,0.0,,-0.08027161840957156,-0.08759848545328502,-0.10257526836402774,471
0.0,0.10613709648731336,0.0,0.03616610612470166,0.18966092753817396,,-0.11818741254208012,472
0.0,0.2086047049537114,0.0,,0.05611104626002593,0.003011761205355539,-0.09823035803773146,473
0.0,,0.0,-0.09040682897360003,-0.16935456317310696,-0.07399868684237253,0.11038773433162577,474
0.0,-0.00024038409188538443,0.0,-0.10921636327180897,0.04731240104304821,,-0.15457297866907332,475
0.0,0.05740712208940013,0.0,-0.13421277484851152,-0.1802689608502675,-0.1480141706236493,0.05027844268951942,476
0.0,0.07060789138151316,0.0,-0.10263692076658922,0.0693149473325104,0.027585904848455217,0.16284685547723218,477
,0.15905820726178505,0.0,-0.013699548944245826,-0.09299440548924835,,0.04283166923752375,478
0.0,-0.059381140806870514,0.0,0.00785770297191498,,-0.17897228217610503,-0.09797212247168069,479
,-0.16873443471107105,0.0,-0.13554475031122892,-0.06775901457428306,0.11669556432870809,-0.05258796758952039,480
0.0,0.04004813865063287,,-0.007744346072599365,-0.17374727648441604,0.06969543556168299,0.18071966436378853,481
0.0,-0.10240285908863796,0.0,-0.09645377949101913,0.04749881691654678,0.05414901685066757,0.21650560678066025,482
0.0,0.02125740306322149,,0.1105900424357309,-0.09497626060223198,-0.15922582344730776,0.007814306296964744,483
0.0,0.013906039865341766,0.0,-0.08028244439508424,0.036838730614854556,0.10264804766163568,0.19725421767898083,484
0.0,0.05055892418358746,0.0,0.2271449745422796,-0.07255272007642982,,0.0569760357198647,485
0.0,-0.009884520123930606,0.0,-0.25322460852196854,0.15906493882317496,0.13892399249476484,-0.02224748967782654,486
0.0,-0.06749340187905523,0.0,0.1991553302204734,-0.1844959738937731,-0.217714123040595,-0.014702542343084999,487
0.0,0.02078025073533134,0.0,-0.053216856312718955,0.01892668876696823,0.0253993272748116,0.04258436586298291,488
0.0,-0.17760117540484022,,0.02525688459966235,0.11716646223430305,,0.11013229577357622,489
0.0,0.13462257562027483,0.0,,0.23734622588455315,0.3135977810700359,0.05737444210044132,490
0.0,-0.12883076174635377,0.0,0.01455211977682408,,0.02211381067818422,0.1588626928043596,491
0.0,-0.11410085097527384,0.0,,-0.03294914373012649,-0.088474162037732,-0.04776455826040052,492
0.0,,0.0,-0.2929448690002268,0.17309854321606388,0.24095869815832166,-0.03763007249249961,493
,-0.11716543473175618,0.0,0.18972886947731116,-0.10150857477543827,0.023082247016768906,0.017528677893392387,494
0.0,-0.04118233689636573,0.0,-0.04545477187434442,0.05402622004742087,0.03354719137477784,-0.008087849786546131,495
0.0,-0.1060605066396601,0.0,-0.12845842656999693,0.07959964621888227,-0.0967613811653055,0.11535903433169255,496
,-0.03021805869826214,0.0,-0.03613105619672905,-0.057801786756880705,-0.17080007648856965,-0.051521839380824275,497
0.0,0.0664927162301741,0.0,-0.15975991695954322,-0.04715415423966873,-0.041578741544229594,0.049619918736331634,498
0.0,0.05114995753618615,0.0,0.08155010224442627,,-0.09098786736188469,-0.03566731341798712,499
