X1,X2,X3,X4,X5,X6,X7,X8,time
0.12752897928003729,0.7132759317398824,0.608108825911043,0.29379556831896547,-0.4308657528911892,-0.3947428177379056,,-0.15131723116648432,0.03721450341270044
0.36916349122300474,0.6112863443122359,0.34392146599726575,0.11800806723119232,,-0.5242727048930375,-0.41462623812854826,0.08132707838794441,0.6363632611285023
0.5128842709112442,0.25295868289911466,0.1515918078641474,0.019882995120244572,-0.17364921938920524,-0.36947242263314733,-0.011097829934159725,0.033861084637862665,0.8973966282451407
0.4260452510718696,0.3396142957574697,,,-0.30565333618950186,-0.21808804234008144,-0.18996698841862522,0.2962633248192358,1.0782641961706685
0.42311773114418383,0.47331217909673295,0.42560987912199283,,-0.025133561577440892,-0.3329910143464767,0.23315160242145364,0.07116008004014865,1.177624722693774
0.3529157779192905,0.395588303259837,0.5281169952321074,0.24266050135779899,0.04553668511435951,-0.06753312761640287,0.36327647738501756,0.26850706603605656,1.2769852492168796
0.4846222783556166,0.7237461447190063,0.409305693462899,0.08026333043342132,0.09652207737385031,-0.17150646887488327,0.36152759170151105,0.31501730355305196,1.3763457757399853
0.42327767824105766,0.4343786994359098,0.10566060937067079,-0.04405621738910934,,-0.1860476656206388,0.457880723261751,0.4758071085207438,1.7760796673218968
0.27386618314434075,0.31640085137631524,0.25796197818875055,,0.30404513096199454,-0.0025133848787834943,0.5443543470754542,0.6544251258165066,1.9583726014209597
0.42120715920007173,0.5137991908969979,0.39153660225153114,-0.05234182809810528,0.25131841234761093,0.13023510108503839,0.5282955366805809,,2.2026219049367115
,0.48895739568467317,0.2908675809481342,0.2284847550528472,0.16686230161338428,0.2628411925395051,0.767859590390491,0.5681383656658757,2.301982431459817
0.36105622308721236,0.4831601163433056,0.38113717278188713,0.2628592246684922,0.22683689466636803,0.20036980768642337,0.8937930153197866,0.7300341201419295,2.997381588270181
0.2561139774837246,,0.22369216399630865,,0.18755362330238773,0.04896989390262996,0.7207560207492753,,3.3501397214713244
0.6160497709306199,,0.366142625919784,0.2820931587917905,0.35351396491929243,0.19620998369447468,0.749813266471909,0.6538421461307881,3.44950024799443
0.3172094297649698,,0.5055593623697742,0.4232235019392109,0.4112401813758948,0.3576970888387327,0.7923251680302124,0.8037289055643576,3.548860774517536
0.40596936951228835,,0.48212161171363654,0.28836013938404514,0.3168575894983042,0.365820349223472,0.7975698657804147,,3.6482213010406404
0.2825722250432588,,0.09459916051235684,0.3934879213912612,0.20655103875332406,0.3053159755477218,0.8724628383748293,0.8864561004285382,3.747581827563747
0.6329375197388609,,0.20977514144097106,0.19492161171294897,0.334186958669958,0.282373717977934,0.9707635981034775,0.8354057521794951,3.894847108204685
0.3730710661825568,,0.7199269179954684,0.44929411245725004,0.4771632527374678,,0.9711705608730491,1.1394940436253875,4.006858270682891
,,0.6502091210903004,0.4615155207892369,0.4957541708492305,0.42244519275849063,,0.8505068991325877,4.106218797205996
0.35748662735124015,,0.5050206882756393,0.20361752624789278,0.18503670586816995,0.3652236271792243,1.0531916950848386,1.055661929488219,4.294022760633662
,,,0.4766880863703302,0.6345751591570826,0.4098383293626917,,1.2891876008443273,4.393383287156767
0.6434645225973168,,0.32208678558423476,0.38646791433130506,0.36951890716891655,0.5209129754159778,1.1828260492134972,1.1662498338307288,4.492743813679871
0.5383411453498228,,0.33179864570220297,0.21020607449892362,0.5848630207623156,,1.3610415631847874,1.3569915880141588,4.592104340202977
0.5071679558685296,,0.39156169895546344,,0.7317642275652052,0.5111000016933112,1.3469853899126991,1.4280821011960532,4.713339171255307
0.1070390116993849,,0.36379891985796936,0.20800741095988579,0.5372707432108847,0.5761671574646503,1.342718108368505,1.4302432001147392,5.019784050773622
0.32389971361571246,,0.5678913284503415,0.18915283407129302,0.6298144212090622,0.6215988378871989,1.4941717209069332,1.178565466715661,5.119144577296727
0.36524660259535957,,0.2895167931681765,,0.48964548229080257,0.8253411238548377,1.4744371714745828,1.5764722008110252,5.263002981896065
0.4393033989973161,0.5644008972770148,0.11418115546981711,0.3472235239848781,0.8288496676043081,0.8774281118671458,1.4726788005853233,1.655092965060254,5.441928769272742
0.5848391102086642,0.33567159372533034,0.16831607786365999,,,0.6484553025029911,1.3215561262831708,1.7386308661511136,5.541289295795848
0.4410288197859509,0.2297362939343233,0.11017620399536489,0.3796038258339874,0.9173935996416046,1.0445458014709312,1.6011664024639143,1.7773938104528073,5.727996169308321
,0.19142809986232195,0.5293239400082665,,0.9560560106279462,1.1311187524750341,1.656462702296915,,5.827356695831425
,-0.030560881936446904,0.2638871775214203,,0.7666856683598241,,1.453418485549258,,5.92671722235453
,0.11379092079957251,0.1861945522486852,,0.9700004339604755,1.2994503645427795,1.6211028548132977,,6.521670066505488
,-0.30726936836378593,0.27652585490134685,,1.3485041865041978,1.58265516193133,1.7907185987386973,,7.193183943183628
,-0.1636796072730322,0.2254577245281507,,1.5177856291866274,1.7651848136388633,1.6469980914593623,,7.5206914918439844
,-0.19602605238875265,0.6217775781144943,,1.338163550756439,1.8816250481248047,1.622764973557689,,7.62005201836709
,-0.3578194514080365,0.40343580468904083,,1.530243992722675,1.8686790579301253,1.4974473590499162,,7.7194125448901945
,-0.19875042425714984,0.5764149567802805,,1.4081867400916337,1.6993702796082433,1.574337877320561,,7.948069177075475
,-0.15829571035252143,0.570445074243981,,1.4499066180268172,1.9386302057580787,1.5884779945648808,,8.063096355827449
,-0.1261055703002537,0.9456099922284172,,1.454704034811559,1.923231483432918,1.5751674068607702,,8.162456882350552
,,0.9816116370018848,,1.6922352762515533,1.9219372438022073,,,8.298269927479362
,0.1179103465955302,1.060962799137133,,,1.8304088918254882,1.4319065993255995,,8.397630454002469
,0.16210702012009648,1.5161727942112928,,1.688650687412183,1.7884643889987324,,,8.875419114019596
,0.09594095482702053,,,1.5909381394173412,1.7264512285638713,1.0387284060922517,,8.974779640542703
,0.18230570369145155,2.086944687418401,,,1.802179209344204,1.181340577204528,,9.190564347485141
,0.060260927225821596,2.1217238676987016,,1.6040047697667132,1.5943172217023638,1.0324760045480912,,9.289924874008248
,0.11247867187261426,2.2089347090828095,,1.467017508302177,1.7554556564965347,1.1321345918690813,,9.435889134652182
,0.15308429822516104,,,1.474620178334876,1.7673251036617137,1.069100455667106,,9.593301774312861
,0.35577712455906063,,,1.4748944278990102,1.7545341720404246,,,9.692662300835968
-0.2769990168309122,0.295820836497432,2.464306462086398,1.8084412549055597,1.2538941248296,1.4277922947484016,0.8737223829089107,1.277771685746724,10.388645758019893
,,2.6733821998876177,1.7667976075014915,1.4111993765764417,1.3251906706788361,0.9896066920971712,1.4283509278301185,10.684342590463066
0.29023704850126786,0.7256855421350613,2.751339125686903,1.8931463409548344,0.7939893188389325,1.1946847845088235,1.0755949643731493,1.6744349057702155,11.239577118752191
0.1036330564286817,,2.9539085474859035,2.018167630250773,0.7135120330779459,1.1422455437465187,1.1612934926707976,1.700194232963835,11.68356318637104
0.5636164411022628,0.7377431415195401,2.28402864201596,,,,1.3501449043312048,1.8942903834342677,11.862662926981573
0.8898804158250069,0.9514644151493449,2.390217215394866,1.5976444492030997,0.598212128377978,1.2583783483450113,1.5676132632062443,2.2089124153636703,12.363944160829769
,0.9525597018975199,2.0508612388839773,,0.93879690603478,1.2361459252486662,,2.1246003631088226,12.463304687352874
0.8737831459280236,,1.5733942955395648,1.089924126737308,0.8271704302184917,1.2579635142345194,1.683413742766356,2.2438349071066392,12.56266521387598
1.2069519278890228,1.0045834549906554,1.7683430124519484,1.2070078240477957,1.0601202391605855,1.3527664193202498,1.6663170340866884,2.2911982016388097,12.662025740399084
1.6606599285196637,1.29540531339466,1.6092012147376047,1.1958360209192755,1.0840732881669712,1.4247722841489403,1.5435253894389314,2.4182893437239668,12.76138626692219
1.2898059098411945,1.1540508102770881,1.7775339593592752,1.411674843458962,0.9666382014456193,1.276756846768234,1.6135265704979236,2.388739107548705,12.860746793445296
1.4589008134857206,1.2397575913553258,1.6821538197791397,1.2733686187241806,1.0706556700036445,1.4112426146475245,1.7832955724592656,2.477690079273657,12.960107319968403
,1.1655240429577218,1.411253272553556,0.9397035070149815,1.0613200249592196,1.4848039277471758,1.8090956639506777,2.6835975339947975,13.308186176737827
1.6585065247667363,1.3418637607789525,1.3116391051659215,1.0347064678513802,1.3748857402432384,1.654989082302241,1.6298863133376125,2.6153929252498562,13.407546703260932
1.4030003493592267,1.1990767726921845,1.3748328142024258,1.1349633137166801,1.1574461607160513,1.7168219357627827,1.8497493919608932,2.739865249453386,13.506907229784037
1.616903105903498,1.304688917628234,1.3540663802926935,0.9792358345074523,1.2890452482486356,,1.8662053804893797,,13.661326723701542
0.9493477081416848,1.1804923752198955,1.2868732350671792,0.9862954368022308,1.2926336220948753,1.651432721766634,1.999272784086464,2.596561619544316,13.760687250224649
,1.1560118985054413,,,1.4604858007655208,1.8291678283707764,2.0388484699513953,2.973887978883193,14.081040911524088
,,1.1676673523523917,,1.4338547711386238,1.9902370475926934,1.9613962212868103,2.932050003812545,14.180401438047195
,1.0812813557449756,1.4896993937031051,,1.4180314370678644,1.904660952326685,2.0490296901991134,3.0039782284752183,15.036974819353448
,1.1860325129634046,1.3678131533230895,,1.5772633592843297,2.0086916965220816,1.9221309268965547,,15.327103486099409
,,1.5149987728316612,,1.370560173784208,1.9574632630139617,2.134458544265935,3.088593238422355,15.426464012622516
,1.179860606866616,1.6211809249680231,,1.4904854921519977,2.05510998939749,2.2545008166895038,2.9477500909862995,15.52582453914562
,1.0107141718571737,,,,1.937616850574516,2.225187898396411,3.171583721277755,15.85760906543181
,1.006293289665487,1.599064536114894,,1.4417722757898477,2.071202374566411,2.128314543986989,,16.09813978906371
,1.1365977068745248,,,1.2057695243942477,2.0730168515536405,2.465708201571241,3.4927260272869582,16.353934165665592
,1.021010186736311,1.4654287600730964,,1.6696449393711077,2.11465614215313,2.2667493452813803,3.521485717508714,16.642737304352078
,,,,1.5761778699467175,2.1245390574452334,2.5021954504346855,3.4103490533574257,16.742097830875185
,1.1676575170524932,1.3141779537767444,,1.6118084529628298,2.1810042530325418,2.6811576443784593,3.5791375016580504,16.841458357398285
,1.075517008258646,1.4900585352660314,,,,2.5459883103560537,3.4732135296637296,16.9408188839214
,1.1776480587814988,1.206120354489229,,1.5919614938351287,2.361002159653,2.831217042242119,3.7251454993313793,17.331042755178398
,1.0948341125936305,1.1547147716033583,,1.6009640096935964,,,3.6584497940617764,17.5221775588972
,1.182309728332704,,,1.6440984563399093,2.4968763748222003,3.030065383819994,3.911458989125401,17.621538085420312
,1.035521210134957,1.136426339601528,,1.8971333668685055,2.4760644695983602,3.086956469419874,3.7494082430742375,17.720898611943415
,0.9193939235859492,0.871265525637166,,2.0581754274817357,2.710963486986567,3.1403839321479987,3.8595012409465004,17.82025913846652
1.314780900345951,1.1506883699208044,1.081651539100325,1.018532093469548,1.9036574276287765,2.7024401928610744,3.2142574509416337,3.953799610428207,17.91961966498963
0.9745223360734261,0.852351781934062,1.0616421381919214,1.081746368060144,1.8763629122624599,2.78649727214646,,3.9903001957880386,18.176901283113516
,,0.8911299666516677,,1.984654543396879,,,4.1258751990651215,18.376398613319584
,,1.1247372873954,,2.1415559922239247,3.055574411772258,,3.835185800906574,18.805349506536324
,,1.4663891446580675,,2.2352387671759004,3.2215318445332173,,3.9457975347582814,18.93060518901667
,,1.1875419335298898,,2.484398542591212,,,,19.029965715539777
,,1.6133694577982411,,2.2268764635756733,3.3560269653025143,,3.8918198434445728,19.275303172161927
,,2.0158466300977866,,2.393029840840361,3.397907645932351,,4.102763800083239,19.556071120960286
,,2.2253654083937224,,2.422369278348434,3.6411386415029825,,3.5487257111311363,19.717618769220728
,,2.8977161821043858,,2.521208558105087,3.723956469117749,,3.741657880877506,20.006744095966955
,,,,2.7637215812777502,3.534820627778716,,3.721750590405761,20.140139710973024
,,3.1893686013255733,,,3.614292078871845,,3.609783617762242,20.285183383558874
,,3.7283709687746405,,2.7885972073080896,3.4706721606565467,,3.642563991849209,20.39463586194949
,,3.2955058839035325,,2.901546743506678,3.622614344042227,,3.6258591820000987,20.493996388472596
,,3.93662889950559,,2.987296980805069,3.4916454562708,,3.718133513753488,20.59335691499571
,,3.6141841695120047,,3.150484218803416,,,,20.692717441518813
,,,,3.076732876188265,,,3.639949188524161,20.892192497044046
,,4.858664230935095,,3.0468927563000476,3.5889059752840264,,3.3608403575681507,20.99155302356715
-0.13293871269065824,0.6903869656791373,4.450773666134199,2.802760576519826,3.536642821806896,3.526564825818534,3.739191839764525,,21.13179542232765
0.16361580372807405,1.0191797027283134,5.396915568292472,,3.3914505961101646,,3.6424875570618567,3.5297346216927297,21.60220800014045
,1.0470413054629923,5.600159632174243,3.09000906468288,3.17397829411644,3.2587775290147145,3.5749792779675467,3.702226142378665,21.70156852666356
0.696399411058777,1.205451606232707,5.31657903332074,3.0027346671787885,3.3107457348128744,3.1983594711448924,3.433518157087779,3.5180821796210644,21.80569499290136
0.6671009708832868,1.2908350699689417,5.468397183120783,3.116349919974002,3.47859410764083,3.1868015369468132,3.352667770521886,3.366028927585153,22.08369830792852
0.2568776191310762,0.8748942763800818,5.660861845909109,3.198531660904646,3.332789976699616,3.3405539927189145,3.419735102720053,,22.183058834451625
1.3570683330151938,1.4049860899920699,5.7382782177172516,,,3.2256933703693664,3.53161924705398,,22.28241936097473
,1.5269555955874474,5.893491823793428,,,3.2627880266392664,3.3401412298258784,,22.381779887497842
,1.2019398113705784,,,,3.135341367676098,,,22.481140414020942
0.9791749780592679,1.1711769305817827,5.411294691721637,,,,3.4564979563782767,,23.00719951905384
3.6227770385548004,1.9830427669051018,4.681605678969304,,,2.900462485694591,,,23.332911976684333
,1.8114585644132257,4.945548057322245,,,2.958049474081918,3.487935450654126,,23.53056293398088
2.7828339311020813,1.6973507873116889,4.24344901641289,,,2.8398664989476883,3.574681670366547,,23.934632197533517
2.629329956655324,1.6384629984851888,3.9437710073087695,,,2.8236674749360438,3.536957141080112,,24.25440046130855
2.4611538298953954,1.572098153984537,4.104321145505915,,,3.026706866217423,3.5494034572508224,,24.353760987831652
2.3261745834261096,1.4912521680529751,3.754992118573733,,,2.944402054031183,3.861722932393096,,24.7917874224899
1.9928593941027923,1.3543212248238956,3.3998900744018563,,,3.031656153734294,3.8441005778485877,,24.943488793530914
1.5594621910810762,1.2058470372612196,3.2934316827554286,,,3.229563507198315,4.2500241485813435,,25.266096109182726
1.3189928151144914,,3.141867523561357,,,3.382189936253277,4.300460306010919,,25.708755131393215
1.8391116439033928,1.2722753078986098,3.0236567555574996,,,3.515915738311589,4.21040635249559,,25.808115657916314
1.5892491782367977,1.2134632769201152,3.0879405799554394,2.172419814711861,2.5451131760886807,,4.851927878736923,5.209161589777812,25.907476184439428
1.6185375033060523,1.1617148578287753,3.2319359131794236,1.9786254336313271,2.5060364468666987,,4.632928675450247,4.991064483119968,26.00683671096253
1.524198964196072,1.0689264789163395,3.2364881860104515,2.053192347345079,2.485944831217031,3.4722000108413122,4.574027613850952,5.17926273505935,26.1158026768328
1.8102741393560802,1.3026055410019781,,2.538063294584574,2.415780350139114,3.384449264946474,4.6283124936045565,5.291572594560823,26.44948325920911
1.8607876578627964,1.427969248229827,3.765769627918567,2.344342963437172,2.7797163209441296,3.498244544611531,4.692189704217559,5.215874276804308,26.834825936240737
2.105500135537462,1.4644788537582416,,2.160801730316147,2.977781473374374,3.707928171093002,4.675813099716178,5.098129444219295,26.93418646276384
1.9428136869291517,1.325499456768228,,2.0231259290096983,2.5802854100862214,3.6220260484180757,4.732963513042761,5.258674844798523,27.073744047177005
1.7540696079619025,1.275144752711611,,2.2921668215879194,2.7275600805345226,3.8850049328361465,4.790709971419482,5.350776135396687,27.17929707427645
1.810689904071193,1.2686925429219431,,2.327927077780113,2.8241142141311073,3.8084072239231723,4.86292349059269,5.479025257673227,27.278657600799562
1.4879649700055426,1.1937566421118246,,2.2412653113630903,2.7520440680169846,3.702233444392688,5.071095843575121,5.6304428745978425,27.37801812732267
2.4235884701897357,1.572242820561437,,2.3753071293780357,2.803005170342141,3.849595576988092,5.088267536789758,5.408023969448352,27.477378653845772
1.6691231366430281,1.347178657202108,,2.1317101008358854,2.6650675408219806,3.836912605192739,5.2005735591056315,5.389247146752429,28.039701492725584
1.5829790506064165,1.1974377625952388,,,2.857510029959804,3.908569391251259,4.930330146718723,6.082628586791443,28.139062019248694
2.176396143499214,,,2.250669521599369,2.842708744736045,3.7025597437389903,5.267344004838409,5.7683111910910005,28.28218053584675
2.001484632601555,1.346596255770323,,2.098604220691799,2.84146251487457,4.087112334330719,5.243618879987787,5.985099665818967,28.519908619046095
2.0740072271599077,1.3314468883587447,,1.9947847107183576,2.9434111802611027,,5.317282935745135,5.8845954193603545,28.619269145569202
1.4344628177700678,0.9591096816174105,,2.0871306809498735,2.850464873049745,,5.544908862426954,,29.318411877901582
1.3298711062667676,1.0294549413334866,,2.0249664743275475,3.029934251234619,4.433049826843216,5.62356182732598,5.9529334951981205,29.95696440900963
1.198761911152513,,,2.1662634033367296,2.8697069538427717,4.320245332667917,5.889258312871777,6.07531370566621,30.05632493553273
0.8420279188894325,0.6550611607294852,,2.1761475003619988,3.0492596105147536,4.410129559125772,5.901099471786002,,30.189446939047322
,0.9535238849034486,,2.0504484488476504,2.9852592352897562,4.561781706869758,5.932186155918093,6.196521606804889,30.288807465570432
1.12850496901075,0.8398664445202307,,2.198583022041595,3.190563615670195,4.790640797934907,5.954218727573828,6.169207163342004,30.38816799209354
0.9341561272845923,0.6786643559009795,3.828906865424302,2.463460885864425,3.245137360968297,4.734646885017152,5.875321222904654,,30.48752851861664
1.180180420578357,1.031238210639371,,2.198048793400028,3.457698789484655,4.951527205477654,6.109810082026437,6.259091972516236,30.670507356266423
0.8396189360716848,,3.725149632527644,2.3057986143229554,3.3732666212671583,4.99790755176976,5.898690969882567,6.327954808401951,30.80643179526779
0.9838754140860319,,3.4500477500581197,2.3558319512741797,3.3139027208656073,4.9858718643364925,5.869130314799086,6.22002784398702,30.905792321790898
0.7555621654275854,0.6979835190557362,4.671491397505877,2.8618948848599612,,5.1216702284361455,5.8831933816424415,6.192148920091792,31.005152848314005
0.778542805713706,0.8789662185056526,4.703315472788174,2.8794732469241384,4.0484511739340645,4.9110923280531225,5.746070155166924,6.182927465201817,31.471699942510657
0.8190096323716511,1.0532563183431187,5.096114590128067,3.0289807548360477,,5.2242037930889555,5.873007530528835,6.201591157187027,31.571060469033768
0.7787690453148741,1.051186478594109,5.213349150615564,3.1112171229795575,4.113396511885087,5.145972910871718,5.915596652715528,6.384821580390149,31.67042099555687
0.9712376974395122,1.1126501882632829,,3.2657916589537255,4.320289210622973,,5.712323287668665,5.997725726104032,31.80156269594159
0.8763524632500878,1.223530852975695,6.579281086543969,3.5745849302708033,4.716228128055517,5.35581400113819,5.390422352857758,5.915336332504995,32.63024113810822
0.05779379359227453,0.6023167648188321,6.541620083160639,3.4921418550139287,4.9523533002384195,5.329443913829788,5.610173422341365,5.631581842508771,32.729601664631325
0.2673031204256153,0.7344683933040292,7.084672177415421,3.749255638609975,4.723931512231597,5.497802288767117,5.318731399441653,5.741371190145872,32.94560111142396
0.34955731076292346,0.9897086590739803,7.118374098814502,3.730269254947083,5.001460983060003,5.087495644109354,5.108545056902264,5.749125378004131,33.22324408444271
0.43744841446523425,0.9429730243204524,7.643943670487698,3.759020351870814,5.045060303505342,5.2655925719126015,5.315848955562987,5.921815551252683,33.322604610965826
0.9763620815678202,,8.352727465213036,4.0083614467126,5.049072197494455,5.055705180156032,5.036176092581219,5.656686061209099,33.5748944409098
,,,,,4.959517026903132,,,33.6742549674329
,,,,,4.867784592595683,,,33.86811738886647
,,,,,4.758310420770812,,,34.06262554768103
,,,,,5.26438734790307,,,34.21131589207687
,,,,,,,,34.31067641859996
,,,,,4.671444468583868,,,34.66090574250292
,,,,,4.575832429756045,,,34.760266269026026
,,,,,4.655974712349175,,,34.85962679554913
,,,,,4.662971051706898,,,34.95898732207224
,,,,,4.683504687368714,,,35.13288673282914
,,,,,4.6224456116020844,,,35.353178143388305
,,,,,4.759821213195942,,,35.45253866991141
,,,,,4.416224903016766,,,35.592362836620154
,,,,,4.7104477167622285,,,35.69172336314326
,,,,,4.613868413982556,,,35.89408163538635
,,,,,,,,35.99344216190945
,,,,,4.724776915025408,,,36.22309161960191
,,,,,4.6102201774108,,,36.32245214612501
4.492532314256811,2.0256356148418138,6.802957307725664,3.441099352314222,4.29580518866075,4.645299877630184,,7.19803187018136,36.86284580728274
,1.8698859699277068,6.722805949871149,3.3484735389335927,4.4057301461222504,5.140554428014819,6.113726838106518,7.406962186646183,36.96220633380584
,1.9453222858529782,6.906102069133224,3.4780285731300298,4.296973164799259,4.778615562583334,6.399055738078086,7.3177599342040756,37.06156686032896
4.924116247219773,,7.518854829580914,3.7417629979780873,4.284358146551425,5.213552432370763,6.189357962094405,7.50609368619437,37.16092738685207
3.1792292352336613,1.6860946067533735,7.043230389257247,3.5571687172400233,,5.160395829957608,6.232261753446266,7.419235997812656,37.666776462301115
3.576215743173415,1.8115195637490964,6.140333722485835,3.182844630412422,,5.22403453557534,,7.462907230650682,38.07514893950539
3.9150584478024144,1.9447366204053815,,3.360483325250283,4.172441526931383,5.317167877231794,6.324461258205849,7.443659995170703,38.174509466028496
3.0455393457719127,,7.2412706754669705,3.637002963009753,,5.301980787360608,,7.509436871807288,38.38404976873224
2.808554392912416,1.6446190324636136,7.63198329834897,3.73743182607646,4.7923361857351106,5.390899974817228,6.384481889155308,7.709304041623577,38.71407700137464
3.725373510459165,1.8717051543695802,7.5565604152185335,3.764458249906711,4.798470024749537,5.403685764704996,6.407311980405267,7.628350243664505,38.871047133381964
3.929905838900299,1.9007148064854253,,,,,,,39.01728421298781
3.780431856943559,1.8875479061146878,,,,5.356043828481829,,,39.1166447395109
3.828648553041151,,,,,5.413565903076958,,,39.21600526603402
3.554125115543921,,,,,5.543396327067056,,,39.65884085561386
4.540842858756187,2.0158198035183843,,,,,,,40.1059782640076
,1.9197375490804816,7.428631791438951,3.723204137591607,4.685461348651112,5.458288709794396,6.486719344811572,8.544480382219357,40.29950514717354
4.457078631129549,1.9774561095514878,7.6855628957104845,3.801183167603166,4.757778060280157,5.63004105111502,6.7702675487665065,8.097978455503553,40.39886567369666
4.5918090895464445,1.9869676601660533,7.479318584671142,3.7597648770767833,4.828707362133049,5.588655192171863,6.707721177856111,8.07461226910349,40.498226200219754
3.716806603207307,1.7947852559245085,7.11867594547269,3.638439487160422,4.7220315639709876,5.738599982835068,,7.978235227258239,40.748868347858554
3.7229742949688114,1.7779136143775196,7.606265348143678,3.7927524530258507,4.748764827190486,5.721307129493396,6.926927275231251,8.414580723679036,41.188764771895215
4.231863867852689,1.9378246120833573,7.1258894662976395,,4.826834228485009,5.822244556076861,7.045076408326307,8.37203279136845,41.608898295652644
,1.5971193182900965,7.135053624326423,3.7157595172438094,4.801337446514171,6.13658874760634,7.1673219068198115,,41.89929922923245
2.6112269315345773,1.6014046885112996,7.66393633452311,3.905241489467009,5.165007969232225,6.327183257126405,7.043713714498887,8.577345280951587,42.0960676734475
1.9874989429315857,1.2655010426548008,7.574363320298957,3.9166182904569933,4.919773467098415,6.3390158687425515,7.27823733910452,8.622366393003086,42.19542819997063
2.725688644736343,,7.130107549919103,3.699413027188692,5.13409505862006,,7.4804377850818815,8.598539139973177,42.29478872649373
1.9635167269641827,,6.702625689983419,3.5601357218215472,5.349523601957656,6.624696253135981,7.395369111568148,8.572277105696694,42.73445055053865
,,6.458164795158041,3.5135937632521492,5.538423796879033,6.687907041850302,7.572955377135892,8.473792512019566,42.91284066231172
1.9542343846130636,1.4031966317580584,6.611071138270639,3.5602713031541806,5.522357649024414,6.827716531093434,7.563185193544175,,43.01220118883484
1.9745184602012018,1.4190530989481156,7.10771124792201,3.6891338870067703,5.403280877855463,6.758650249782484,7.530816992782279,8.544737098345824,43.11156171535793
1.5822593634939008,1.302359203843559,,3.6794463919344387,5.777336182989916,6.6853261553778545,7.794244004627014,8.492282525119176,43.32065474195389
1.1796302959373486,1.1456776445464352,7.247332883478277,3.72664635192712,5.875422298005654,6.953618849804039,7.712040257586042,8.512060692514806,43.420015268476995
0.8056617805758213,0.7715119901081544,6.800684111698191,3.5206150653596056,5.858088273568108,,,8.646506884277565,43.51937579500009
1.8078292437092065,1.3695458210181017,7.527164817249348,3.8487620117566372,5.793233145585913,7.0509743091188435,7.736334425789215,8.592781632970686,43.67259194451828
1.2432255245347903,1.1590347640503043,7.897374908402583,3.909077079292121,6.033908383455169,7.081944367608886,7.764153734122301,8.55400487567125,43.8994509641086
1.5185316518744003,1.3514453728393663,8.87313370555655,4.236952320619476,6.188659471781913,7.098070144967855,7.783602818058412,8.045558971014207,44.1027006855975
1.873919751064845,1.5128439670214031,9.365198309481073,4.43145228082646,6.283363967341854,7.100542064772248,7.757458958636079,8.282066327605833,44.20206121212061
2.2127821974950677,,9.411983597929133,4.2996590519531255,6.25525645300133,,7.742285688596595,8.325097139911827,44.442254590887785
1.8787348104718178,,9.541960558963135,4.405140385712476,,7.040019706058629,7.957117790650656,8.358007545765158,44.541615117410885
2.633098731403479,1.771496912234598,,4.578077675920965,6.3236379121891,7.217615069806036,7.821029731478417,8.24507318060545,44.64097564393399
1.436534126621837,1.4518744282163174,,4.551113891979669,6.223776772274555,7.281615454483802,7.693183023207403,8.282373788135944,44.906328254791916
,1.669892611931103,10.758065003729898,,6.362792562524375,7.0273796168641,7.813769895481036,,45.10884647189355
2.1120311893902155,1.600132123879426,11.79037615523617,4.934127359711227,6.433841413119026,6.962658130950494,,8.220049811470401,45.474119766503826
2.562976412917847,1.7131360264454454,12.367966741943453,5.057929337789439,6.14279688464597,6.880593466241925,7.341981838040509,8.219002183308358,45.68039179083757
5.606856613284583,,11.494382582285265,,6.242131032851552,,7.227790682814528,8.170849743763503,45.84201792526409
,2.152119351310095,12.179104395265021,4.929983133067356,6.140227790727173,6.470698384917972,,8.244947840192783,45.94137845178719
5.403595878514805,2.2831614001635265,11.991083875557242,4.853949385403869,6.212802427393717,6.688792642560739,,8.162875572515752,46.04073897831031
5.574527323973706,2.346885089173206,12.457117320284382,4.994252602255608,6.132669979526276,6.640842508304243,7.1076240694559,8.200375741205143,46.14009950483341
5.235699633959268,2.281448398127265,12.3544836308224,4.898417055076965,6.556784631621909,6.63665720859719,7.167335904077459,8.245078526382583,46.239460031356515
9.204590667442499,2.7532924709256537,12.918889751624759,5.06806697505776,5.836231943888798,6.429982754728948,7.041522928754592,8.466207894942919,46.93978750636947
11.430551991967235,2.960859280400404,12.939096927423407,5.0882194832219465,5.809290245098459,6.153410160931117,6.923237223503227,8.558629972786667,47.03914803289258
14.960908383680522,3.235151508633834,12.101748536565648,4.827253282518474,5.619062712787733,6.631769825162081,6.95041811583162,8.745995268332965,47.46734758159789
9.245514905945962,2.709807838658636,12.256144127420079,,5.8275527268109855,6.298566960096545,7.085839338153482,8.934530273116607,47.65832489430469
12.58235019300323,3.031972953044056,12.796574273158717,,5.417415813089461,,7.0263437678656,,47.96161101489463
12.896525485596051,3.0617138402060813,11.398743891347696,4.570821134095174,5.732289977414063,6.401519493981971,7.16763495073471,9.04502600936995,48.09506387075413
7.5313192891210194,2.4851598324507145,11.199134768360093,4.581930021143906,5.493559031892415,6.582746919992791,7.464045821812824,9.375512837429053,48.25960226740366
9.587070405466466,,11.153053201403491,4.6040794806412135,5.53259329275729,6.411488827932144,7.7353915438822884,9.234884522609457,48.389420324932985
8.475313310623177,2.593563044315933,11.249658194611088,4.577058156422978,5.7177189189374324,6.470225162844492,,9.22827014144526,48.4887808514561
9.04759028715146,,12.191373203412693,,5.682536443733277,6.50138149089867,7.751803586169266,9.52040898593639,48.734839192804024
11.925111229249428,2.9638552845655335,11.844381656326087,4.884482800488263,5.7088225138334705,6.554189101919676,7.7788912459337185,,48.834199719327124
,2.982487745353942,10.820663030542368,4.5549122773409785,5.5284815140656836,,7.749788842292812,9.64517184669809,48.93356024585023
,,,4.394812290067734,5.855605346323736,,8.088704245821686,9.76290379931078,49.13314494057192
,2.5299447006097027,10.171603294508454,4.311973739963454,5.742843927436745,,8.060651740464563,9.708040514855265,49.232505467095
,2.5148491502189403,12.405312625144068,,,,8.066689698046602,9.734942980118806,49.776410526353764
,2.6387841488333734,11.690840881150105,4.866030458016236,5.7673936478157355,,8.473631334656131,9.735989246014455,50.365592810766586
,2.532171556599392,,4.679230203633184,5.921646848675498,,8.433202849137032,9.79602127343993,50.83342034370197
,2.1423710418352266,12.203548568081034,4.995988904776877,6.216674230322075,,,9.97730328828788,50.932780870225066
,2.481845497241378,12.407656979905266,5.0448839749335574,,,8.609669800551835,10.00128713981529,51.03214139674817
10.309799003410138,,11.841567713690823,4.894676748654822,5.8460663509561375,7.079647301548474,8.650580868724893,9.932303610156964,51.531633916965774
7.267155413957624,2.4392439122015515,11.964856771743637,4.8576330728350054,5.877890635434869,7.331143438317965,8.599824702932963,10.013804230056733,51.63688351864541
,,,,,,9.081885032388051,,52.27838774904849
,,,,,,8.958020999057183,,52.897505818682134
,,,,,,9.16959220327296,,53.25243646680006
,,,,,,9.367799397765767,,53.35179699332318
,,,,,,9.19226164691854,,53.45115751984626
,,,,,,9.667817175827091,,53.80375751476143
,,,,,,9.700057688315207,,53.90311804128453
,,,,,,9.625750442073281,,54.00247856780764
,,,,,,9.729605374173484,,54.1531296760071
,,,,,,10.002675429288715,,54.66287892099728
,,,,,,9.984759117407554,,54.881920496816846
,,,,,,9.955479383461025,,55.037064877206305
,,,,,,9.99895656885866,,55.13642540372942
,,,,,,10.078705243942265,,55.31231399908194
,,,,,,9.718836110945938,,56.16205189075546
,,,,,,9.599173099527247,,56.26141241727855
,,,,,,9.76931980732836,,56.39425503907244
,,,,,,,,56.77632871905033
,1.9093689964536025,,5.608087567996892,,8.41596422916359,9.46572594661558,10.014950857315743,57.02096755085519
3.0960539878723115,,15.45430844447,,7.080013311051805,,9.50063573393796,10.017179819632934,57.23702133097192
3.9615814234390507,2.0725455801735366,16.52973940620195,5.948845837402752,6.964417948943704,8.193549923124216,9.427994639479866,10.115248993422659,57.45618785959415
7.249555472133811,2.523811026448394,17.843488665595082,6.236435510000778,7.214598148543026,8.368463680472384,9.40968056518928,9.945713910083146,57.55554838611728
8.921954024016614,2.7339651356911103,18.266289854212356,,,,9.432799149037814,9.827989648159205,57.65490891264037
5.743956185987678,2.34139350018541,17.614152282734683,6.1641651023132855,7.09131969366741,8.176646907367886,9.20923310108888,,57.95543859714953
10.92060939013242,2.9197231199560543,17.902964166579558,,7.1092292613152965,8.11055300366549,9.29813865614604,10.190210952972238,58.25582043189655
12.267414168102256,3.0462049820331583,16.227449011497765,,6.998880273643995,7.908204404000682,9.28849946246908,10.216785470259687,58.61962413191321
19.618603818693042,3.5657244441480973,,6.053911357149718,,7.840831671984755,9.501670187040212,10.363873168196774,59.05837241510765
14.056956236905544,3.161755077837632,17.514954405796672,6.015443089969631,6.688622368960227,7.916632940949429,9.505835185068985,10.439582451408736,59.18607197258804
17.671556881371014,3.4436298282089557,18.94626934616375,6.406928141928784,6.498441835470141,7.767358879442147,9.247537904809617,10.669857460040252,59.310377873186745
12.440551856907284,2.9983772760144833,18.00115974233535,6.0927138190486145,6.519982415126325,8.128924769271235,9.364469317657255,10.554168675634426,59.596620206981534
15.088922192368269,3.242080645160101,17.072003362640096,,6.3822506431491615,7.809760953567132,9.434722447788426,10.856347486939026,59.78379926954694
20.653811467169078,3.6231888686541662,,5.508958258278529,,7.863717913231948,9.681567399176743,10.899827027105378,59.999608426496316
,3.1205024444638423,14.109845237551532,5.194678166881813,6.6539815112008736,,9.537607532687325,11.108823556865778,60.28254743572866
14.018098262591867,3.130433864912516,15.014849508887071,5.438540628891052,6.5608939940038,8.0134097830795,9.841182886060388,11.07378975860848,60.67462807503664
12.010454362959162,2.937564191406954,14.281731650824074,5.324788339378291,,7.897092967267144,9.948263677758563,11.421108574893395,60.773988601559736
11.002246164427318,2.851490206430136,16.80443010260059,5.869303985907427,6.369806963175899,8.177088712257607,9.929423382052093,11.379707072155782,60.87334912808285
16.323962908232474,3.3128021664464313,,5.276255879736384,,8.106100938209448,10.109675135735559,11.407796974619657,60.97270965460595
14.91571760646976,,14.450587697870596,5.352144185260687,6.654178199392482,8.189729071135863,9.931243885446314,,61.126156782083626
13.603310080341947,3.1023621629897327,14.708057477082273,5.404820701508094,6.725437903240018,,,11.622209574432672,61.225517308606726
,3.12081377384103,14.634626684504351,5.421552668434785,6.5237853402540775,8.29591519428279,10.148428159901473,11.555380102621319,61.33717927936746
12.682864617469384,3.0263689610422415,,5.400850894698691,6.636021849844976,8.285350073693149,10.27384316032463,11.77616059638135,61.47682932011148
13.401511191124584,3.061228875544291,,,6.623776614861019,8.301843944171756,10.052741802763467,11.710475622637167,61.576189846634584
13.580216690902812,3.0897671228057284,17.018158787302525,5.935798515313919,6.893965164625843,8.31640182582651,10.639541523257904,11.645996533154303,61.73621502381038
15.706465562081773,3.254910447125092,15.36793068461833,5.595651154920958,6.4343081483574975,8.391842380242256,10.539031197397028,11.77373844378119,61.83557555033347
17.593746923432338,3.4110932020118594,15.591240040268785,5.632679638474838,,8.33720248145017,10.536817384260234,11.909375394299339,61.93493607685658
12.542445131462962,3.003100311257916,,5.901729279047899,6.754846503114653,,10.463478526023293,,62.24609951961616
18.017845880123406,3.4414672936805077,15.209048181069859,5.569716290366746,6.886460814107332,8.540291440773117,10.397611015117159,12.00215010291603,62.345460046139266
16.65535331492643,3.346559242435972,15.16422498583322,5.579434784100431,6.756185715947237,8.422102415389862,10.38939614272416,11.88482373403377,62.44482057266238
10.340798150752915,2.786741628777999,15.09181348450745,5.487656327440352,6.8920217104376,8.424870266571544,10.370703459817996,,62.577834810048465
10.0659332762111,2.750517293500087,15.543048572477444,5.60768250527628,6.83772606706381,8.740074933307634,10.809872980459343,12.136059897664866,62.84282308024525
12.009040699209436,2.9692157636330996,17.356815530881633,,7.08508021091242,8.716201787963978,10.457798231671134,11.762986803903551,62.94218360676836
16.474014708102175,3.3270430436421288,15.044753324487171,5.578610727503945,7.054910564399355,8.723360787786453,10.512400949313303,12.179521561731535,63.11800480721872
19.469874029919712,3.538572156177425,16.45604966014172,5.854773001179816,6.895554641044484,8.650923897738732,10.82992598914692,12.136545608839794,63.21736533374183
10.4417255718339,2.766638436941296,15.964954694854836,,6.9457402829115695,8.71845320519824,10.651965416131304,12.257274167922132,63.31672586026493
,,15.186779845472092,,6.792568121054694,9.019995903679838,10.591804199027832,,63.45400183401613
11.822692668312689,2.9204098460206693,,5.583088304220961,6.915275896530354,8.637809504219307,10.328545721568995,12.297464309070978,63.59507284672585
11.867941260497407,2.936330680323962,17.16520036571447,5.963823953662567,7.009676274758482,8.893951332590731,10.699937967957531,12.51460103791415,63.779262654374136
14.506710154753128,3.175153448748329,17.40440655113209,6.0346859444458625,7.074410817435972,8.862871841424148,10.870162387334762,12.132684780183261,64.01434598850035
19.54696294037666,3.5278252162333583,18.373031960980907,6.2979241672440995,6.894083950869086,8.936368253439015,10.78370872543823,12.513189584443287,64.6892871077845
13.594578541904268,3.082570670426524,,5.678972749114021,7.110134975828162,9.02177754542328,10.803193258348026,12.541631446792767,64.81908820716623
13.502391424617509,3.0589833718897825,15.106202271372059,5.564880574070832,7.137761932108537,9.075486220851593,10.950163012086154,12.76896368941309,64.9184487336893
11.69200571367504,2.904938204658538,16.877601762669062,,7.3904065013799105,9.067402498287525,10.839337703459819,12.734881581561861,65.20289257596562
,,,5.936336771176031,,,,12.996931181737345,65.30225310248872
17.938356710845888,,,5.877337837962184,,,,,65.40585898530395
17.357161530948115,,,5.9804897462221165,,9.209576585304319,,12.794978542689964,65.50521951182706
15.730449864109488,,,5.486036624162315,,9.325288659501895,,12.814451899519694,65.60458003835015
9.10260951673212,,,5.387362527963817,,,,,66.19799512265452
8.393012993862781,2.577331646546571,16.9973327571047,6.086401794758726,,9.750571447882727,11.194585506221964,12.864904409204685,66.52030776349515
12.678234120070666,3.0396985312873532,15.52248516960581,5.760278935107321,7.512497434311329,9.792716060277032,11.334498380242573,12.898271342462658,66.73166434625011
8.339161055159424,2.581002652812753,15.58833560486149,5.730601133246026,7.5617794214791685,10.226876380864447,11.359517448770236,13.057526621501989,66.83102487277321
7.744773893834342,2.4886813910565935,16.16772845779896,5.8614170413978455,7.756371585025125,,11.369153816464973,13.49658458419653,66.93038539929633
6.010160137234143,2.266704780468946,16.86231894397391,6.1392673799583495,8.081670328536044,10.106829646820993,11.563020668911745,13.104430572350676,67.02974592581943
10.20154928132333,2.797270484428325,16.81439990264514,6.015275895413684,7.898181399337391,10.257488060833975,11.621450673639965,12.891886574048305,67.12910645234251
11.813418135693702,2.962905770596259,18.777782232816822,6.438012934249433,7.893770271200173,,11.567893359446332,13.020465148950672,67.27178253064388
6.535517869488398,2.3593551324962405,18.292632820774873,6.378011761517948,8.11435727940005,10.346619518921916,11.502228675301934,12.932921449210095,67.49655598763043
5.983161345087479,2.2829409899555424,,6.70377650492498,8.080449396495556,10.563503603458027,11.303845835919871,12.89053472642427,67.68977880953501
7.090212147041844,2.445149797403745,16.848490925126193,5.996814807171856,8.276689597317846,10.402988957836579,11.735735319528693,12.776913246660346,67.78913933605813
12.239136698668668,3.0368943904681696,19.476154741180856,6.555233868280409,8.498609699774102,10.544981168131391,11.23102864738036,,68.34488606957214
,,,,,,,,68.58220311180435
,,,,,,,,68.72516850929718
,,,,,,,,68.89269441798409
,,,,,,,,68.9920549445072
,,,,,,,,69.0914154710303
,,,,,,,,69.19077599755339
,,,,,,,,69.44394873451603
,,,,,,,,69.54330926103913
,,,,,,,,69.64266978756226
,,,,,,,,69.74203031408534
,,,,,,,,69.84139084060844
,,,,,,,,70.18953719296698
,,,,,,,,70.40719941325408
,,,,,,,,70.52208060228625
,,,,,,,,70.62144112880932
,,,,,,,,70.74295680124573
,,,,,,,,70.85840805660311
,,,,,,,,70.95776858312618
20.407936654765905,3.6367116785940734,25.905795139820377,7.567591932344553,,9.946316236930002,10.970904114426885,13.27301159153877,71.06068771891373
,3.8209623252310023,24.97380806384785,,,,,,71.16004824543684
,4.169933056823617,23.801937407500915,,,,,,71.3341129563215
,4.01470989897071,24.04379759023468,,,,,,71.51757941677455
,,23.536169666892665,,,,,,71.61693994329764
,4.100537217823441,23.308242178593016,,,,,,71.71630046982077
,3.7483397259050415,,,,,,,71.89628543402213
21.88353364195668,3.669851646035445,25.78362580857268,7.487262400041199,8.691733732810357,9.927876324563057,,13.796046227734875,72.02434925904637
32.07741000371049,4.217134005586034,23.5608933242443,7.090621333750121,8.8054659506093,9.805549694319504,11.620117441772713,13.888578041263555,72.38051753276106
18.616344922863288,3.456840437249541,21.89523627005847,6.798358742835728,8.541385667025992,9.982736305777502,11.629215194229952,14.247648137164008,72.57648259221105
28.087955661130056,4.013318450344289,22.30541197092487,6.863095874121569,8.502694528678024,10.005111845233566,11.649007079641743,14.259572982200751,72.67584311873414
28.484251161574043,4.039683844029338,22.24858901359425,6.8362430274853745,8.36455148296541,10.280014934847783,11.730730220647558,14.200549324543564,72.77520364525724
23.579512328948084,3.769110040785164,22.1578971986831,6.7922883662288385,8.444816877704968,10.286591294969464,11.953183767335211,14.291156573706738,72.96375668281986
29.40100544080362,4.084035525998043,23.997343172479464,7.252461088403935,,10.312476794106187,11.923082895735474,14.424028682982419,73.06311720934295
32.65721712032386,4.235733164675161,23.498318705654537,7.146168351153158,,10.436023663497567,,14.440890145498118,73.2251952005444
20.89428039220176,3.61558128701464,22.761936986648898,6.983997057898648,,10.473843686269479,12.115552845542227,14.529242638399378,73.74371565650803
21.65286846883684,,22.049620352703325,6.8147264844008495,8.745998405376122,10.630788184567733,12.154793667041991,14.53144734878511,73.89937547113344
32.89930801628744,4.254204078184963,23.302333587207286,7.0945572299329465,,10.400399703305766,12.219786764639096,14.601084625674071,73.99873599765654
18.798863456456,3.4762521936229493,,7.067115883764437,8.844829377967224,10.683470642321842,12.374153025777831,14.647268900215145,74.18681961237026
20.199031120585765,3.56780200596009,,7.067135456337886,8.929012064946072,10.647051639364484,,14.71784058366206,74.29863391700755
19.99780302223032,3.5599593868571158,22.63302440562011,7.002021859045602,8.875224188677649,10.755887997939618,12.643251285958215,14.666035233286223,74.44293450672225
20.852265941416388,3.612091732185928,23.6025210330548,7.142589607296488,8.725202075517126,10.87207573045012,12.577239493125417,14.796915290960177,74.96292931790207
25.46189881164507,3.893463191787248,25.001483320148868,7.431091086337101,8.94208554471128,10.80184434674558,12.911260467540297,14.821456106569295,75.06228984442517
35.37452535466425,4.359098192036395,24.713502745057845,7.390621935346537,9.069958888197508,10.752796155266894,12.649399218933171,14.816082686101119,75.65144807607938
28.17437867127675,4.027068807720656,21.59339932774436,6.751007529372989,8.865914323282347,10.765759261164773,12.433922423019713,15.120462959192709,76.07171844213833
28.501129676646677,4.028310900998435,24.393617686192037,7.314236406302521,,10.851545715255112,12.803221040615181,14.936151776369352,76.17107896866142
30.900125147442868,4.15618659912896,23.44104115720868,,8.676971559952317,,12.541051625241591,15.028912084516106,76.27043949518453
26.86966743070119,3.952408186644993,24.317736741822603,7.333656050895536,9.144622414104472,10.993739568317825,12.887166936140597,15.029003770521175,76.36980002170765
,3.75777835850346,23.97010382080135,7.250226231604837,9.123814053168791,11.0435177706034,13.094815994426119,15.152151597086641,76.46916054823073
28.175626692237728,4.007937447612715,23.779206643457066,7.190610499373623,9.228909389417511,11.073551229601547,13.12286302456039,15.167073120527172,76.56852107475385
23.16569028322849,3.7471847293944327,,7.407077605669846,9.154010585151395,11.083480701315592,13.159860845764674,15.10227240024099,76.77470345550387
33.17337878567618,4.2618260777692685,24.01042228539214,7.231487664887998,,11.11454998115504,13.292998883906535,15.274020967764777,76.87406398202697
30.116421197558576,4.120132292667271,,,9.143561672439592,11.299553553488563,,,76.97342450855007
28.68147550729258,4.034217647429651,,7.144104914833712,9.100798424843052,11.20883650019858,,,77.30986763408585
19.264072179276827,3.490984183171334,,7.596675558643657,9.204689437845373,,,,77.40922816060896
22.97616913135614,3.7340918053991454,,6.9188527175465815,9.439237604788442,11.259284611537485,,,77.71232350275662
20.2961650438738,3.5578604339432953,,7.0273861869688306,9.117830891921454,11.552558685017576,,,77.81168402927972
22.654858500555925,,,6.79455768002323,9.173169771572384,,,,77.9110445558028
17.517062628607185,3.392574099735271,,7.105188533707912,9.240430197662498,11.73342212696434,,,78.12610813073996
12.266950974214316,2.9355001348390815,,,9.506645675317062,11.650382638397664,,,78.30451308757243
18.44797149163157,,,,9.640994592892449,11.900666370729368,,,78.68233640029194
12.558175367364457,2.9946904601661446,,7.090226945813939,9.737330393989733,12.155434902500813,,,78.91911835857302
12.462003155883226,2.999547823251612,,7.625164118815545,9.737125479431258,12.103942246836104,,,79.208319100767
15.73195044028223,3.2793602479212707,,7.307254201342362,10.27849378009606,12.22048049370682,,,79.30767962729007
19.608481442520254,3.5614228254065883,,7.348798727340632,10.303753859634792,12.282050457187184,,,79.40704015381318
15.512533258008924,3.270964086185853,,,10.306213690891118,,,,79.65445561647357
13.1977013014822,,,8.14458208244712,10.554625391071706,12.262719457250041,,,79.9463556412513
19.22424056433474,3.5598512548958126,29.897004334205683,8.319842727061522,10.706255727838373,12.091615388288394,14.137041330431032,15.05223687800808,80.76828190247686
16.600065240539216,3.3783838201614267,29.991812800369534,8.276921392482098,10.982700333668264,12.382409867350042,,,80.86764242899999
17.04728705006109,3.395373757239273,29.642668232837064,,10.752669974523956,12.36174105073484,14.083963104574226,15.220505816591674,80.9670029555231
21.039645364711674,3.6704888292249107,31.35275358984809,8.507344025080407,10.762119857028233,12.086112602853776,13.98113208997602,15.252649086730896,81.22450446449893
17.055376266058058,3.406061577919921,31.886330962464385,8.568749265217011,10.911775639214767,12.14247829993979,14.021947653306162,15.12708857050393,81.32386499102203
21.453369800502184,3.6830850398606434,32.39768163701845,8.597743333145381,10.516051718490443,12.066064714527501,13.825430620929001,15.206479601913072,81.78253521946367
,3.9134142111880954,32.375636869448705,8.599270208962398,10.73873796094022,11.724252953892837,13.813755334160637,15.131659023941094,82.11294046662412
33.19562079109663,4.292020835006628,33.68402635033047,8.809119261988043,10.327510337045371,11.791800727231815,13.631543381290811,15.222563469499269,82.2123009931472
35.52434298138313,4.394253515868839,32.21579789783989,8.504048502177563,10.382213994912957,11.883747742754304,,15.1652624061654,82.44595140252518
33.18974936396585,4.282457005095463,31.5403298520262,8.377606946181437,10.57143694269418,11.732394130564513,13.703432155410564,,82.68118675077275
24.831491504862463,3.849991518913584,32.61421694555837,8.571458623971065,10.513081543808191,11.792386295150937,,15.383346777318652,82.78054727729587
45.37084951165041,4.760790886023756,33.63128521785732,8.726412662486453,10.148856098713383,11.7469262843799,13.925832130491314,15.564417467376286,83.17050264157645
40.29452240413085,,33.30395250455147,8.735774978010232,10.348391521211582,11.676348512199018,13.777807777614349,,83.28675816264554
51.2781841778006,,31.94689826477543,8.496072828704312,10.06611333313638,11.593692906072826,14.13156547141266,15.721143594816558,83.57696964565342
42.01622395928104,,31.327728715061436,,10.152060287896674,11.578404217278942,13.921338831565086,,83.67633017217652
33.570362311821754,4.273345254570094,31.835004811548487,8.50113105726048,10.116812316053839,11.698002338142556,,16.19818670800767,84.04924926634234
38.63106322429149,4.491848687979008,31.338005995407126,8.3956668530445,9.864439990514539,11.610402777447087,14.067937368606675,16.089455418794124,84.14860979286546
38.99605184594611,4.511959366330522,29.39100191507216,,10.094825489749205,11.721265515015249,14.133238533750198,16.260000008924763,84.24797031938856
46.13253503774165,,27.985162827622492,7.819997669351018,10.090232822296139,11.85478053831512,14.349363955162865,16.347562907742617,84.63529647752445
38.37254929591707,4.471983299704106,29.629959277839784,8.146638750976672,10.130822377552883,11.739279208214093,14.456020818210803,16.428180969631715,84.7346570040475
,4.507644190928895,27.839387413880967,7.804171991464973,,12.014760640067973,14.213836918593595,16.44106552130587,84.83401753057062
37.065665088822726,4.422212509633029,28.11422658847939,7.8776564476889925,10.183880955747476,11.994767067911605,14.49824513572761,16.61610278198594,85.32318097186011
39.476356681535286,4.526746425897878,29.527856427506496,8.12831303702902,,12.076996349670358,14.602398556219448,16.546113264419173,85.80299491612315
,4.807197713903056,28.980733188029586,8.025047448178427,10.446251009025236,12.012451482921763,14.910779425810661,16.7754200178867,85.93576480350875
,,29.10083224011964,,10.420217569087106,,,,86.09174649807031
,,,,10.36195710868283,12.228121603691244,,,86.1911070245934
,,28.333755620856333,,10.401871040574344,12.156422711625503,,,86.29046755111654
,,31.04857851231678,,10.763849769591312,,,,86.3898280776396
,,30.414636287413547,,10.47479239080803,,,,86.56640730352763
,,30.01549229647126,,,12.33873014132314,,,86.78688281176031
34.68318589527057,4.334777323075733,29.189707615280952,8.089913942152942,10.657222743162135,12.438721490881623,14.875329349208906,16.853878927919947,87.03335694217692
39.78234006330106,4.535223300613064,30.194488365907514,8.20733108673745,10.568261851717642,12.541189336789481,15.167180392080013,17.241792906941544,87.27659712543785
34.44123097333063,4.310993650377379,29.410139433639625,8.11505419697727,10.51536715453152,12.58289451531171,14.941756765942165,17.14444233380542,87.37595765196095
36.031268354501854,4.3819732847626005,,8.275101988483627,10.539739037822299,12.595306077756097,15.1070278771948,17.217225039344605,87.48211440993067
41.771310461529225,,30.519132845701556,8.281228922837322,10.419450228452035,12.302171687248485,,16.962486333274537,87.58147493645377
28.63960886922648,,,8.492189604613731,,,,17.225277092195334,87.70671944279958
34.06205996582563,4.287248840955788,,8.303095077404073,,,,17.216444383270463,87.80607996932268
31.478826273938743,4.165142616877655,,7.916988244032055,,,,17.375333731066565,88.15217816780547
42.658875291224795,,,8.482689091846675,,,,,88.25153869432857
38.56084713769123,4.4871989043447975,,8.051187725188928,,,,17.467010694928554,88.35089922085164
34.23233643551213,4.300265548586638,,8.313692991681702,,,,17.337248197902664,88.45025974737476
30.00504408587315,4.0950984913260005,,7.9047003506235765,,,,17.43519296507413,88.67691351075322
43.19239571155133,4.661300589116547,,,,,,,88.82819750560357
43.66382785288554,4.682168782293334,32.631060717041,,10.889567824734094,13.006495686863921,15.454151524944782,,88.92755803212667
41.026616111288504,4.590282642848871,29.64312832399011,8.144856044467787,10.553714867616861,12.806250938920599,15.361896846463614,17.68268670042322,89.02691855864977
41.264570822251116,4.589644730876892,29.074136691572495,8.073611640408282,10.869023037528782,12.944577582273912,15.694002695118343,17.83611193110234,89.21883885214874
38.192056613373616,4.471875086208656,29.29986810300275,8.052232338292324,10.83937514545177,13.156868971494383,15.621765621262561,17.819114090972622,89.31819937867185
38.12451831247426,4.458545637842558,,8.29532629165943,10.973321307940205,13.166464447245529,15.419197925943873,17.9631179033721,89.59319748547972
34.40182400053732,4.304659439578749,30.152654074703637,,10.907906218070025,13.263216824296826,15.93303905471517,17.970721051729885,89.78618096386407
,4.047080718366648,29.910912258156856,8.231658960414668,11.006376665598781,13.314208077941867,15.557900465334885,18.037695641906637,89.88554149038717
31.12725460127891,4.153048438077951,29.788270429670185,,,13.250254473996549,15.990379404014101,18.203013830424926,89.98490201691025
27.072020875565016,3.973115871860933,30.33296138882104,,11.311038639786595,13.677049177984125,15.95731526816612,18.218550290587046,90.67066674656961
26.440216984902627,3.92422114492972,31.39136109853262,,11.413346677491441,13.682389665160262,15.724609841047664,17.92885704891746,90.77002727309271
23.12371678125065,3.7396518526529654,31.696678419371946,,11.252424696487592,13.867560079592888,15.788142071778054,18.384894058613856,90.8693877996158
18.304954801481593,3.442270640439829,31.63644668227029,,11.324428220484755,13.980928454301495,15.736119132310723,18.055200701133238,91.12345107088261
19.820727295465257,3.5547444080837427,31.969463006922737,,11.770684063799129,14.023745685345018,15.596337496869875,18.074621663628335,91.56408436710184
21.296142593047403,3.6628875949191193,36.52837928724492,,11.981368329406603,14.187128238311203,15.534765980006627,17.615828425750962,92.18040379482704
26.536668779730228,3.9702676646228467,37.75371819104552,,,14.113404742431454,,17.59939471127497,92.37005376236401
29.63126072285947,4.125086368737165,39.22950005565559,,11.813796251540042,14.250886628923501,15.674702190917976,17.590299593572496,92.46941428888712
23.087892538828118,3.7831354756187014,39.78907961655767,,,14.288874832380136,15.410037469258803,17.234845551637623,92.56877481541022
22.016169126095075,3.7162097242767738,37.54840730696684,,11.83914003528865,14.15103338872809,,17.605487279343517,92.77269614716616
27.657454859835735,4.027093887393958,37.43952326720748,,,14.101829387938716,15.516492192595834,17.434780248098214,92.88258659045236
31.642601629634996,4.21904756290853,37.38825538151506,,11.731967085061369,,15.546502861410868,17.43775686682579,92.98194711697548
35.666714846966876,4.402545075135697,38.00834562316176,,,14.002251788403443,15.425748661792866,17.314450359337997,93.30335120347813
36.97574813047646,4.463805441242723,39.52618938469032,,11.745061712042279,,15.415287973557001,17.540161628176588,93.40271173000123
29.278174859030205,4.101202333429955,39.70425181630017,,11.69430483158593,13.522874048183251,15.263278202534472,17.45489926426327,93.50207225652433
,3.9379601816983003,39.505951973487875,,11.884809395804194,13.99009446763773,,17.465877519317985,93.60143278304743
33.08934717351004,4.288101600360137,42.64590862254316,,11.89721999024239,13.861873012451127,15.467681760457813,17.68746633395318,93.70079330957053
,4.172691615446687,42.18396557959638,,11.803133025261483,13.884707820885836,15.322704934826051,17.623793036529225,93.80015383609366
29.450975620490365,4.107649215504746,44.05487566742778,10.20564092363682,11.732060907377178,13.864004501005864,15.280502313583709,17.559738247984775,93.89951436261673
39.34340712602691,4.54602914671255,44.00439580534721,10.220546310027597,11.824299135395608,13.89426493439851,15.42122082769866,17.621677397927673,93.99887488913983
43.33596095774704,4.6976363435402515,43.0644808024469,10.072333648618011,11.81064625397128,13.750730351293672,15.32815174660336,17.706437148460132,94.14289275454162
37.05235123585798,4.443025007458293,40.80042790002926,9.741297030407251,11.704739381070135,13.83095811759131,15.246252169004288,17.673369349239888,94.33108425281657
51.42636226376628,4.9800055632879445,40.41832959369508,9.641466444351636,11.842585951504608,13.645668522520115,,,94.45009904138345
61.467564934890376,,42.18667659104365,9.914989709031019,,13.654382379295635,15.227374365546252,17.949821226894016,94.89677337776476
51.62270929398322,4.9787668989136495,43.117220067230015,10.086241463426438,11.608908457350449,13.640760621415318,15.461908427235857,17.985273263467192,94.99613390428784
46.382387480941496,,42.593835032360765,,11.447078849510527,13.77118886734162,15.336490129748949,18.136273829913282,95.09549443081096
45.29723436726493,4.750557459905463,42.149106988893834,9.941292985935592,11.433067377164576,13.722664078364335,15.253159442736326,18.252502766618754,95.35779423252879
,4.990760754335151,42.20902949995367,,11.358169484559765,13.527172852077294,15.508075140419878,18.35286429396692,95.4571547590519
56.303325874762514,5.117331209037297,38.159058477145955,9.330880801170998,11.126674487626486,13.326726255187811,15.681432065500909,18.52477904287383,95.8730363691513
54.684536870032154,5.062238368101231,36.71878931049057,9.108545390849738,11.374946723070952,13.454807075947945,15.80341646824264,18.509334572381235,95.97239689567438
73.09524044944266,5.6037621822752355,40.17377783138333,9.69087571949769,11.354271332166958,13.579915807350138,15.866324082970227,18.709817709668123,96.38160431768414
60.46745171032762,5.249569665671895,40.62926110033226,9.71675330292376,,13.695636543175063,15.813791414150034,18.95936339525615,96.48096484420724
75.25839348976288,5.65935723980145,39.57523933880672,9.60489557668121,11.295793982265353,13.72108772097517,16.03477830269772,19.12218594248508,96.71748577257644
53.018734082984665,5.009195189064382,37.6922555064565,9.327049409878382,11.224507420403738,13.757920824883385,15.815469455303564,18.937823529257994,96.81684629909952
62.195500775495404,5.299809864932244,38.79989100623161,9.540370354260103,11.478230808728485,13.874480481977349,16.00999797057213,19.243845310514967,97.32118977525028
47.179857447738165,4.813405059173742,,9.54808344017786,11.368334988691565,13.501743602982078,16.20287467811025,19.074891348323305,97.42055030177336
46.81198994166845,4.791776035746616,38.89767512953671,9.510968612410823,11.311141299303344,13.998803517331268,,19.5669750037719,97.51991082829646
45.29126206835309,4.741304848960725,36.927542887555056,9.22145280755571,11.320100923757082,14.053289424773638,16.33565952515518,19.28486341202661,97.811361884037
61.93297248839682,,36.892143921765985,,11.534733906187416,14.207444189075966,16.271918361876157,19.186794306543213,97.9107224105601
62.93355623386727,,,9.160885916151823,11.479282860688357,13.938278854008635,16.365919318610334,19.28138035663388,98.01008293708318
58.335038097272175,5.180668038348786,35.2866118476209,8.94375056818297,11.419797511382418,14.459813528092923,16.529401361920065,19.12273022974875,98.10944346360627
62.28347318656923,5.303302297180256,38.08152943636293,9.461043423530029,11.700612365827551,,16.600680469813724,19.55126534220164,98.20880399012937
44.810091253072024,4.725063581241985,,9.455043701276653,11.572014000949725,14.405309570882949,16.739857555375508,,98.30816451665248
55.84185152614443,5.104189890730293,38.425265578009615,,11.744010211504731,14.42694788042072,16.622117717117902,19.726633881368087,98.4075250431756
50.04164204019926,4.910317393508935,37.76659717456142,,11.622943390823389,14.464469072069837,16.72199300893048,19.52243275927312,98.55455619345688
47.86880757382465,4.835115344556668,37.84560393162286,9.348820700577958,11.799126769835446,14.343205595490804,16.635440715276886,19.572340239950325,98.65391671997997
57.91729917455792,5.166892957480779,36.93180196445607,,11.850643185461527,,16.684163608328404,19.583954830400348,98.75327724650309
65.10151475053794,5.386652281306394,37.948552836895736,9.340579084908857,11.700469603611523,,16.89604281643392,,98.90529177995937
68.85327825649978,5.492306348297936,39.33074746431447,9.58933199575774,11.833693410120038,,16.788111586422083,19.730564140161185,99.00465230648247
,5.288341817768996,40.269090073113844,9.714559127596242,11.581951022407635,,16.864989110986237,19.822169966897125,99.1040128330056
51.6401274289008,4.964501101663901,41.961550078665425,9.944504915315855,11.786223976146493,,17.170855008204054,19.804215583243327,99.20337335952867
58.8897877224259,5.196655062828574,40.17699340079956,9.688818810087357,11.724747026140772,,16.81169600855418,19.735125456915863,99.30273388605175
59.44527974978246,5.219331950638775,38.48483579110298,9.428703978665355,11.740837432749043,,16.984269719653643,19.787450462146627,99.40209441257485
52.973843090088664,5.018699866323112,41.38144939834147,9.875243244770074,12.120350011391045,,17.11810589471421,20.022095033594915,99.50149650698742
47.23338068566259,4.811817930391365,37.412237768617075,9.286023034293143,11.941918795548563,,17.362970343098823,19.977838469633483,99.60099800349441
62.77176953689821,5.309373370219318,39.36505144798373,,11.96512094934233,,17.131136217477945,19.875661613551337,99.7005990014979
68.6213366050249,5.482029416378049,40.90716055824375,9.789478752159482,11.987224304338405,,17.0500608876672,20.234854736403715,99.8002996004994
,,,9.54268162296637,11.879556909790017,,17.281702783497387,20.077970796940253,99.9000999000999
69.5412518359428,5.501069349770684,41.50302146416884,9.841577647014846,11.88585986507312,,17.24865263180879,20.130632646419357,100.0
