X1,X2,X3,X4,time
0.20058711809871732,0.13172451994869755,-0.24030980414212555,-0.2942495837394251,0.03721450341270044
-0.01867646069288826,-0.060364630785858846,-0.21825734908656125,0.12378163119734618,0.6363632611285023
0.23929016332128272,0.03816093333195521,-0.0776227330463784,0.04215543840733376,0.8973966282451407
0.011048361081150924,0.01480432664769699,0.1180894088301701,-0.021360204907220178,1.0782641961706685
-0.09450916489281982,0.07041273260552074,0.1653585662751849,-0.021852233167031308,1.177624722693774
-0.0009174528964288684,-0.03774702912956838,0.0322531398434478,-0.0590213158510518,1.2769852492168796
0.03960344711930062,-0.08578494200056011,-0.0484495849266168,-0.09160640662331362,1.3763457757399853
-0.006474253097663039,-0.10282002355806898,-0.050375565509962666,-0.11939568100295204,1.7760796673218968
-0.09950238754212708,-0.021335650673187736,-0.029980344123505143,-0.002752214460259439,1.9583726014209597
-0.15397026813290174,-0.010843094511033652,0.008578668926955227,-0.07236232400557578,2.2026219049367115
-0.06465725479155902,-0.00028996850532048043,0.1687504797517759,0.010186299555133654,2.301982431459817
0.020774410445037562,0.3698478764859235,0.03666920933565544,0.1919868041963082,2.997381588270181
-0.05628128910310195,-0.08599568769399096,0.007262564385636783,-0.08298711760876906,3.3501397214713244
0.016802408441545007,-0.05797349290151678,0.07941437590475932,0.07524660636951362,3.44950024799443
-0.1175244322234783,-0.0038291364156093906,0.01638973327498127,-0.16604411219456128,3.548860774517536
0.07473723497112728,-0.05579719402221215,0.08369036491423876,-0.018605199559306992,3.6482213010406404
0.02143397805996162,0.11517358308320073,-0.12461910775689604,0.09008218892296904,3.747581827563747
0.04655727606214023,0.20964130301838743,0.08739041860249232,-0.028180452157128853,3.894847108204685
0.16807638150712817,0.03322418893517601,-0.12943006629660592,0.21314336391000865,4.006858270682891
-0.11847837556614949,-0.04495848601752989,0.019759508562581247,0.06703694198471535,4.106218797205996
0.10954621977953212,-0.1203352125703673,-0.07674681126314666,0.05933148669707759,4.294022760633662
0.012362200011151092,0.22508478709731689,-0.1179511484740656,0.025992160359993285,4.393383287156767
0.0589961101143901,-0.11695172969149314,0.048365931264257395,0.027516649016605367,4.492743813679871
0.020291941122368515,-0.018390248465936843,-0.2206960503130735,-0.036479614513614735,4.592104340202977
0.06446199244604349,0.00803357571095805,-0.0800094312742173,-0.00699530745514411,4.713339171255307
-0.021046202042772945,0.07154108920918895,-0.08043418113827361,0.2553880498898764,5.019784050773622
0.2676989282776346,0.16095766487378388,0.004575548454406012,-0.09535826075702082,5.119144577296727
-0.025411960327831613,0.01464252490640833,-0.11271381498319356,0.11018952230977463,5.263002981896065
-0.2891262754525641,-0.07739429088469647,-0.07151782055119922,0.12726624515452217,5.441928769272742
-0.1199561060915794,0.07511116424365849,0.10814437736804644,-0.01956640170471122,5.541289295795848
0.10666976821785308,-0.12160279573163356,0.09266476296593584,-0.027363220635722527,5.727996169308321
0.08690368293321776,0.17315419873590054,0.13365366106501136,0.018352605815249154,5.827356695831425
-0.12261375003693548,0.1134000181489046,0.3488729384794691,0.07792377624943507,5.92671722235453
0.021088758075776357,-0.06132357960051338,0.09082162585245532,-0.3779506781163313,6.521670066505488
0.18845806642413393,-0.23404391670088456,-0.10862405860233393,0.06475037491569648,7.193183943183628
-0.09232257529662057,-0.001368680450177327,-0.08129451307704573,0.2157565573953832,7.5206914918439844
-0.04019324594953218,0.014183620821466333,0.2560086387505963,-0.0007268792723841688,7.62005201836709
-0.06063569422314801,0.021884009273282087,-0.023523875107433076,-0.16085814449353372,7.7194125448901945
0.1020795191659859,-0.1333684240609891,0.053749497255991964,0.1219933452263835,7.948069177075475
0.07171652671326431,-0.268117067714859,0.02808856214377779,-0.05156627979712659,8.063096355827449
-0.2601503106334806,0.022252848509367727,-0.07065895102187963,-0.14132117122592078,8.162456882350552
-0.018345105985582207,0.029242880781213197,0.1481151078164356,0.028965989909503793,8.298269927479362
0.012897960665124074,0.10804584371438884,0.14478797441985788,0.14353980107684772,8.397630454002469
-0.05037159459474571,-0.06980739945444357,-0.20864127768538687,-0.33308487134781883,8.875419114019596
0.029455912885145735,-0.09658174883869879,0.40569881925080853,-0.07688709156979578,8.974779640542703
0.08198493592683365,0.013745747119431773,-0.1884383004942885,0.27902802798218745,9.190564347485141
0.10180573745752317,-0.06944701604255847,-0.0795787726273499,0.04777588002414477,9.289924874008248
0.03735936455411209,0.021379458028948077,0.02872662532179215,-0.02000615971585133,9.435889134652182
-0.0037552895677520916,0.022626360864603443,0.10521944309660547,-0.03461501978507325,9.593301774312861
0.05105038088895197,0.044920276817605534,0.0839132875436447,0.07299842315142942,9.692662300835968
-0.012455471305728882,0.10315445610777745,0.11144304546387154,-0.08104203175149684,10.388645758019893
-0.1335300484825396,0.07835122231740083,0.07385233405317013,0.008652668542356386,10.684342590463066
-0.2003161238939499,0.01958970502703214,-0.036489138198062286,0.03214246945342628,11.239577118752191
-0.055843332282474026,-0.011051294571769912,0.036504319336009845,0.5258697954826775,11.68356318637104
0.03840569589862528,-0.06001884104815517,0.029329333012496853,-0.11891487514036454,11.862662926981573
0.15760773793032393,-0.07741455453442232,-0.05837652175076713,-0.2772617472932034,12.363944160829769
0.07418729469288184,0.030116502473877177,-0.10769066075729405,-0.2728875316844481,12.463304687352874
-0.20510325880581065,0.018928170664015885,-0.05872431533196826,0.09662606071108004,12.56266521387598
0.05627376589410236,0.1308632159086185,-0.1560224232248625,0.08225151537830816,12.662025740399084
0.017975315337153776,-0.11480190535589174,0.15037355843134578,0.009816641065152225,12.76138626692219
-0.09732270317661157,-0.08425108030286606,0.18126841704576302,0.06546022480016311,12.860746793445296
0.05983467879137864,0.09928053132626967,0.07404560281202431,0.10984757557198863,12.960107319968403
0.2251319051839744,-0.20979643658465622,-0.06610072117983803,-0.11186048179397819,13.308186176737827
0.012992165811708537,-0.056059208791709496,0.00654819618740278,0.4924434523452928,13.407546703260932
0.06652698573602293,-0.014825089973189428,0.04021534644068132,-0.028935108686921555,13.506907229784037
0.162472711734515,-0.045403244060090796,-0.05873798858576183,0.03309108782103791,13.661326723701542
-0.10169923167586038,0.04006553557054412,0.28971457630887393,-0.10158164174294573,13.760687250224649
-0.11176476149922175,0.0006111580636765264,0.11611623241983388,-0.05951380110345413,14.081040911524088
-0.03449906545852199,0.11127116418563425,-0.00934473797607812,-0.1257135389879919,14.180401438047195
0.025837945835175423,0.1334125418352582,0.03884980858757516,0.04330171109848481,15.036974819353448
0.07328722656751796,-0.007618865722670863,0.3870056083648659,0.26643261258724193,15.327103486099409
0.12217337024323158,-0.23649714193445526,-0.047497022467148695,0.052822016559334765,15.426464012622516
-0.052428628695363834,0.15770437037552798,0.2201965403878127,0.021910187179217652,15.52582453914562
-0.02283735732585009,0.05056635043235759,-0.1539513747849004,0.04166609688973858,15.85760906543181
0.142454482034059,0.049302383162976735,-0.041867584309840555,0.04095529988364329,16.09813978906371
-0.04283259672443286,-0.03054558513574862,-0.02241079432233391,0.04971331836952703,16.353934165665592
-0.020754914316116653,0.12985722724412835,-0.0688099961220508,-0.003794129194868195,16.642737304352078
0.10363692574766828,0.058734200997039535,0.2802376571500131,-0.3306811269641023,16.742097830875185
0.01042947625306093,-0.0048388681200572485,-0.055442588348676554,-0.04822297070890558,16.841458357398285
-0.09964961160701272,0.06853859455210094,-0.10135949268688103,0.005271423534282814,16.9408188839214
-0.24302498455527322,0.058331119469037344,0.2398576224323785,0.13889655427074155,17.331042755178398
0.08306293674300444,-0.04259475377772848,-0.12282416503892937,-0.06680800850623361,17.5221775588972
-0.08266015441421382,0.048241574734376784,-0.3043608239415447,0.048164836528486896,17.621538085420312
-0.013981410358417245,0.06165330074116382,-0.018806887178959446,0.4193892485099651,17.720898611943415
-0.03789067657857003,0.007432617334876605,-0.1973160120750181,0.01865179992608164,17.82025913846652
0.033776999806099973,0.041502306702587706,-0.1987899826039869,0.04083351750562165,17.91961966498963
-0.09101446643126633,0.019290461701758126,-0.16138017372984156,-0.09170843346504119,18.176901283113516
0.004806293503281772,0.0362048349481007,-0.1706566091517154,0.07173064688855468,18.376398613319584
-0.0785965985589636,-0.002422546094174251,0.022466614805417676,0.003191882262859352,18.805349506536324
0.13681747774531067,0.0947879724139947,0.08762314785342007,-0.04952911273724292,18.93060518901667
0.009463927596933359,0.12889736091189508,0.10858996280538287,-0.001077327679366593,19.029965715539777
-0.28989788460464827,-0.1272726966408471,-0.06087129708051738,0.0151113141539649,19.275303172161927
0.027878083265034406,0.036836560318946825,-0.10658160063964736,-0.1887917046603837,19.556071120960286
0.06529190618616453,-0.20486994197136826,0.03438883082670423,0.5229834664985615,19.717618769220728
-0.030581207282703606,-0.018488098673762533,0.1078392990316541,0.06316061111156636,20.006744095966955
-0.37124045645491316,0.042669194864946206,0.30618837015424066,0.09346635599351596,20.140139710973024
-0.12027420952659063,-0.015052660755274241,-0.0027227834805167253,-0.004681413240971706,20.285183383558874
-0.05932808565400231,0.14261504996837643,-0.24729242060123374,0.16295529380775967,20.39463586194949
-0.118625078381602,0.0644126979232445,0.004667673213398798,0.07915478573836936,20.493996388472596
-0.1322278857328706,-0.07881534146501991,-0.10515100407412294,-0.031234558769926514,20.59335691499571
-0.08080983996350176,-0.141556374131168,-0.13390741238888193,0.15374983656486024,20.692717441518813
0.020199871475877314,0.07392630329231276,0.006291208951483983,0.04105384832407075,20.892192497044046
-0.1026460137440243,-0.06772934478641919,-0.13753937602170338,-0.10594978313082205,20.99155302356715
0.11669235693845802,0.061073035930502534,-0.02433467872398271,0.0390762585711581,21.13179542232765
0.045218524769612654,0.11456144196836567,0.06271399409241668,0.012229972981348083,21.60220800014045
-0.11388006023394368,-0.006820237878072722,0.1305580686537445,-0.06724779859317669,21.70156852666356
0.03012720937782041,-0.09662354419780865,0.16948054330531587,0.08434779817898924,21.80569499290136
-0.040328031953004065,0.07344513975210541,-0.04851680588344764,0.045195411420424436,22.08369830792852
0.15118668082313874,-0.503870449628545,0.027737502061843947,-0.033883338871568844,22.183058834451625
0.013080333336160198,0.019161294455643338,0.046648782667581594,0.0943821251418285,22.28241936097473
-0.017012850217098814,0.003745675971713513,-0.009516745498484858,0.0959371083973517,22.381779887497842
0.034708241182924794,0.08535337809562492,-0.0903340476518233,0.18581584417371946,22.481140414020942
-0.0329126970608815,0.21561295760940632,-0.06558619363884145,-0.014860966328828192,23.00719951905384
-0.011927784364525617,0.06272710671431872,0.0018256708061560952,-0.11435735108134527,23.332911976684333
0.16756844505944912,-0.02036637509552885,-0.059012552021555656,0.07341731871067696,23.53056293398088
-0.3124989118447183,0.04073186441610349,0.07382217761197374,0.01984136391700108,23.934632197533517
-0.0013569213992185563,-0.12379402814471281,0.028800576811131972,-0.11124428798630726,24.25440046130855
0.025357281868263203,0.1151125769102677,-0.10125484396767946,0.03058187746083042,24.353760987831652
0.039440615439531576,0.09346924713669526,-0.2083053068891549,0.002693072073345646,24.7917874224899
0.07216767169840743,0.01697166555986526,-0.04130807731341672,0.14108027000649087,24.943488793530914
-0.15503291751995274,0.03813558343250108,-0.017793892498098735,-0.026944326779694376,25.266096109182726
0.09080744159090348,-0.02323185861007413,0.18738750635384085,0.012842867068230715,25.708755131393215
-0.03293736292972279,0.036748138760054866,-0.1710647327137766,0.1507546273569199,25.808115657916314
-0.061435491541422915,-0.3574972406407586,0.012748563017916749,0.007697291271927127,25.907476184439428
0.05512291703879641,-0.03763112952014184,0.020715157028216004,0.10514017040197306,26.00683671096253
-0.15815327523002984,-0.07340062653007795,-0.12548855566831105,-0.034195901172323226,26.1158026768328
0.038301125648016895,-0.13289851394047042,0.04406713290034205,-0.042286657985740904,26.44948325920911
0.05003165516715683,-0.04690779200163552,0.08966633675709662,-0.08513194819761025,26.834825936240737
0.04673518244942698,0.17082280674774566,0.041835153109707875,0.013250274789119804,26.93418646276384
-0.20382823434188285,0.1832943006446243,-0.052346032639889885,0.12674480312497977,27.073744047177005
-0.08471477097617804,-0.14856900104228926,0.052347916887997045,0.009115910670422325,27.17929707427645
0.09033800767925827,-0.16080902870371788,-0.10011229559982626,0.12254382673510442,27.278657600799562
-0.20133780893654205,0.10951428869743317,0.026828686814474673,0.11673387458046436,27.37801812732267
0.019006670761543464,-0.01101239093806632,0.07973946018000427,0.03318286000444888,27.477378653845772
-0.15656851134479885,-0.024355970466632893,-0.0020338989524764425,0.03639533841929375,28.039701492725584
0.017259216929624496,-0.23936195623041742,-0.12605952732016953,-0.05903580521834729,28.139062019248694
-0.3810559627548126,-0.41780573874514865,-0.07569875427188219,-0.13962672526031145,28.28218053584675
-0.1871947644950015,0.028393769984495314,-0.1475045237984437,-0.03696723983177054,28.519908619046095
0.17041754013588623,0.06240031892324969,0.024358402988882262,-0.011705222485410026,28.619269145569202
-0.14713827858117784,-0.026260521389604642,-0.005870296011074165,0.09694446608304479,29.318411877901582
-0.022068071429822936,-0.032308154968402336,0.021603260913213174,0.04960648321289898,29.95696440900963
-0.3753323802897513,-0.016812149989867634,-0.05274689013957171,-0.0027180959036184078,30.05632493553273
0.05160230979656571,-0.0864774745568248,0.09818578390783457,-0.05952343728460225,30.189446939047322
-0.04484215878889988,0.01879489525483261,-0.029613707971962805,0.02270500799568973,30.288807465570432
-0.08267966043049274,-0.29490590342352063,0.03661515449749673,0.07808780317109193,30.38816799209354
0.3837447756962526,0.16182137386477777,0.05019049557170804,-0.09168376980173469,30.48752851861664
-0.11388618535482266,-0.01020525463886299,0.0718548605149227,-0.008157057702416447,30.670507356266423
0.07083927701165797,-0.05347514751228841,0.11750198774210423,-0.023270090149011453,30.80643179526779
-0.011732108981887137,-0.04875888518153087,-0.06300575251916556,0.0868994607129875,30.905792321790898
-0.19748802418718234,0.033239917659210264,-0.10715285010918635,-0.018628125033654207,31.005152848314005
-0.004952515169811591,0.012442370305259437,-0.05256249019067033,0.2729394590583223,31.471699942510657
-0.051536221258991856,0.14114488915156373,0.22334844296214207,-0.1114528264477888,31.571060469033768
0.07439715420048666,-0.024908298556186263,0.0022817392918644316,-0.0015406737420014412,31.67042099555687
-0.08387149641158685,-0.1371185620500266,0.12313298393843967,-0.012970615709099265,31.80156269594159
-0.3264077328178922,-0.0001934624851792138,0.06688015613722277,0.060711930676095614,32.63024113810822
-0.04982418668885137,0.08758123382375767,0.10188018520202057,0.13698467760417468,32.729601664631325
-0.17085520249559005,0.07394425636114578,-0.18622710392080846,0.006189344641757723,32.94560111142396
0.08932657775985425,0.03173353100771334,-0.2275061483856076,-0.0810882507120177,33.22324408444271
-0.07938853574563857,-0.003854899611304124,-0.013402393775142817,-0.19308836138572308,33.322604610965826
-0.19327782411860214,0.04550384214411464,0.1812220261490648,0.057839877444530625,33.5748944409098
-0.05051794900506732,-0.12195257243423335,0.04698864933128077,-0.22037377365144925,33.6742549674329
-0.035764060763475165,-0.15840670615248867,0.08346110958419518,-0.05213397897811557,33.86811738886647
-0.17131448493779425,0.048936373453911816,-0.0010294223144241086,-0.02481281513350399,34.06262554768103
-0.04203476532537052,-0.1557175144545326,0.009006478747107248,0.020051337751132946,34.21131589207687
-0.1240172820122925,-0.22565570899636947,0.07671366672497626,-0.01795133259405339,34.31067641859996
0.02530755797712614,-0.05089563460680204,0.06751636547169289,0.03657882867653805,34.66090574250292
-0.012411020058456582,-0.21389055837498686,-0.15002990951247724,0.0070688623022752,34.760266269026026
-0.022657992368743368,0.0224721586223093,-0.25622881278627485,-0.0036067766599601797,34.85962679554913
-0.09418157136185604,-0.3316951117467674,0.08090926912209236,0.09543253087329151,34.95898732207224
0.020028394775622987,0.15686590809848008,-0.11637695646554609,-0.14671401822052116,35.13288673282914
-0.19358909232023194,0.15304942265906332,-0.07068221341910955,-0.0010188548483193172,35.353178143388305
-0.08746193309746232,-0.12522587851960662,-0.12361687483479228,0.08280099520564353,35.45253866991141
0.18416467231301684,-0.10001062659463951,0.0018582583663125166,0.1516414465195026,35.592362836620154
0.018360214290415632,0.21353821169265358,-0.1604947665669414,0.02784324205591527,35.69172336314326
0.25707343852511316,-0.08545058652854394,0.30685931490179774,0.45887907257822125,35.89408163538635
0.32983162632556706,-0.06845296914712178,0.08915954706654694,-0.057719061147620696,35.99344216190945
-0.06988284989438975,0.03540626464007429,0.04373537633845144,-0.09574847768352984,36.22309161960191
0.07209835850449822,-0.1650798745899468,-0.015096563742063116,-0.028687345084526757,36.32245214612501
-0.02219550978937254,0.0711037989145851,-0.05870606110923247,0.133429946552062,36.86284580728274
-0.08265718488317077,0.18211480060626248,-0.15722005771659228,0.07437595523141324,36.96220633380584
-0.03876230370175753,0.06966576617895837,0.011789873829463202,0.058564458210950965,37.06156686032896
-0.016228960076662698,-0.08190053420217493,0.02353005518362296,-0.09868994567718613,37.16092738685207
-0.039923749726922766,0.04914365870972368,0.044247810011023674,0.04049532028246224,37.666776462301115
-0.050293105688164835,-0.017668999165368172,0.005423862031985533,-0.048324379963290746,38.07514893950539
-0.011533190783186223,-0.11487057803206302,-0.041898560176751,0.055779211991312264,38.174509466028496
-0.17705466619574803,0.14276363297331623,0.05838470652496405,-0.1088368667223146,38.38404976873224
0.08289778692005159,-0.15743632431130192,0.0057704085627025715,-0.09196897402601936,38.71407700137464
0.0678490704547101,0.12852169831565682,-0.05640399210954048,0.10306562416188732,38.871047133381964
0.043950139604178366,0.000203360245143799,-0.023045846054376224,-0.11034610224292392,39.01728421298781
0.039529444899295704,0.27287142868208175,-0.22574732922156002,0.0592385123797172,39.1166447395109
-0.0470629286043837,0.13596037562014507,-0.04497683681082353,0.09113426186546157,39.21600526603402
-0.0364593410751964,-0.034218885480971066,0.02833818432176595,-0.03977802207013884,39.65884085561386
-0.21755312549798375,-0.028815426946514792,-0.11125576195301932,0.03366566889902604,40.1059782640076
0.02827863520032077,0.32746184864229516,-0.0962902324035822,0.01564427941808558,40.29950514717354
0.0904621439077207,-0.06004795573626993,-0.18459419938421423,0.008381414745077677,40.39886567369666
-0.07200625127472902,0.02046362987084056,0.036142768610077314,-0.050753144413740056,40.498226200219754
0.08886216822545745,0.13214011361024502,-0.10384509226276348,-0.15500588340610919,40.748868347858554
0.08663050277497322,-0.3448220942825401,0.019664032860302164,-0.0661076137225092,41.188764771895215
-0.16671174476299871,0.06878653949008087,0.17671884439294622,-0.012275313124802246,41.608898295652644
0.18527234261790249,-0.16057671217645808,-0.08997727994923706,0.07591898198500024,41.89929922923245
0.06524461933047655,-0.08075344755092546,-0.005255965733775257,-0.06462779745059437,42.0960676734475
0.06830396620353836,0.06702360845346453,0.017053641227437657,-0.19025625699311566,42.19542819997063
0.08555007031106249,-0.00956674703869901,0.031496056438543966,-0.06138191355385006,42.29478872649373
-0.05073420388084862,0.0008252385621223773,-0.21861170983543407,3.280148878889635e-05,42.73445055053865
-0.19225079499404216,0.09565784257794933,0.04727154139903378,0.14596020080238195,42.91284066231172
-0.033555096862319334,-0.020253372048485593,0.30038794857236906,0.12511144793453455,43.01220118883484
0.011288699889959303,0.001298844810284451,-0.08909169719845687,0.1270984455004467,43.11156171535793
-0.10152130367338069,0.05146702646716352,-0.07139850430955859,-0.1355332342655975,43.32065474195389
-0.12455201012174436,0.00702273502527749,0.004131780181020124,0.024553040841539364,43.420015268476995
0.11984115037775007,0.21037360121228513,0.06416571162670515,-0.1879605798276031,43.51937579500009
-0.03323570248050661,-0.12405175047938984,0.051061795175293835,-0.08597423866085059,43.67259194451828
0.03061331831046298,0.04814533362768153,0.31472199548791613,-0.3878242841616311,43.8994509641086
-0.008257631393013365,-0.07055586831965169,0.13114290322201938,0.14514410140731845,44.1027006855975
0.2751411585241062,0.010961811800489505,0.04791336366852497,-0.1906776451504666,44.20206121212061
-0.01378183363649086,-0.19777727542488355,-0.030206470495567156,-0.00740391559222936,44.442254590887785
0.0964082804233027,0.0791556841003331,0.010185511226498979,-0.0006350844038900863,44.541615117410885
0.02933929898915846,0.06653676336478496,-0.10596920037927152,-0.07524790851600553,44.64097564393399
0.03584855921970221,-0.1128012464753398,-0.004137235945365235,0.059026951164692865,44.906328254791916
-0.029148912675617974,-0.14055156690148393,0.05267238879817503,0.09044291599495853,45.10884647189355
-0.04174181739608908,-0.060967255148989395,-0.0951923652648799,0.055537536776021065,45.474119766503826
0.05637280865607115,0.053451260231140246,-0.0696053526207481,-0.014325723338447022,45.68039179083757
0.044578328912054314,-0.15502680560216792,0.010168194581155846,-0.04255331570176826,45.84201792526409
0.24105034481979415,0.5365534720823641,-0.05067855409676608,-0.25126402634315087,45.94137845178719
-0.06858044099004905,0.14316769583743041,0.10847567066561237,0.02922806373184557,46.04073897831031
0.021917139473174724,0.1031414493642998,0.07208972222751048,-0.011468898506712004,46.14009950483341
0.04002188297935448,-0.22024707527256288,0.06321337443561462,0.04350936689006645,46.239460031356515
-0.05437568440595661,-0.11514410167268421,0.038065140962274924,0.1345480293323914,46.93978750636947
-0.030018433985338495,0.09347919730890238,0.2549236229922385,0.008197542735285833,47.03914803289258
-0.017153649395793422,-0.20686110097899385,0.17564192541592183,-0.016419116417224457,47.46734758159789
-0.10888253072952257,0.1022130466749483,0.5475336175301556,-0.28118086287205096,47.65832489430469
-0.19513861153815812,0.003564817959177305,-0.07791509930268237,-0.006304114189660386,47.96161101489463
-0.005185782742774788,0.04976538061841045,0.08879765740431646,-0.06201267131031036,48.09506387075413
0.06477465340769879,-0.11480098893457232,-0.1774744418484833,-0.08315006145647102,48.25960226740366
-0.06025979847743868,0.006985927113197619,-0.17756625953959423,-0.09088569025594098,48.389420324932985
0.08842000944805228,0.13833178521261813,0.18327763618767962,0.007915958521409977,48.4887808514561
0.0026220957342615353,0.122920720382955,-0.026721644066962414,0.12805782500258506,48.734839192804024
-0.001623830141921329,0.03439150954476207,-0.0776775306974587,0.012037234430435698,48.834199719327124
0.10663251029964695,-0.05574971626138216,-0.03274627599876054,0.28305098010692226,48.93356024585023
0.08981940733947558,-0.022730766940488985,0.04473862951396852,-0.08186738799480596,49.13314494057192
0.05397167785808505,-0.03499800792523864,-0.06299533925576138,0.04583932956123088,49.232505467095
0.07376015064489384,-0.017542378010252928,-0.20819025157713497,-0.2113417797608024,49.776410526353764
0.03988343252965626,0.18515809117872392,0.0019913947513755443,0.0016155948893900925,50.365592810766586
-0.028414492995525727,0.028734080136217675,0.06746840876057683,-0.14957730543637932,50.83342034370197
0.08532494575123258,0.12708051754046257,-0.05345988355901999,0.014503708156618564,50.932780870225066
-0.005804959587838603,-0.2796298331505037,-0.06993008295820406,0.07470237714077631,51.03214139674817
-0.05662888934050164,-0.04408688765162468,-0.38727623222621527,0.056589408175390425,51.531633916965774
-0.027890301781251882,0.1556019415835581,0.20820210869489758,-0.09902133083033557,51.63688351864541
-0.07064056625318378,0.007020995649304475,0.039794371131392545,-0.29891912985671004,52.27838774904849
0.16830450742124708,0.1710427203519057,-0.04570648925949789,0.04939226855919628,52.897505818682134
0.12256350778470848,-0.025258715088854588,0.035928721372867366,-0.044020272510982596,53.25243646680006
0.05405271346343003,0.1992448962472261,0.12847556842017815,-0.07754999594199644,53.35179699332318
-0.10150235601781726,0.3251571210736022,-0.07142549913092629,-0.19356103298568622,53.45115751984626
-0.034531423354517414,0.2107883927202313,0.06721900849233431,0.3441085978004172,53.80375751476143
-0.04122764099247165,0.01822857301688635,-0.029083189825214316,0.10673399880126354,53.90311804128453
0.11708459297835826,-0.08018107200405042,-0.02378747861092766,0.0984985006499226,54.00247856780764
-0.0048402560709007265,-0.020226097196471976,-0.11268409594235844,0.03781389063525813,54.1531296760071
0.0525633557323951,-0.18352706510271857,-0.03425679573610415,0.015703153116551394,54.66287892099728
-0.01831097503807537,0.043683878862735295,0.05144002012903527,-0.19576619304965867,54.881920496816846
0.0015740459404654176,-0.05213938854357442,-0.14913905381474873,-0.08120480463139343,55.037064877206305
0.043917117832359714,-0.014647737892393183,0.06606049801228371,0.10537140417473846,55.13642540372942
-0.1967054666689815,-0.0019388719231267745,0.0036732308002175394,-0.04821508461145844,55.31231399908194
0.045446816649995427,0.09438568020489321,-0.0797595772826129,0.13761975332014056,56.16205189075546
0.21435527615602398,0.10896953304840895,0.028641237518301856,0.03665808501321487,56.26141241727855
-0.17803110718107298,-0.022144935516899583,-0.1604680093566263,0.025663714179955784,56.39425503907244
-0.20474001612011425,-0.24637996242000862,-0.01159268234156342,0.08188908395349681,56.77632871905033
-0.008888853475514194,0.00929542180735998,-0.17165232424229043,0.06475902810093356,57.02096755085519
-0.007919469926940193,-0.07053297273592521,0.11577235500132316,0.20766170181250032,57.23702133097192
-0.2859401860561632,-0.10907148889605534,0.018666672463212384,0.09440256038277257,57.45618785959415
-0.2546045632004918,-0.17507834727691726,-0.03890476392604289,0.015821028492994115,57.55554838611728
0.044534890073348106,-0.07513899033704885,0.04632438425021615,0.10462740609764638,57.65490891264037
0.13499361463382298,0.09001355351175959,-0.006020163298040348,0.04348914981225929,57.95543859714953
0.10405726409412758,0.011932184325015043,0.12195904591664425,-0.33840141393772705,58.25582043189655
0.1329503652484558,-0.0632373111815837,-0.10192958925542511,0.3204398523647299,58.61962413191321
-0.014031270042058517,-0.05633184412651295,0.07899978105377418,-0.07486788835711425,59.05837241510765
-0.0006322496631699318,-0.09691504446811165,-0.04095321907177931,-0.0027656867056369662,59.18607197258804
-0.09218344956473833,0.19301419833593564,-0.12791924432078894,0.018997201256856357,59.310377873186745
-0.1234902282649075,0.061022285456043615,-0.05331343198824822,0.005228490497923151,59.596620206981534
0.039516161277261236,0.031971406262150406,0.061288078356290576,-0.340567429494109,59.78379926954694
-0.15739622855565313,-0.02068196227470511,0.06380481879547478,0.08582913109229215,59.999608426496316
0.11710573124384195,0.0146509661952363,0.010542138910571397,-0.027058808506636035,60.28254743572866
0.2268817323422228,0.4726293759006165,0.16292236931675982,-0.24535242758096923,60.67462807503664
-0.13575272319086548,0.025040164233920713,0.0499614381821942,0.05471504060103385,60.773988601559736
0.12329844138687066,-0.08556094724275648,-0.11359269013210399,0.2651030985150418,60.87334912808285
0.023852748509469106,0.10295147652023226,-0.2486467471603636,0.012494117656181794,60.97270965460595
-0.004695640385745635,0.07595468355142906,0.05176000499804228,0.01659025690827136,61.126156782083626
0.0718800017202875,0.00893691759067176,-0.08141420705348446,0.20740805550954058,61.225517308606726
-0.059281797185322796,-0.015759411596544017,0.5403756928840827,-0.010008008130448443,61.33717927936746
0.05241244334928373,-0.207655981706186,-0.0550415279403096,0.21287533456220298,61.47682932011148
-0.13558299451262926,0.06320141799481914,-0.16686548400048326,0.06325425816915013,61.576189846634584
0.026190408707963887,0.11105185325718789,0.024258443396800274,0.17018069510573128,61.73621502381038
0.11375229231074317,-0.13024556731468517,0.05839177879651884,0.14959807688728943,61.83557555033347
0.042241206454254956,-0.0036397717823137433,0.08768825295152288,0.23592555693486844,61.93493607685658
-0.048271485933273676,-0.21921402752664773,0.2088710956140254,0.16661131322891248,62.24609951961616
0.09272680086719648,0.054908715963698215,0.10951157267379551,0.10684017863676336,62.345460046139266
0.018444537725423506,-0.0864244775950481,-0.2125177113312692,0.02385624709036744,62.44482057266238
-0.09029332914705356,-0.02209622969244142,-0.038596174399899104,-0.02228498796159913,62.577834810048465
0.141151184767007,0.012748144953889163,0.27102332382191174,-0.23281843538415375,62.84282308024525
-0.040685907040014714,0.03522888929383876,-0.04544291156097682,0.005821220629877262,62.94218360676836
0.09778242335192608,-0.0014734172067397966,0.012691600817824063,-0.298653494589037,63.11800480721872
-0.07288525019349525,0.06711223369351572,-0.08927269664267412,0.09537467161727216,63.21736533374183
0.42230130027368057,-0.07306960288356958,0.1422094187800545,0.10866180419118857,63.31672586026493
0.050175157195142296,0.019436451031843965,0.11266317911632975,0.09612420212650408,63.45400183401613
0.515926661876956,-0.21787398635682698,0.06474494116470605,-0.24799901710906566,63.59507284672585
-0.05278369316749415,-0.11613042421897088,0.02207281163274985,0.060976217845140526,63.779262654374136
0.06797107574646648,0.013818191835690156,-0.060240254578187116,0.11595934276432746,64.01434598850035
0.02214531631963543,0.0038685198981299853,0.010725320451449853,-0.4336754259758922,64.6892871077845
-0.16985127057824598,0.012342329915254002,0.016550998764076136,-0.12979903258585826,64.81908820716623
0.09693471414642484,-0.015123770100007265,0.025302096543016676,0.09052435923485562,64.9184487336893
-0.011368572324168779,-0.10643143436308086,0.21937111670100373,0.14034626972810146,65.20289257596562
0.161599962206169,-0.3067635961209089,0.10821657109113747,0.06276117366051408,65.30225310248872
-0.06505304149433765,-0.06736544999162739,-0.12281914857585953,0.12901319767649289,65.40585898530395
0.3065963187749442,0.03793216301033872,-0.13408513735056576,-0.049928056944466274,65.50521951182706
0.019071877444656823,-0.08375158059043121,0.0016705517391687194,-0.04706738543278576,65.60458003835015
0.17101405906205797,-0.03004693884912601,0.07123168109947206,-0.0633376506416243,66.19799512265452
-0.06978848182371641,-0.016734711720277046,0.10363720608294602,0.14633257461858443,66.52030776349515
-0.04105832924125909,0.0033381318051985812,0.03448472128068124,0.009448200584570153,66.73166434625011
0.1201387677005168,-0.04650943879674752,0.13235233870085028,-0.1322004856527352,66.83102487277321
0.0007456144821491395,0.12015451991936789,-0.026486953815954166,-0.013806690831011199,66.93038539929633
0.10904099538920432,0.05951733068559182,0.13205987355815058,0.11365109211025874,67.02974592581943
-0.2097342574093219,0.25638911515114715,0.04470163629211143,0.030904534942578204,67.12910645234251
-0.04456597195263555,0.14045221094797286,-0.037350047633189554,0.007553035700223634,67.27178253064388
-0.018489016414663967,-0.016496227941117225,0.08682622525425959,-0.08279894901130531,67.49655598763043
0.11297994726947139,0.47866538302495987,-0.001935993177856088,0.1846226851191229,67.68977880953501
-0.013774464355846738,0.054389628518952474,0.03261934816282959,-0.03591633234455466,67.78913933605813
0.04326078815440556,0.0021140316282067502,0.14189633650941577,-0.1968448802745357,68.34488606957214
0.1031946048414834,0.42126705830382954,0.1348637144258332,-0.1631443105547387,68.58220311180435
-0.6721460634001,-0.043053099873718415,0.10218529028212604,-0.07564588392035844,68.72516850929718
-0.17738211864385114,-0.11971183306156355,-0.21163645689499763,-0.005944687661991828,68.89269441798409
0.05563173887746324,0.24492808497520635,0.023994536436325434,0.129705844776525,68.9920549445072
-0.016388904254665014,-0.010561289442358325,-0.09933546660100405,-0.0010735218289329856,69.0914154710303
0.012522400950327976,0.08125258589280923,-0.02505042872528579,0.09395402181205771,69.19077599755339
-0.0382223328055407,-0.01218463743368743,0.0830177726579773,-0.15255054580685298,69.44394873451603
-0.19741772902242716,-0.03804316389258235,-0.046264673947925286,0.031687234126930086,69.54330926103913
-0.050781157430029186,-0.028963185365362885,0.023419840025995876,0.04982351603653794,69.64266978756226
-0.2972490619357436,0.04846083254831105,0.14639637231355337,-0.219024239594054,69.74203031408534
-0.1375595496435537,-0.07876930389991448,0.1912920596789194,-0.02119572117552786,69.84139084060844
-0.10523193109681576,0.11058961711997388,-0.04218931239900068,-0.007460064104561799,70.18953719296698
0.0802734008050573,0.1828070346306449,-0.016155672278462978,-0.03321031426326509,70.40719941325408
-0.037943813535561054,-0.01414851009346763,0.11968166975129206,-0.02918176650123752,70.52208060228625
-0.021114516591591477,0.04277462523315569,-0.00866044856877733,0.07166927590506329,70.62144112880932
-0.0010059176750514954,-0.07962130377317675,0.10211917402068871,0.05786672276118196,70.74295680124573
-0.1367330315045012,-0.08866038374393954,-0.6049150413944867,-0.25281636990174583,70.85840805660311
0.06224858428032585,0.02035393635190406,0.3013210184935193,0.016274344548234163,70.95776858312618
-0.01956541675523407,0.10431745438351864,0.03843284701817219,-0.038453502369179646,71.06068771891373
0.011385244201981386,-0.1006647667661871,-0.09081730034946808,-0.08592187770701254,71.16004824543684
-0.05339895624171311,-0.22228482656908732,0.0671040931583628,-0.14066293515385242,71.3341129563215
0.07487033486246257,0.1879178738226099,0.07446707335800865,0.020297152028797033,71.51757941677455
0.318861510477618,0.09560121634175826,-0.08801582194821324,-0.17720294506661463,71.61693994329764
0.0912286010969044,-0.2594842687034033,-0.005173539251393428,0.003558620250241986,71.71630046982077
0.025929208975711295,-0.003112319241392685,-0.003288656188503925,-0.01387888564850289,71.89628543402213
0.010165150428660081,-0.1405530608077708,0.11107873318429272,0.045286166670757716,72.02434925904637
-0.051218178864649695,-0.03711732824004761,-0.03894294665287284,-0.142342431117583,72.38051753276106
-0.006685493287400213,0.08066781179001448,0.07362282725857507,-0.05727322628534298,72.57648259221105
-0.0316316779195891,0.12222726712755336,-0.1615840194311074,0.0036486044063446157,72.67584311873414
-0.07364966420855248,0.019751212468268838,0.019906853040260207,0.07673301563127388,72.77520364525724
0.17235603121739518,0.07368263614074018,0.04441092703323743,-0.050749799529433495,72.96375668281986
0.003985781852751745,0.3484973215064492,-0.07311134727401282,-0.20049554531249883,73.06311720934295
0.13588918142765957,0.10922947916424759,-0.11705349963063384,0.20598690746064108,73.2251952005444
0.0916166609326998,0.1998731866773196,-0.08608087837440223,0.09524953485034837,73.74371565650803
0.0958543307600849,0.09084209414499216,0.13459342733414667,0.02641074899140363,73.89937547113344
-0.06928201533513308,-0.1508231656878251,-0.05110256759845108,-0.0031765765553740505,73.99873599765654
0.0958921976970935,-0.016810432014297914,0.0554902875653423,-0.10745353574444191,74.18681961237026
0.0009644207054560862,-0.03790055374792858,0.057151886934877195,0.020226458959651323,74.29863391700755
0.12943695073580694,-0.003041861495218187,-0.1983597617057348,0.011673238523229535,74.44293450672225
-0.05415875349613383,0.00549015461120231,0.0020002373620704155,-0.04527291866958194,74.96292931790207
-0.1541771278217216,-0.01606191166769805,-0.04841689943516697,0.0011900656725393156,75.06228984442517
0.06686049918931128,-0.3123525080931972,0.08512720346072368,-0.1254112518852091,75.65144807607938
-0.004503331288176998,-0.02287526815894066,0.16951487394396997,-0.24152162546555986,76.07171844213833
-0.056086487408367094,-0.049716072506934175,0.1065039840959525,0.6037592796843482,76.17107896866142
0.05009179149505108,-0.041394431917200825,-0.0812475948100978,-0.11260032609293227,76.27043949518453
0.1521843093853706,0.47272687838220495,-0.05452245484804172,-0.04817152711117475,76.36980002170765
0.010221636584397393,0.05140019174044356,-0.08297995988504936,0.39410052746521257,76.46916054823073
-7.316597358413869e-06,0.08957201732631406,0.017006101866644,-0.03394380537833207,76.56852107475385
0.03467038987211206,0.2197090764654895,0.04944844253120758,0.02068793159319525,76.77470345550387
-0.0422085456994509,0.2717414529353306,0.24975004920368274,-0.07024045619835402,76.87406398202697
0.08452345269884651,-0.22626400258779295,-0.2314465528869391,-0.025802565634098724,76.97342450855007
-0.011290588407752745,0.03268633441538785,0.341993229189521,-0.07228654457897232,77.30986763408585
-0.07728324629488394,0.15005016716362776,-0.27880813221717127,0.062346676777164836,77.40922816060896
-0.047869168932468585,-0.12939659328183648,-0.1053753778824682,-0.019534506846041494,77.71232350275662
-0.06047038454433919,0.07652674133014647,0.08676910676499967,0.12759895986323871,77.81168402927972
-0.04064862093899362,0.05223027855731454,0.07684792901790136,-0.04823373925287441,77.9110445558028
-0.1110815750081953,-0.11359754687568373,0.015912567318726388,-0.05933241151069513,78.12610813073996
-0.07641674363709948,-0.001536623743418334,-0.044173106821830455,-0.10077703931040445,78.30451308757243
0.09807737593843151,0.07727104523744775,0.023142097624763963,0.0354017650195609,78.68233640029194
-0.01278219934368161,-0.05340066537993019,0.01541367577784097,-0.12970855880638182,78.91911835857302
0.13775056212091955,0.10689075857208012,0.031636102658883725,-0.07760906789428464,79.208319100767
-0.06045210251347543,-0.14296687607653227,0.01578433511803953,0.05857078980664921,79.30767962729007
-0.054627618914181164,0.29765550279251873,0.3165126793699249,-0.20355635970811375,79.40704015381318
0.10844572788928578,0.08163759840329043,-0.008082263028977637,-0.03375048449985079,79.65445561647357
-0.03334328647733607,0.04543631949468213,0.040454255763466736,0.05926516620003881,79.9463556412513
0.01096332105500417,0.04227460346305494,-0.17634164019789617,-0.0711979383462988,80.76828190247686
-0.2264436200926681,0.12563042145644104,-0.011607929227505125,0.06805306944390169,80.86764242899999
-0.3345971478636659,-0.04042833761061611,0.019363984990274467,0.10191539032779516,80.9670029555231
-0.08824472571673088,-0.0348486353407876,-0.13191158543154516,0.12910303602366674,81.22450446449893
0.05754100996592127,0.115758668592395,-0.21529747900459534,0.09631667111322079,81.32386499102203
-0.07461726920938756,0.04248623001919355,0.1795369512281534,-0.08510926137955381,81.78253521946367
0.0399121979771712,0.030417899268661952,0.07202415037228489,-0.04658515876152483,82.11294046662412
0.17905880775127597,-0.061673214111475645,0.1574826027021587,0.04269182542984631,82.2123009931472
-0.09693655168863274,-0.04240500250524105,-0.11330271490220926,-0.1241729660981603,82.44595140252518
0.034887987851425384,0.011598914476438505,0.04839900666887385,0.11544881463535148,82.68118675077275
0.04648820145000186,0.09522389261510847,0.05092649713023661,0.049087037270995865,82.78054727729587
-0.02100655763294827,-0.046905957527117605,-0.08911061763598359,0.20638905248933698,83.17050264157645
0.030977829552262536,-0.0033568596475143002,-0.0653041692864055,0.058303860276361884,83.28675816264554
-0.04446471776093475,-0.1524783428642155,-0.32829760569340605,0.17201438015007872,83.57696964565342
0.13207863591593683,0.34216871413325384,0.26409592566264595,0.001654832977518087,83.67633017217652
-0.07493516411445723,-0.0012296623728908773,-0.11670955454415866,-0.05309443696547174,84.04924926634234
0.0021261456722658834,0.08248661396764359,-0.01854874641409564,-0.02815199026382203,84.14860979286546
0.08999885333372057,0.019895258568887225,0.14844609347560983,-0.015254275383576767,84.24797031938856
-0.04459916916124359,0.007827178380078218,-0.1100405821292563,-0.0818643190022275,84.63529647752445
-0.4203938533729528,-0.013165025666994148,0.05733032033100946,-0.010148050119376759,84.7346570040475
-0.016540558425472435,-0.06966421099777222,0.1330925042674779,0.04335500848173022,84.83401753057062
0.09204884696910684,-0.004971155332370037,0.08152442950187883,0.01899950992636411,85.32318097186011
0.03220090215252015,0.06465523350798913,-0.13373071672173265,0.06445896138507706,85.80299491612315
-0.056496857023731265,-0.012326776106080264,0.01435804884302807,-0.17600761864972064,85.93576480350875
0.08139134268289071,0.04265507873649214,0.09057264883620982,0.15394220393019087,86.09174649807031
0.1484242345267913,-0.057462279912149646,-0.10170989950454411,-0.07553065323724073,86.1911070245934
0.09546547924157238,0.028933320394660216,-0.2408123035648376,0.028914175266082656,86.29046755111654
0.007169376953580005,0.1616095441261614,0.17956998699214838,-0.1735940787378148,86.3898280776396
-0.22562935437517656,-0.11078418250665013,0.007814732238445435,0.0017181301770328988,86.56640730352763
-0.3627756734566177,0.011198236832326406,-0.0074936298891827464,0.051812327630620825,86.78688281176031
-0.11863286039587824,0.02566522733281079,-0.08994080110859948,0.2713229509988135,87.03335694217692
-0.008358641410958654,0.05200730641397408,-0.13088841995319933,0.07437883639185472,87.27659712543785
0.02877835606706335,-0.035548990907083945,0.08807608076258176,-0.07254263381805552,87.37595765196095
0.051560860642216606,0.030094352503161222,-0.15530113670284135,0.004754011285038844,87.48211440993067
-0.005783512990702753,0.0003707010913829682,0.12243853828366126,0.10904708806181568,87.58147493645377
-0.15256880813291154,-0.06664372916819919,0.22968450589425735,-0.049379486596917405,87.70671944279958
0.07819340909284567,0.27191418653985205,-0.026220813963693704,0.07412509791463746,87.80607996932268
0.14449249131247072,0.06636932430628417,-0.21374628852418795,-0.18558669675497244,88.15217816780547
0.07393731442781085,-0.1671577448970562,-0.07671361929688088,0.22003788621446732,88.25153869432857
-0.21906050742049812,-0.13444569764437378,-0.32079179537402985,0.6847341778536146,88.35089922085164
0.021908622977180582,-0.184688651647855,-0.32402453035506407,-0.15341887143638905,88.45025974737476
0.002817689609759374,0.028940104358719517,0.04639749431297633,0.224275787097321,88.67691351075322
-0.11625460881412479,-0.0500456475811422,0.013137922086197162,-0.014032578396505768,88.82819750560357
0.01925240723395468,-0.1067576390157386,-0.09208569865332919,-0.04487898458358007,88.92755803212667
0.08710470147112635,0.09683438390154331,0.10413409174921834,-0.11656843846518945,89.02691855864977
-0.05614320247562568,0.22931415821783568,0.024319591480104236,0.06697555858880509,89.21883885214874
-0.1134167618447795,-0.10875156952765684,-0.027928441485336238,0.06047171582386493,89.31819937867185
0.029095510619801687,0.1732159748030456,-0.048004552339623835,-0.10448118827940006,89.59319748547972
-0.10647361943462212,0.09103892737373838,0.06845472824997621,-0.1726524903456263,89.78618096386407
0.13073732932863547,-0.2184340540029298,-0.13788524399155627,0.11244905905487271,89.88554149038717
0.09832411650747921,0.011811247868567482,0.020527028907056905,0.03666164921359112,89.98490201691025
0.024109781823701385,0.01493296931951953,0.136427408470127,0.09937381054703477,90.67066674656961
0.060319732724900474,-0.04173319644375336,-0.06551806525760036,-0.012036455166821246,90.77002727309271
-0.032315837338571136,0.010556282794816518,0.043103785564397264,-0.06168112184107791,90.8693877996158
-0.02168296222270976,-0.032453202114556365,-0.1783329247374626,-0.09410655899424848,91.12345107088261
-0.10587852795020244,-0.08725196435351132,-0.005673180096055881,-0.084689022090363,91.56408436710184
-0.07341780056818215,0.0037187460660952753,-0.25884059986371427,0.017705994250444026,92.18040379482704
-0.07321792386990818,0.013870354065964942,-0.00919849470629952,0.019294857773184654,92.37005376236401
0.2829368663183309,0.1455333729170762,0.022468067535153843,0.0075462203546091166,92.46941428888712
0.16297654908326883,0.038342202667348585,0.07026299278479482,0.05025423491149353,92.56877481541022
-0.0897705960159639,-0.01718682978482166,-0.20439137276726682,0.15148764726178954,92.77269614716616
-0.09204583754941555,-0.0037675826233973097,-0.012313241211805222,0.19769985326534775,92.88258659045236
0.0790603898209206,0.22671369733793095,0.14411690538509597,0.009725901747992375,92.98194711697548
0.2774697511100377,0.003022612916609379,-0.18693658940593294,0.23458543963782513,93.30335120347813
-0.06210047261623069,0.057034131921814904,0.22916135165796325,-0.06078186980053051,93.40271173000123
0.05731839675702591,0.060652091054495524,0.003517212886360124,0.009374409833260617,93.50207225652433
-0.010182769188595892,-0.12466947909804749,0.02362982240114395,-0.03219378882234851,93.60143278304743
-0.09102380217030036,-0.006959634094064424,-0.00440018012592162,-0.049116062533372196,93.70079330957053
0.04592507977867436,-0.07623159214552026,0.11865681078872972,0.061537402556054686,93.80015383609366
0.012719343858118733,0.053647198464676506,0.10394599798917341,-0.039924661077461204,93.89951436261673
0.23020685416290126,-0.0809986326757667,0.009784802476658536,-0.17586523686260916,93.99887488913983
0.07519800600524361,0.05875899928240678,0.008128586674537681,-0.22248123474617726,94.14289275454162
0.050157663071152665,0.012829522577037324,-0.041357508430282304,-0.017335481937674816,94.33108425281657
-0.02919918499346118,-0.044118918472366236,-0.0017892169975239035,0.22850265947198378,94.45009904138345
-0.009653340888014731,-0.004128308311489015,-0.021045749401072233,0.12358731011324928,94.89677337776476
-0.028805330111297777,0.07720789803223456,0.24057883026322077,0.0829367588668129,94.99613390428784
0.03639062636142113,-0.029634728765973176,0.0015994622937748843,0.0599773849741232,95.09549443081096
-0.04184740643173324,0.05092607703510308,-0.013598217169854949,-0.1282403130210537,95.35779423252879
0.07504376837397614,0.08879400898918914,0.007448143334131869,0.1561557240355843,95.4571547590519
0.08206554177514733,-0.017903558389793035,-0.0681905861392033,-0.043043604955688874,95.8730363691513
0.12759539878911827,-0.07650695534059614,-0.1128895094847404,-0.13305516545372242,95.97239689567438
0.039332610251314404,-0.07245328900043646,0.15325941733411544,0.26286104380110703,96.38160431768414
0.0437966021727119,0.01494293926728622,0.01491619439277399,0.06980306635482557,96.48096484420724
-0.004391397087444442,0.10110683295253084,0.1994256718396463,-0.09143445309368371,96.71748577257644
-0.17221525033901003,-0.0013576427051644625,-0.0216022664913723,0.10859799485660952,96.81684629909952
0.2566528273513851,0.01898757347707957,-0.00654984871298242,-0.07305927292864886,97.32118977525028
0.058953473276540866,-0.1909402556052156,0.019898006762096628,-0.012945495007691411,97.42055030177336
0.026877451677705545,-0.05613357079942738,0.08850046403907683,-0.03332851623491923,97.51991082829646
0.06498205424703965,0.0451311391558299,0.4012390162813043,-0.22032336021236903,97.811361884037
0.10549211720667316,-0.001623536322252657,-0.021973428083756588,-0.045417477303686164,97.9107224105601
-0.013538513763993447,-0.044457508625256166,0.06527774406837948,-0.0157615868630637,98.01008293708318
-0.0036123039949510767,0.004294493776691256,0.30252615262268445,0.07502321365532467,98.10944346360627
-0.0856000056756963,-0.11485818870569314,0.08423372004551685,0.003375264699278783,98.20880399012937
-0.11260031333714646,0.22622002451123865,0.16985442981703364,0.018951999368661907,98.30816451665248
0.027981211845220687,-0.10023048465064022,0.017317958498821114,0.03119490871851345,98.4075250431756
0.08292608334892902,0.12051015262407347,0.07921240604058354,-0.08872464925741225,98.55455619345688
0.0022596862682721305,0.1617968311607762,0.19683211004531745,-0.024677436439871536,98.65391671997997
-0.2577618640499481,0.035673231355814614,-0.06323188348079581,-0.05855151702389027,98.75327724650309
0.038598617364535175,-0.10507254599844959,-0.01699829932589219,0.17413026813684437,98.90529177995937
-0.021020964601244557,0.03662554306971206,0.0504988846772695,0.012807822107740167,99.00465230648247
0.0013340044552017007,0.06605168246222883,0.09975815690704944,-0.07480832991665695,99.1040128330056
-0.0102855227675772,-0.04925474050350513,0.10192422954292707,-0.01628876260210098,99.20337335952867
-0.044467141574345594,-0.13447934056288355,0.11590845216539279,-0.03187377140549784,99.30273388605175
0.07360603114121445,0.1097843051685302,-0.19659463948011108,-0.25547494985889285,99.40209441257485
-0.01837248208525146,-0.27381212477852496,0.2261188411378876,-0.07310000183217578,99.50149650698742
0.06432223602703396,0.03747181620608662,0.1106532304036583,0.07628404398660174,99.60099800349441
-0.05549843599719962,-0.08062197627485372,0.002156971594040849,-0.060959546699161274,99.7005990014979
0.13179531723641427,0.02472287111177989,-0.0216939661413937,-0.11756826766623153,99.8002996004994
0.007993897426253305,-0.019760651021659314,0.08411382856900934,-0.023536647378134934,99.9000999000999
0.20483081791745347,-0.14495160066103924,0.005117663976126551,-0.14188853057391582,100.0
